Subject,Status,Grade,ActualNumberRatio,Response_converted
698a231eb1fe98dda75f2e9f,CP,adult,1.25,1
698a231eb1fe98dda75f2e9f,CP,adult,1.0333333333333334,1
698a231eb1fe98dda75f2e9f,CP,adult,1.033332857142857,0
698a231eb1fe98dda75f2e9f,CP,adult,1.05,0
698a231eb1fe98dda75f2e9f,CP,adult,1.033334,1
698a231eb1fe98dda75f2e9f,CP,adult,1.0499999999999998,1
698a231eb1fe98dda75f2e9f,CP,adult,1.333332857142857,1
698a231eb1fe98dda75f2e9f,CP,adult,1.02,0
698a231eb1fe98dda75f2e9f,CP,adult,1.5,1
698a231eb1fe98dda75f2e9f,CP,adult,1.333334,1
698a231eb1fe98dda75f2e9f,CP,adult,1.5,1
698a231eb1fe98dda75f2e9f,CP,adult,1.025,0
698a231eb1fe98dda75f2e9f,CP,adult,1.333332857142857,1
698a231eb1fe98dda75f2e9f,CP,adult,1.02,0
698a231eb1fe98dda75f2e9f,CP,adult,1.033332857142857,1
698a231eb1fe98dda75f2e9f,CP,adult,1.02,0
698a231eb1fe98dda75f2e9f,CP,adult,1.5,1
666a11d046107a56965a98f5,CP,adult,1.05,1
698a231eb1fe98dda75f2e9f,CP,adult,1.0499999999999998,1
698a231eb1fe98dda75f2e9f,CP,adult,1.5,1
666a11d046107a56965a98f5,CP,adult,1.02,0
698a231eb1fe98dda75f2e9f,CP,adult,1.025,0
5b0481d17ac6e4000107e12a,CP,adult,1.02,1
5b0481d17ac6e4000107e12a,CP,adult,1.05,1
698a231eb1fe98dda75f2e9f,CP,adult,1.02,0
666a11d046107a56965a98f5,CP,adult,1.02,1
5b0481d17ac6e4000107e12a,CP,adult,1.5,1
698a231eb1fe98dda75f2e9f,CP,adult,1.033334,1
5b0481d17ac6e4000107e12a,CP,adult,1.3333333333333333,0
666a11d046107a56965a98f5,CP,adult,1.02,0
698a231eb1fe98dda75f2e9f,CP,adult,1.0499999999999998,1
5b0481d17ac6e4000107e12a,CP,adult,1.02,0
698a231eb1fe98dda75f2e9f,CP,adult,1.05,1
5b0481d17ac6e4000107e12a,CP,adult,1.033334,0
666a11d046107a56965a98f5,CP,adult,1.5,1
5b0481d17ac6e4000107e12a,CP,adult,1.25,1
698a231eb1fe98dda75f2e9f,CP,adult,1.3333333333333333,1
666a11d046107a56965a98f5,CP,adult,1.05,1
66acf7e114ccc48c4f7f9594,CP,adult,1.02,1
5b0481d17ac6e4000107e12a,CP,adult,1.0333333333333334,1
666a11d046107a56965a98f5,CP,adult,1.02,0
5b0481d17ac6e4000107e12a,CP,adult,1.333334,1
666a11d046107a56965a98f5,CP,adult,1.05,1
698a231eb1fe98dda75f2e9f,CP,adult,1.05,1
5b0481d17ac6e4000107e12a,CP,adult,1.033334,0
69aa46338ec395be30313cc4,CP,adult,1.25,1
698a231eb1fe98dda75f2e9f,CP,adult,1.033332857142857,1
666a11d046107a56965a98f5,CP,adult,1.02,1
69aa46338ec395be30313cc4,CP,adult,1.025,0
698a231eb1fe98dda75f2e9f,CP,adult,1.025,0
666a11d046107a56965a98f5,CP,adult,1.02,1
66acf7e114ccc48c4f7f9594,CP,adult,1.02,1
5b0481d17ac6e4000107e12a,CP,adult,1.025,1
666a11d046107a56965a98f5,CP,adult,1.02,0
5b0481d17ac6e4000107e12a,CP,adult,1.02,0
698a231eb1fe98dda75f2e9f,CP,adult,1.25,1
66acf7e114ccc48c4f7f9594,CP,adult,1.5,1
5b0481d17ac6e4000107e12a,CP,adult,1.5,0
66acf7e114ccc48c4f7f9594,CP,adult,1.333332857142857,1
666a11d046107a56965a98f5,CP,adult,1.025,0
698a231eb1fe98dda75f2e9f,CP,adult,1.025,0
69aa46338ec395be30313cc4,CP,adult,1.0499999999999998,1
698a231eb1fe98dda75f2e9f,CP,adult,1.333332857142857,1
5b0481d17ac6e4000107e12a,CP,adult,1.02,0
5b0481d17ac6e4000107e12a,CP,adult,1.333332857142857,1
66acf7e114ccc48c4f7f9594,CP,adult,1.25,0
5b0481d17ac6e4000107e12a,CP,adult,1.025,0
66acf7e114ccc48c4f7f9594,CP,adult,1.025,1
5b0481d17ac6e4000107e12a,CP,adult,1.05,1
66acf7e114ccc48c4f7f9594,CP,adult,1.25,1
5b0481d17ac6e4000107e12a,CP,adult,1.25,1
66acf7e114ccc48c4f7f9594,CP,adult,1.05,1
5b0481d17ac6e4000107e12a,CP,adult,1.02,1
698a231eb1fe98dda75f2e9f,CP,adult,1.5,1
5b0481d17ac6e4000107e12a,CP,adult,1.25,0
5b0481d17ac6e4000107e12a,CP,adult,1.25,1
698a231eb1fe98dda75f2e9f,CP,adult,1.033334,1
5b0481d17ac6e4000107e12a,CP,adult,1.025,0
698a231eb1fe98dda75f2e9f,CP,adult,1.5,1
5b0481d17ac6e4000107e12a,CP,adult,1.5,1
666a11d046107a56965a98f5,CP,adult,1.025,0
5b0481d17ac6e4000107e12a,CP,adult,1.3333333333333333,1
69aa46338ec395be30313cc4,CP,adult,1.02,0
698a231eb1fe98dda75f2e9f,CP,adult,1.025,1
66acf7e114ccc48c4f7f9594,CP,adult,1.033334,1
698a231eb1fe98dda75f2e9f,CP,adult,1.3333333333333333,1
66acf7e114ccc48c4f7f9594,CP,adult,1.333332857142857,1
5b0481d17ac6e4000107e12a,CP,adult,1.0333333333333334,0
6111add3ae6abf5702a22d53,CP,adult,1.02,0
6111add3ae6abf5702a22d53,CP,adult,1.5,1
6111add3ae6abf5702a22d53,CP,adult,1.02,1
6111add3ae6abf5702a22d53,CP,adult,1.02,1
6111add3ae6abf5702a22d53,CP,adult,1.25,0
6111add3ae6abf5702a22d53,CP,adult,1.025,1
6111add3ae6abf5702a22d53,CP,adult,1.025,1
5b0481d17ac6e4000107e12a,CP,adult,1.05,1
698a231eb1fe98dda75f2e9f,CP,adult,1.02,1
66acf7e114ccc48c4f7f9594,CP,adult,1.0499999999999998,0
698a231eb1fe98dda75f2e9f,CP,adult,1.25,1
66acf7e114ccc48c4f7f9594,CP,adult,1.033334,1
5b0481d17ac6e4000107e12a,CP,adult,1.5,1
66acf7e114ccc48c4f7f9594,CP,adult,1.033334,1
666a11d046107a56965a98f5,CP,adult,1.02,1
66acf7e114ccc48c4f7f9594,CP,adult,1.02,1
5b0481d17ac6e4000107e12a,CP,adult,1.25,1
5b0481d17ac6e4000107e12a,CP,adult,1.025,0
66acf7e114ccc48c4f7f9594,CP,adult,1.025,1
5b0481d17ac6e4000107e12a,CP,adult,1.5,1
698a231eb1fe98dda75f2e9f,CP,adult,1.025,1
69aa46338ec395be30313cc4,CP,adult,1.05,1
698a231eb1fe98dda75f2e9f,CP,adult,1.25,1
66acf7e114ccc48c4f7f9594,CP,adult,1.05,1
69aa46338ec395be30313cc4,CP,adult,1.333334,1
5b0481d17ac6e4000107e12a,CP,adult,1.0499999999999998,1
666a11d046107a56965a98f5,CP,adult,1.0499999999999998,1
698a231eb1fe98dda75f2e9f,CP,adult,1.033332857142857,1
69aa46338ec395be30313cc4,CP,adult,1.025,0
5b0481d17ac6e4000107e12a,CP,adult,1.033334,0
66acf7e114ccc48c4f7f9594,CP,adult,1.0499999999999998,1
5b0481d17ac6e4000107e12a,CP,adult,1.0499999999999998,0
66acf7e114ccc48c4f7f9594,CP,adult,1.033332857142857,1
69aa46338ec395be30313cc4,CP,adult,1.0333333333333334,0
698a231eb1fe98dda75f2e9f,CP,adult,1.333332857142857,1
666a11d046107a56965a98f5,CP,adult,1.25,1
698a231eb1fe98dda75f2e9f,CP,adult,1.05,1
69aa46338ec395be30313cc4,CP,adult,1.02,1
698a231eb1fe98dda75f2e9f,CP,adult,1.025,1
666a11d046107a56965a98f5,CP,adult,1.05,1
69aa46338ec395be30313cc4,CP,adult,1.02,1
698a231eb1fe98dda75f2e9f,CP,adult,1.0333333333333334,1
66acf7e114ccc48c4f7f9594,CP,adult,1.333332857142857,1
69aa46338ec395be30313cc4,CP,adult,1.025,1
666a11d046107a56965a98f5,CP,adult,1.025,1
66acf7e114ccc48c4f7f9594,CP,adult,1.033332857142857,1
69aa46338ec395be30313cc4,CP,adult,1.05,1
666a11d046107a56965a98f5,CP,adult,1.025,1
66acf7e114ccc48c4f7f9594,CP,adult,1.02,0
69aa46338ec395be30313cc4,CP,adult,1.333334,1
698a231eb1fe98dda75f2e9f,CP,adult,1.333332857142857,1
66acf7e114ccc48c4f7f9594,CP,adult,1.0333333333333334,0
5b0481d17ac6e4000107e12a,CP,adult,1.5,1
666a11d046107a56965a98f5,CP,adult,1.5,1
5b0481d17ac6e4000107e12a,CP,adult,1.05,1
69aa46338ec395be30313cc4,CP,adult,1.5,1
666a11d046107a56965a98f5,CP,adult,1.02,0
698a231eb1fe98dda75f2e9f,CP,adult,1.333334,1
69aa46338ec395be30313cc4,CP,adult,1.333334,1
66acf7e114ccc48c4f7f9594,CP,adult,1.3333333333333333,1
5b0481d17ac6e4000107e12a,CP,adult,1.02,0
666a11d046107a56965a98f5,CP,adult,1.02,1
698a231eb1fe98dda75f2e9f,CP,adult,1.025,1
5b0481d17ac6e4000107e12a,CP,adult,1.0333333333333334,0
69aa46338ec395be30313cc4,CP,adult,1.25,1
66acf7e114ccc48c4f7f9594,CP,adult,1.025,0
698a231eb1fe98dda75f2e9f,CP,adult,1.25,1
66acf7e114ccc48c4f7f9594,CP,adult,1.05,1
5b0481d17ac6e4000107e12a,CP,adult,1.333332857142857,1
666a11d046107a56965a98f5,CP,adult,1.025,1
69aa46338ec395be30313cc4,CP,adult,1.5,1
698a231eb1fe98dda75f2e9f,CP,adult,1.033334,1
66acf7e114ccc48c4f7f9594,CP,adult,1.025,0
69aa46338ec395be30313cc4,CP,adult,1.333334,1
5b0481d17ac6e4000107e12a,CP,adult,1.02,0
66acf7e114ccc48c4f7f9594,CP,adult,1.5,1
698a231eb1fe98dda75f2e9f,CP,adult,1.5,1
666a11d046107a56965a98f5,CP,adult,1.05,1
69aa46338ec395be30313cc4,CP,adult,1.02,0
698a231eb1fe98dda75f2e9f,CP,adult,1.25,0
666a11d046107a56965a98f5,CP,adult,1.3333333333333333,1
69aa46338ec395be30313cc4,CP,adult,1.05,1
5b0481d17ac6e4000107e12a,CP,adult,1.333332857142857,0
666a11d046107a56965a98f5,CP,adult,1.05,0
698a231eb1fe98dda75f2e9f,CP,adult,1.05,1
69aa46338ec395be30313cc4,CP,adult,1.5,1
5b0481d17ac6e4000107e12a,CP,adult,1.033332857142857,1
69aa46338ec395be30313cc4,CP,adult,1.5,1
666a11d046107a56965a98f5,CP,adult,1.025,1
66acf7e114ccc48c4f7f9594,CP,adult,1.25,1
5b0481d17ac6e4000107e12a,CP,adult,1.033334,1
66acf7e114ccc48c4f7f9594,CP,adult,1.5,1
69aa46338ec395be30313cc4,CP,adult,1.0333333333333334,1
66acf7e114ccc48c4f7f9594,CP,adult,1.333332857142857,1
698a231eb1fe98dda75f2e9f,CP,adult,1.25,1
5b0481d17ac6e4000107e12a,CP,adult,1.025,0
66acf7e114ccc48c4f7f9594,CP,adult,1.25,1
666a11d046107a56965a98f5,CP,adult,1.025,1
5b0481d17ac6e4000107e12a,CP,adult,1.05,1
69aa46338ec395be30313cc4,CP,adult,1.3333333333333333,1
5b0481d17ac6e4000107e12a,CP,adult,1.5,1
666a11d046107a56965a98f5,CP,adult,1.25,1
698a231eb1fe98dda75f2e9f,CP,adult,1.25,1
66acf7e114ccc48c4f7f9594,CP,adult,1.25,1
698a231eb1fe98dda75f2e9f,CP,adult,1.02,0
66acf7e114ccc48c4f7f9594,CP,adult,1.02,1
5b0481d17ac6e4000107e12a,CP,adult,1.02,0
698a231eb1fe98dda75f2e9f,CP,adult,1.02,0
60151380a2273d594f63aae3,CP,adult,1.333332857142857,1
666a11d046107a56965a98f5,CP,adult,1.25,1
698a231eb1fe98dda75f2e9f,CP,adult,1.05,1
666a11d046107a56965a98f5,CP,adult,1.025,0
5b0481d17ac6e4000107e12a,CP,adult,1.25,1
69aa46338ec395be30313cc4,CP,adult,1.25,1
698a231eb1fe98dda75f2e9f,CP,adult,1.025,1
66acf7e114ccc48c4f7f9594,CP,adult,1.02,1
5b0481d17ac6e4000107e12a,CP,adult,1.0499999999999998,0
666a11d046107a56965a98f5,CP,adult,1.0499999999999998,1
5b0481d17ac6e4000107e12a,CP,adult,1.5,1
698a231eb1fe98dda75f2e9f,CP,adult,1.25,1
666a11d046107a56965a98f5,CP,adult,1.5,1
69aa46338ec395be30313cc4,CP,adult,1.025,0
5b0481d17ac6e4000107e12a,CP,adult,1.033334,0
66acf7e114ccc48c4f7f9594,CP,adult,1.02,0
5b0481d17ac6e4000107e12a,CP,adult,1.02,1
66acf7e114ccc48c4f7f9594,CP,adult,1.3333333333333333,0
5b0481d17ac6e4000107e12a,CP,adult,1.333332857142857,0
698a231eb1fe98dda75f2e9f,CP,adult,1.5,1
66acf7e114ccc48c4f7f9594,CP,adult,1.05,1
69aa46338ec395be30313cc4,CP,adult,1.5,1
5b0481d17ac6e4000107e12a,CP,adult,1.025,0
66acf7e114ccc48c4f7f9594,CP,adult,1.05,0
666a11d046107a56965a98f5,CP,adult,1.25,1
698a231eb1fe98dda75f2e9f,CP,adult,1.025,1
66acf7e114ccc48c4f7f9594,CP,adult,1.033334,1
5b0481d17ac6e4000107e12a,CP,adult,1.02,1
698a231eb1fe98dda75f2e9f,CP,adult,1.02,0
69aa46338ec395be30313cc4,CP,adult,1.025,0
698a231eb1fe98dda75f2e9f,CP,adult,1.3333333333333333,1
666a11d046107a56965a98f5,CP,adult,1.333332857142857,1
5b0481d17ac6e4000107e12a,CP,adult,1.0333333333333334,1
698a231eb1fe98dda75f2e9f,CP,adult,1.25,1
5b0481d17ac6e4000107e12a,CP,adult,1.0499999999999998,1
666a11d046107a56965a98f5,CP,adult,1.025,1
69aa46338ec395be30313cc4,CP,adult,1.3333333333333333,1
698a231eb1fe98dda75f2e9f,CP,adult,1.02,1
66acf7e114ccc48c4f7f9594,CP,adult,1.05,1
69aa46338ec395be30313cc4,CP,adult,1.025,0
5b0481d17ac6e4000107e12a,CP,adult,1.05,0
69aa46338ec395be30313cc4,CP,adult,1.025,0
666a11d046107a56965a98f5,CP,adult,1.025,1
5b0481d17ac6e4000107e12a,CP,adult,1.25,1
66acf7e114ccc48c4f7f9594,CP,adult,1.5,1
69aa46338ec395be30313cc4,CP,adult,1.02,0
6672e8d9d5662b17658a93ee,CP,adult,1.02,0
5b0481d17ac6e4000107e12a,CP,adult,1.025,1
60151380a2273d594f63aae3,CP,adult,1.05,1
66acf7e114ccc48c4f7f9594,CP,adult,1.02,0
5b0481d17ac6e4000107e12a,CP,adult,1.025,1
6672e8d9d5662b17658a93ee,CP,adult,1.025,0
60151380a2273d594f63aae3,CP,adult,1.02,1
69dd1ae891531453a33d4b3c,CP,adult,1.0499999999999998,0
698a231eb1fe98dda75f2e9f,CP,adult,1.02,0
6672e8d9d5662b17658a93ee,CP,adult,1.02,1
66acf7e114ccc48c4f7f9594,CP,adult,1.3333333333333333,1
60151380a2273d594f63aae3,CP,adult,1.025,0
69dd1ae891531453a33d4b3c,CP,adult,1.02,0
5b0481d17ac6e4000107e12a,CP,adult,1.5,1
6672e8d9d5662b17658a93ee,CP,adult,1.02,0
69aa46338ec395be30313cc4,CP,adult,1.033332857142857,0
5b0481d17ac6e4000107e12a,CP,adult,1.25,1
66acf7e114ccc48c4f7f9594,CP,adult,1.05,1
5b0481d17ac6e4000107e12a,CP,adult,1.25,0
66acf7e114ccc48c4f7f9594,CP,adult,1.025,1
69dd1ae891531453a33d4b3c,CP,adult,1.02,1
6672e8d9d5662b17658a93ee,CP,adult,1.02,1
66acf7e114ccc48c4f7f9594,CP,adult,1.0333333333333334,1
69aa46338ec395be30313cc4,CP,adult,1.5,1
69dd1ae891531453a33d4b3c,CP,adult,1.05,1
66acf7e114ccc48c4f7f9594,CP,adult,1.025,0
5b0481d17ac6e4000107e12a,CP,adult,1.333334,0
69dd1ae891531453a33d4b3c,CP,adult,1.02,1
6672e8d9d5662b17658a93ee,CP,adult,1.02,0
5b0481d17ac6e4000107e12a,CP,adult,1.5,0
69aa46338ec395be30313cc4,CP,adult,1.3333333333333333,1
5a285307df86d80001455de5,CP,adult,1.333334,1
666a11d046107a56965a98f5,CP,adult,1.25,0
66acf7e114ccc48c4f7f9594,CP,adult,1.25,0
60151380a2273d594f63aae3,CP,adult,1.5,1
5a285307df86d80001455de5,CP,adult,1.3333333333333333,1
66acf7e114ccc48c4f7f9594,CP,adult,1.05,1
69dd1ae891531453a33d4b3c,CP,adult,1.02,0
66acf7e114ccc48c4f7f9594,CP,adult,1.25,1
60151380a2273d594f63aae3,CP,adult,1.05,1
69dd1ae891531453a33d4b3c,CP,adult,1.025,1
6672e8d9d5662b17658a93ee,CP,adult,1.025,1
66acf7e114ccc48c4f7f9594,CP,adult,1.02,1
60151380a2273d594f63aae3,CP,adult,1.0499999999999998,0
666a11d046107a56965a98f5,CP,adult,1.0333333333333334,1
66acf7e114ccc48c4f7f9594,CP,adult,1.25,1
69aa46338ec395be30313cc4,CP,adult,1.0499999999999998,1
60151380a2273d594f63aae3,CP,adult,1.05,1
66acf7e114ccc48c4f7f9594,CP,adult,1.025,1
6672e8d9d5662b17658a93ee,CP,adult,1.02,1
69dd1ae891531453a33d4b3c,CP,adult,1.025,1
60151380a2273d594f63aae3,CP,adult,1.25,1
666a11d046107a56965a98f5,CP,adult,1.033332857142857,1
69aa46338ec395be30313cc4,CP,adult,1.02,0
66acf7e114ccc48c4f7f9594,CP,adult,1.033334,0
60151380a2273d594f63aae3,CP,adult,1.02,0
69dd1ae891531453a33d4b3c,CP,adult,1.02,0
69aa46338ec395be30313cc4,CP,adult,1.02,1
69aa46338ec395be30313cc4,CP,adult,1.033334,0
666a11d046107a56965a98f5,CP,adult,1.0333333333333334,1
698a231eb1fe98dda75f2e9f,CP,adult,1.5,1
66acf7e114ccc48c4f7f9594,CP,adult,1.25,1
5b0481d17ac6e4000107e12a,CP,adult,1.025,1
69aa46338ec395be30313cc4,CP,adult,1.033332857142857,1
666a11d046107a56965a98f5,CP,adult,1.25,1
5b0481d17ac6e4000107e12a,CP,adult,1.333334,1
69aa46338ec395be30313cc4,CP,adult,1.025,1
698a231eb1fe98dda75f2e9f,CP,adult,1.05,0
666a11d046107a56965a98f5,CP,adult,1.25,1
66acf7e114ccc48c4f7f9594,CP,adult,1.025,0
60151380a2273d594f63aae3,CP,adult,1.025,1
698a231eb1fe98dda75f2e9f,CP,adult,1.5,0
69dd1ae891531453a33d4b3c,CP,adult,1.02,0
6672e8d9d5662b17658a93ee,CP,adult,1.02,0
666a11d046107a56965a98f5,CP,adult,1.25,1
60151380a2273d594f63aae3,CP,adult,1.033334,1
69aa46338ec395be30313cc4,CP,adult,1.02,0
5b0481d17ac6e4000107e12a,CP,adult,1.25,0
666a11d046107a56965a98f5,CP,adult,1.0333333333333334,1
60151380a2273d594f63aae3,CP,adult,1.5,1
5b0481d17ac6e4000107e12a,CP,adult,1.3333333333333333,1
6672e8d9d5662b17658a93ee,CP,adult,1.02,1
666a11d046107a56965a98f5,CP,adult,1.033332857142857,1
69aa46338ec395be30313cc4,CP,adult,1.02,0
60151380a2273d594f63aae3,CP,adult,1.0499999999999998,1
66acf7e114ccc48c4f7f9594,CP,adult,1.333334,0
69dd1ae891531453a33d4b3c,CP,adult,1.02,1
60151380a2273d594f63aae3,CP,adult,1.025,0
6672e8d9d5662b17658a93ee,CP,adult,1.025,1
5b0481d17ac6e4000107e12a,CP,adult,1.025,0
69dd1ae891531453a33d4b3c,CP,adult,1.025,0
6672e8d9d5662b17658a93ee,CP,adult,1.025,0
69aa46338ec395be30313cc4,CP,adult,1.033334,0
666a11d046107a56965a98f5,CP,adult,1.25,1
6672e8d9d5662b17658a93ee,CP,adult,1.025,0
5a285307df86d80001455de5,CP,adult,1.25,1
69aa46338ec395be30313cc4,CP,adult,1.0499999999999998,0
666a11d046107a56965a98f5,CP,adult,1.033332857142857,0
5a285307df86d80001455de5,CP,adult,1.3333333333333333,1
69aa46338ec395be30313cc4,CP,adult,1.033332857142857,1
69dd1ae891531453a33d4b3c,CP,adult,1.02,1
6672e8d9d5662b17658a93ee,CP,adult,1.02,1
5a285307df86d80001455de5,CP,adult,1.25,1
69dd1ae891531453a33d4b3c,CP,adult,1.0333333333333334,1
666a11d046107a56965a98f5,CP,adult,1.333334,1
5a285307df86d80001455de5,CP,adult,1.3333333333333333,1
69aa46338ec395be30313cc4,CP,adult,1.25,1
66acf7e114ccc48c4f7f9594,CP,adult,1.333332857142857,1
5a285307df86d80001455de5,CP,adult,1.5,1
6672e8d9d5662b17658a93ee,CP,adult,1.025,1
69dd1ae891531453a33d4b3c,CP,adult,1.025,0
5a285307df86d80001455de5,CP,adult,1.5,1
6672e8d9d5662b17658a93ee,CP,adult,1.02,0
666a11d046107a56965a98f5,CP,adult,1.033334,0
66acf7e114ccc48c4f7f9594,CP,adult,1.5,1
5a285307df86d80001455de5,CP,adult,1.05,0
60151380a2273d594f63aae3,CP,adult,1.5,1
66acf7e114ccc48c4f7f9594,CP,adult,1.5,1
666a11d046107a56965a98f5,CP,adult,1.3333333333333333,1
69dd1ae891531453a33d4b3c,CP,adult,1.02,1
66acf7e114ccc48c4f7f9594,CP,adult,1.3333333333333333,1
666a11d046107a56965a98f5,CP,adult,1.333332857142857,1
69dd1ae891531453a33d4b3c,CP,adult,1.033332857142857,1
66acf7e114ccc48c4f7f9594,CP,adult,1.025,1
69dd1ae891531453a33d4b3c,CP,adult,1.033332857142857,0
69aa46338ec395be30313cc4,CP,adult,1.05,1
5a285307df86d80001455de5,CP,adult,1.25,1
69dd1ae891531453a33d4b3c,CP,adult,1.033334,1
5827634ea80bf4000199994b,CP,adult,1.333332857142857,1
5827634ea80bf4000199994b,CP,adult,1.25,1
5827634ea80bf4000199994b,CP,adult,1.033334,0
5827634ea80bf4000199994b,CP,adult,1.033334,0
5827634ea80bf4000199994b,CP,adult,1.02,1
5827634ea80bf4000199994b,CP,adult,1.025,0
5827634ea80bf4000199994b,CP,adult,1.3333333333333333,1
5827634ea80bf4000199994b,CP,adult,1.25,0
5827634ea80bf4000199994b,CP,adult,1.025,1
6111add3ae6abf5702a22d53,CP,adult,1.033334,1
6111add3ae6abf5702a22d53,CP,adult,1.5,1
5827634ea80bf4000199994b,CP,adult,1.025,1
5827634ea80bf4000199994b,CP,adult,1.02,0
5827634ea80bf4000199994b,CP,adult,1.02,1
5827634ea80bf4000199994b,CP,adult,1.02,1
5827634ea80bf4000199994b,CP,adult,1.25,1
5827634ea80bf4000199994b,CP,adult,1.25,0
5827634ea80bf4000199994b,CP,adult,1.333332857142857,1
5827634ea80bf4000199994b,CP,adult,1.025,0
5827634ea80bf4000199994b,CP,adult,1.025,0
5827634ea80bf4000199994b,CP,adult,1.05,1
5827634ea80bf4000199994b,CP,adult,1.0499999999999998,0
69d6f333ce1cfc012fa6ac85,CP,adult,1.02,0
69d6f333ce1cfc012fa6ac85,CP,adult,1.033332857142857,1
69d6f333ce1cfc012fa6ac85,CP,adult,1.025,0
69d6f333ce1cfc012fa6ac85,CP,adult,1.033334,1
69d6f333ce1cfc012fa6ac85,CP,adult,1.025,0
69d6f333ce1cfc012fa6ac85,CP,adult,1.02,1
69d6f333ce1cfc012fa6ac85,CP,adult,1.02,1
69d6f333ce1cfc012fa6ac85,CP,adult,1.02,0
69d6f333ce1cfc012fa6ac85,CP,adult,1.05,0
69d6f333ce1cfc012fa6ac85,CP,adult,1.025,1
69d6f333ce1cfc012fa6ac85,CP,adult,1.0499999999999998,1
69d6f333ce1cfc012fa6ac85,CP,adult,1.5,1
69d6f333ce1cfc012fa6ac85,CP,adult,1.25,1
69d6f333ce1cfc012fa6ac85,CP,adult,1.25,1
69d6f333ce1cfc012fa6ac85,CP,adult,1.025,0
69d6f333ce1cfc012fa6ac85,CP,adult,1.033334,1
69dd1ae891531453a33d4b3c,CP,adult,1.0333333333333334,1
6672e8d9d5662b17658a93ee,CP,adult,1.025,0
69aa46338ec395be30313cc4,CP,adult,1.25,1
5a285307df86d80001455de5,CP,adult,1.3333333333333333,1
6672e8d9d5662b17658a93ee,CP,adult,1.0333333333333334,1
60151380a2273d594f63aae3,CP,adult,1.0333333333333334,0
69aa46338ec395be30313cc4,CP,adult,1.25,1
5a285307df86d80001455de5,CP,adult,1.333334,1
6672e8d9d5662b17658a93ee,CP,adult,1.033334,1
60151380a2273d594f63aae3,CP,adult,1.033334,1
666a11d046107a56965a98f5,CP,adult,1.033332857142857,1
66acf7e114ccc48c4f7f9594,CP,adult,1.25,1
6672e8d9d5662b17658a93ee,CP,adult,1.033334,1
69aa46338ec395be30313cc4,CP,adult,1.025,0
60151380a2273d594f63aae3,CP,adult,1.0499999999999998,1
666a11d046107a56965a98f5,CP,adult,1.0499999999999998,0
69dd1ae891531453a33d4b3c,CP,adult,1.033332857142857,1
5a285307df86d80001455de5,CP,adult,1.033334,0
66acf7e114ccc48c4f7f9594,CP,adult,1.025,0
6672e8d9d5662b17658a93ee,CP,adult,1.025,1
69aa46338ec395be30313cc4,CP,adult,1.25,1
66acf7e114ccc48c4f7f9594,CP,adult,1.02,0
60151380a2273d594f63aae3,CP,adult,1.033334,0
69dd1ae891531453a33d4b3c,CP,adult,1.033334,1
5a285307df86d80001455de5,CP,adult,1.0333333333333334,1
666a11d046107a56965a98f5,CP,adult,1.25,1
6672e8d9d5662b17658a93ee,CP,adult,1.033334,1
66acf7e114ccc48c4f7f9594,CP,adult,1.5,0
69aa46338ec395be30313cc4,CP,adult,1.05,0
69dd1ae891531453a33d4b3c,CP,adult,1.033334,1
5a285307df86d80001455de5,CP,adult,1.5,1
60151380a2273d594f63aae3,CP,adult,1.25,1
66acf7e114ccc48c4f7f9594,CP,adult,1.5,0
69dd1ae891531453a33d4b3c,CP,adult,1.02,1
666a11d046107a56965a98f5,CP,adult,1.333332857142857,1
6672e8d9d5662b17658a93ee,CP,adult,1.025,1
69aa46338ec395be30313cc4,CP,adult,1.333332857142857,1
5a285307df86d80001455de5,CP,adult,1.033334,1
60151380a2273d594f63aae3,CP,adult,1.333332857142857,1
69dd1ae891531453a33d4b3c,CP,adult,1.025,1
66acf7e114ccc48c4f7f9594,CP,adult,1.5,1
6672e8d9d5662b17658a93ee,CP,adult,1.025,1
666a11d046107a56965a98f5,CP,adult,1.5,1
69aa46338ec395be30313cc4,CP,adult,1.025,1
5a285307df86d80001455de5,CP,adult,1.02,1
66acf7e114ccc48c4f7f9594,CP,adult,1.5,1
60151380a2273d594f63aae3,CP,adult,1.025,1
69dd1ae891531453a33d4b3c,CP,adult,1.033332857142857,1
6672e8d9d5662b17658a93ee,CP,adult,1.033332857142857,1
666a11d046107a56965a98f5,CP,adult,1.333332857142857,1
5a285307df86d80001455de5,CP,adult,1.05,1
69aa46338ec395be30313cc4,CP,adult,1.033334,1
69dd1ae891531453a33d4b3c,CP,adult,1.0333333333333334,0
66acf7e114ccc48c4f7f9594,CP,adult,1.033334,0
6672e8d9d5662b17658a93ee,CP,adult,1.033334,1
5a285307df86d80001455de5,CP,adult,1.025,1
60151380a2273d594f63aae3,CP,adult,1.02,0
666a11d046107a56965a98f5,CP,adult,1.333334,1
69aa46338ec395be30313cc4,CP,adult,1.5,1
69dd1ae891531453a33d4b3c,CP,adult,1.025,0
666a11d046107a56965a98f5,CP,adult,1.333334,1
69aa46338ec395be30313cc4,CP,adult,1.02,1
6672e8d9d5662b17658a93ee,CP,adult,1.0333333333333334,1
666a11d046107a56965a98f5,CP,adult,1.333332857142857,1
5a285307df86d80001455de5,CP,adult,1.5,1
6672e8d9d5662b17658a93ee,CP,adult,1.0333333333333334,0
5a285307df86d80001455de5,CP,adult,1.5,1
69aa46338ec395be30313cc4,CP,adult,1.5,1
6672e8d9d5662b17658a93ee,CP,adult,1.05,1
60e9e8092cfc1f464753dd71,CP,adult,1.3333333333333333,1
60151380a2273d594f63aae3,CP,adult,1.5,1
6672e8d9d5662b17658a93ee,CP,adult,1.033334,0
60151380a2273d594f63aae3,CP,adult,1.0333333333333334,1
69aa46338ec395be30313cc4,CP,adult,1.333332857142857,1
666a11d046107a56965a98f5,CP,adult,1.5,1
69aa46338ec395be30313cc4,CP,adult,1.5,1
60151380a2273d594f63aae3,CP,adult,1.02,1
666a11d046107a56965a98f5,CP,adult,1.5,1
69aa46338ec395be30313cc4,CP,adult,1.25,1
60151380a2273d594f63aae3,CP,adult,1.333334,1
69dd1ae891531453a33d4b3c,CP,adult,1.333334,1
5a285307df86d80001455de5,CP,adult,1.02,1
60e9e8092cfc1f464753dd71,CP,adult,1.033334,0
666a11d046107a56965a98f5,CP,adult,1.5,1
69aa46338ec395be30313cc4,CP,adult,1.25,1
6672e8d9d5662b17658a93ee,CP,adult,1.05,0
69dd1ae891531453a33d4b3c,CP,adult,1.25,1
69aa46338ec395be30313cc4,CP,adult,1.0499999999999998,1
5a285307df86d80001455de5,CP,adult,1.25,1
69dd1ae891531453a33d4b3c,CP,adult,1.0499999999999998,0
69aa46338ec395be30313cc4,CP,adult,1.333334,1
5a285307df86d80001455de5,CP,adult,1.033334,1
69aa46338ec395be30313cc4,CP,adult,1.033332857142857,0
60e9e8092cfc1f464753dd71,CP,adult,1.025,1
5a285307df86d80001455de5,CP,adult,1.3333333333333333,1
60151380a2273d594f63aae3,CP,adult,1.3333333333333333,1
5a285307df86d80001455de5,CP,adult,1.5,1
60151380a2273d594f63aae3,CP,adult,1.5,1
5a285307df86d80001455de5,CP,adult,1.02,0
69dd1ae891531453a33d4b3c,CP,adult,1.05,0
6672e8d9d5662b17658a93ee,CP,adult,1.25,1
69dd1ae891531453a33d4b3c,CP,adult,1.3333333333333333,1
60151380a2273d594f63aae3,CP,adult,1.333334,1
69dd1ae891531453a33d4b3c,CP,adult,1.0499999999999998,1
60151380a2273d594f63aae3,CP,adult,1.25,1
6672e8d9d5662b17658a93ee,CP,adult,1.25,1
60151380a2273d594f63aae3,CP,adult,1.5,1
6672e8d9d5662b17658a93ee,CP,adult,1.25,1
69dd1ae891531453a33d4b3c,CP,adult,1.5,1
6672e8d9d5662b17658a93ee,CP,adult,1.25,0
60151380a2273d594f63aae3,CP,adult,1.333332857142857,1
666a11d046107a56965a98f5,CP,adult,1.033334,0
69dd1ae891531453a33d4b3c,CP,adult,1.025,0
69aa46338ec395be30313cc4,CP,adult,1.033334,1
69dd1ae891531453a33d4b3c,CP,adult,1.025,0
6672e8d9d5662b17658a93ee,CP,adult,1.05,1
5a285307df86d80001455de5,CP,adult,1.05,1
60151380a2273d594f63aae3,CP,adult,1.033334,1
69dd1ae891531453a33d4b3c,CP,adult,1.025,1
5a285307df86d80001455de5,CP,adult,1.02,1
60151380a2273d594f63aae3,CP,adult,1.25,1
69dd1ae891531453a33d4b3c,CP,adult,1.025,0
69aa46338ec395be30313cc4,CP,adult,1.5,1
60151380a2273d594f63aae3,CP,adult,1.05,1
666a11d046107a56965a98f5,CP,adult,1.0499999999999998,1
69dd1ae891531453a33d4b3c,CP,adult,1.05,1
5a285307df86d80001455de5,CP,adult,1.025,1
69dd1ae891531453a33d4b3c,CP,adult,1.25,1
666a11d046107a56965a98f5,CP,adult,1.033332857142857,1
69aa46338ec395be30313cc4,CP,adult,1.05,1
6672e8d9d5662b17658a93ee,CP,adult,1.033332857142857,1
69dd1ae891531453a33d4b3c,CP,adult,1.0499999999999998,0
5a285307df86d80001455de5,CP,adult,1.025,0
6672e8d9d5662b17658a93ee,CP,adult,1.05,1
69dd1ae891531453a33d4b3c,CP,adult,1.3333333333333333,1
5a285307df86d80001455de5,CP,adult,1.033332857142857,1
6672e8d9d5662b17658a93ee,CP,adult,1.05,0
666a11d046107a56965a98f5,CP,adult,1.5,1
69aa46338ec395be30313cc4,CP,adult,1.25,1
6672e8d9d5662b17658a93ee,CP,adult,1.0499999999999998,1
69dd1ae891531453a33d4b3c,CP,adult,1.5,1
60151380a2273d594f63aae3,CP,adult,1.02,1
5a285307df86d80001455de5,CP,adult,1.025,1
666a11d046107a56965a98f5,CP,adult,1.5,1
60151380a2273d594f63aae3,CP,adult,1.02,0
666a11d046107a56965a98f5,CP,adult,1.5,1
6672e8d9d5662b17658a93ee,CP,adult,1.05,1
60151380a2273d594f63aae3,CP,adult,1.25,1
6672e8d9d5662b17658a93ee,CP,adult,1.05,1
69dd1ae891531453a33d4b3c,CP,adult,1.5,1
60151380a2273d594f63aae3,CP,adult,1.05,0
6672e8d9d5662b17658a93ee,CP,adult,1.0499999999999998,1
69dd1ae891531453a33d4b3c,CP,adult,1.333332857142857,1
6672e8d9d5662b17658a93ee,CP,adult,1.05,1
69dd1ae891531453a33d4b3c,CP,adult,1.5,1
6672e8d9d5662b17658a93ee,CP,adult,1.25,1
60e9e8092cfc1f464753dd71,CP,adult,1.025,1
60151380a2273d594f63aae3,CP,adult,1.025,0
5a285307df86d80001455de5,CP,adult,1.025,1
6672e8d9d5662b17658a93ee,CP,adult,1.25,1
5a285307df86d80001455de5,CP,adult,1.02,1
6672e8d9d5662b17658a93ee,CP,adult,1.25,1
5a285307df86d80001455de5,CP,adult,1.25,1
69dd1ae891531453a33d4b3c,CP,adult,1.3333333333333333,1
60e9e8092cfc1f464753dd71,CP,adult,1.05,0
5a285307df86d80001455de5,CP,adult,1.033334,1
60151380a2273d594f63aae3,CP,adult,1.02,0
5a285307df86d80001455de5,CP,adult,1.025,0
60e9e8092cfc1f464753dd71,CP,adult,1.0333333333333334,1
60151380a2273d594f63aae3,CP,adult,1.05,1
5a285307df86d80001455de5,CP,adult,1.025,0
69dd1ae891531453a33d4b3c,CP,adult,1.05,1
60151380a2273d594f63aae3,CP,adult,1.02,1
6672e8d9d5662b17658a93ee,CP,adult,1.3333333333333333,1
60151380a2273d594f63aae3,CP,adult,1.5,1
6672e8d9d5662b17658a93ee,CP,adult,1.333332857142857,1
69dd1ae891531453a33d4b3c,CP,adult,1.05,0
6672e8d9d5662b17658a93ee,CP,adult,1.333334,1
69dd1ae891531453a33d4b3c,CP,adult,1.3333333333333333,1
6672e8d9d5662b17658a93ee,CP,adult,1.3333333333333333,1
60e9e8092cfc1f464753dd71,CP,adult,1.02,1
6672e8d9d5662b17658a93ee,CP,adult,1.3333333333333333,1
5a285307df86d80001455de5,CP,adult,1.5,1
69dd1ae891531453a33d4b3c,CP,adult,1.25,1
60151380a2273d594f63aae3,CP,adult,1.033332857142857,0
6672e8d9d5662b17658a93ee,CP,adult,1.5,1
69dd1ae891531453a33d4b3c,CP,adult,1.25,1
5a285307df86d80001455de5,CP,adult,1.0499999999999998,1
6672e8d9d5662b17658a93ee,CP,adult,1.333334,1
69dd1ae891531453a33d4b3c,CP,adult,1.25,1
6672e8d9d5662b17658a93ee,CP,adult,1.333332857142857,1
60151380a2273d594f63aae3,CP,adult,1.033332857142857,0
69dd1ae891531453a33d4b3c,CP,adult,1.333334,1
6111add3ae6abf5702a22d53,CP,adult,1.033334,1
6111add3ae6abf5702a22d53,CP,adult,1.025,1
6111add3ae6abf5702a22d53,CP,adult,1.333334,1
5827634ea80bf4000199994b,CP,adult,1.0333333333333334,0
5827634ea80bf4000199994b,CP,adult,1.333332857142857,0
5827634ea80bf4000199994b,CP,adult,1.25,1
5827634ea80bf4000199994b,CP,adult,1.05,1
5827634ea80bf4000199994b,CP,adult,1.033332857142857,1
5827634ea80bf4000199994b,CP,adult,1.0499999999999998,0
5827634ea80bf4000199994b,CP,adult,1.5,1
5827634ea80bf4000199994b,CP,adult,1.05,0
5827634ea80bf4000199994b,CP,adult,1.25,1
5827634ea80bf4000199994b,CP,adult,1.333334,1
5827634ea80bf4000199994b,CP,adult,1.5,1
5827634ea80bf4000199994b,CP,adult,1.5,1
5827634ea80bf4000199994b,CP,adult,1.5,1
69d6f333ce1cfc012fa6ac85,CP,adult,1.5,1
69d6f333ce1cfc012fa6ac85,CP,adult,1.02,1
69d6f333ce1cfc012fa6ac85,CP,adult,1.02,1
69d6f333ce1cfc012fa6ac85,CP,adult,1.02,1
69d6f333ce1cfc012fa6ac85,CP,adult,1.033332857142857,1
69d6f333ce1cfc012fa6ac85,CP,adult,1.02,1
69d6f333ce1cfc012fa6ac85,CP,adult,1.025,0
69d6f333ce1cfc012fa6ac85,CP,adult,1.025,1
69d6f333ce1cfc012fa6ac85,CP,adult,1.05,0
69d6f333ce1cfc012fa6ac85,CP,adult,1.025,1
69d6f333ce1cfc012fa6ac85,CP,adult,1.0333333333333334,0
69d6f333ce1cfc012fa6ac85,CP,adult,1.025,1
69d6f333ce1cfc012fa6ac85,CP,adult,1.02,1
69d6f333ce1cfc012fa6ac85,CP,adult,1.05,1
69dd1ae891531453a33d4b3c,CP,adult,1.3333333333333333,1
6672e8d9d5662b17658a93ee,CP,adult,1.25,1
60e9e8092cfc1f464753dd71,CP,adult,1.025,0
6672e8d9d5662b17658a93ee,CP,adult,1.3333333333333333,1
5a285307df86d80001455de5,CP,adult,1.25,1
69dd1ae891531453a33d4b3c,CP,adult,1.05,1
5a285307df86d80001455de5,CP,adult,1.0333333333333334,1
60e9e8092cfc1f464753dd71,CP,adult,1.02,1
60151380a2273d594f63aae3,CP,adult,1.25,1
5a285307df86d80001455de5,CP,adult,1.033334,0
60151380a2273d594f63aae3,CP,adult,1.033334,0
5a285307df86d80001455de5,CP,adult,1.02,1
69dd1ae891531453a33d4b3c,CP,adult,1.25,1
60151380a2273d594f63aae3,CP,adult,1.25,1
6672e8d9d5662b17658a93ee,CP,adult,1.5,1
60e9e8092cfc1f464753dd71,CP,adult,1.025,1
5a285307df86d80001455de5,CP,adult,1.05,1
60151380a2273d594f63aae3,CP,adult,1.025,1
6672e8d9d5662b17658a93ee,CP,adult,1.25,1
60e9e8092cfc1f464753dd71,CP,adult,1.033332857142857,1
60151380a2273d594f63aae3,CP,adult,1.333334,1
5a285307df86d80001455de5,CP,adult,1.025,1
60e9e8092cfc1f464753dd71,CP,adult,1.02,1
5a285307df86d80001455de5,CP,adult,1.02,1
6672e8d9d5662b17658a93ee,CP,adult,1.5,1
60e9e8092cfc1f464753dd71,CP,adult,1.02,1
5a285307df86d80001455de5,CP,adult,1.0499999999999998,0
60151380a2273d594f63aae3,CP,adult,1.05,1
69dd1ae891531453a33d4b3c,CP,adult,1.25,1
6672e8d9d5662b17658a93ee,CP,adult,1.5,1
5a285307df86d80001455de5,CP,adult,1.25,1
6672e8d9d5662b17658a93ee,CP,adult,1.333332857142857,1
60e9e8092cfc1f464753dd71,CP,adult,1.025,1
69dd1ae891531453a33d4b3c,CP,adult,1.25,1
60151380a2273d594f63aae3,CP,adult,1.333334,1
6672e8d9d5662b17658a93ee,CP,adult,1.333334,1
5a285307df86d80001455de5,CP,adult,1.0333333333333334,1
69dd1ae891531453a33d4b3c,CP,adult,1.25,1
60e9e8092cfc1f464753dd71,CP,adult,1.025,1
60151380a2273d594f63aae3,CP,adult,1.025,0
6672e8d9d5662b17658a93ee,CP,adult,1.25,1
5a285307df86d80001455de5,CP,adult,1.333332857142857,1
69dd1ae891531453a33d4b3c,CP,adult,1.3333333333333333,1
60e9e8092cfc1f464753dd71,CP,adult,1.05,1
6672e8d9d5662b17658a93ee,CP,adult,1.5,1
60151380a2273d594f63aae3,CP,adult,1.025,0
5a285307df86d80001455de5,CP,adult,1.3333333333333333,1
6672e8d9d5662b17658a93ee,CP,adult,1.5,1
69dd1ae891531453a33d4b3c,CP,adult,1.25,1
60e9e8092cfc1f464753dd71,CP,adult,1.0499999999999998,1
6672e8d9d5662b17658a93ee,CP,adult,1.5,1
5a285307df86d80001455de5,CP,adult,1.025,1
60151380a2273d594f63aae3,CP,adult,1.333334,1
69dd1ae891531453a33d4b3c,CP,adult,1.3333333333333333,1
60e9e8092cfc1f464753dd71,CP,adult,1.05,1
6672e8d9d5662b17658a93ee,CP,adult,1.5,1
5a285307df86d80001455de5,CP,adult,1.02,1
60151380a2273d594f63aae3,CP,adult,1.5,1
69dd1ae891531453a33d4b3c,CP,adult,1.5,1
60e9e8092cfc1f464753dd71,CP,adult,1.025,0
60151380a2273d594f63aae3,CP,adult,1.25,1
69dd1ae891531453a33d4b3c,CP,adult,1.5,1
60151380a2273d594f63aae3,CP,adult,1.5,1
69dd1ae891531453a33d4b3c,CP,adult,1.5,1
5a285307df86d80001455de5,CP,adult,1.0499999999999998,1
69dd1ae891531453a33d4b3c,CP,adult,1.5,1
5a285307df86d80001455de5,CP,adult,1.0499999999999998,0
60e9e8092cfc1f464753dd71,CP,adult,1.02,1
60151380a2273d594f63aae3,CP,adult,1.333332857142857,1
60151380a2273d594f63aae3,CP,adult,1.02,1
60151380a2273d594f63aae3,CP,adult,1.5,1
60e9e8092cfc1f464753dd71,CP,adult,1.333334,1
5a285307df86d80001455de5,CP,adult,1.25,1
5a285307df86d80001455de5,CP,adult,1.0333333333333334,0
60e9e8092cfc1f464753dd71,CP,adult,1.3333333333333333,1
60151380a2273d594f63aae3,CP,adult,1.02,0
5a285307df86d80001455de5,CP,adult,1.5,1
60e9e8092cfc1f464753dd71,CP,adult,1.033332857142857,0
5a285307df86d80001455de5,CP,adult,1.333334,1
5a285307df86d80001455de5,CP,adult,1.5,1
60e9e8092cfc1f464753dd71,CP,adult,1.5,1
5a285307df86d80001455de5,CP,adult,1.5,1
60e9e8092cfc1f464753dd71,CP,adult,1.25,0
69cd37de7675fe2a4a6a12f4,CP,adult,1.025,0
60e9e8092cfc1f464753dd71,CP,adult,1.5,1
69cd37de7675fe2a4a6a12f4,CP,adult,1.02,1
5d63867550d0dd0017805976,CP,adult,1.033332857142857,0
60e9e8092cfc1f464753dd71,CP,adult,1.25,0
5d63867550d0dd0017805976,CP,adult,1.025,1
69cd37de7675fe2a4a6a12f4,CP,adult,1.02,0
60e9e8092cfc1f464753dd71,CP,adult,1.25,1
5d63867550d0dd0017805976,CP,adult,1.025,1
60e9e8092cfc1f464753dd71,CP,adult,1.25,0
5d63867550d0dd0017805976,CP,adult,1.0333333333333334,0
60e9e8092cfc1f464753dd71,CP,adult,1.0499999999999998,1
69cd37de7675fe2a4a6a12f4,CP,adult,1.025,1
5d63867550d0dd0017805976,CP,adult,1.02,0
60e9e8092cfc1f464753dd71,CP,adult,1.25,0
69cd37de7675fe2a4a6a12f4,CP,adult,1.0333333333333334,0
69cd37de7675fe2a4a6a12f4,CP,adult,1.5,1
60e9e8092cfc1f464753dd71,CP,adult,1.033332857142857,0
5d63867550d0dd0017805976,CP,adult,1.333334,1
69cd37de7675fe2a4a6a12f4,CP,adult,1.02,1
69d6f333ce1cfc012fa6ac85,CP,adult,1.333334,1
69d6f333ce1cfc012fa6ac85,CP,adult,1.5,1
69d6f333ce1cfc012fa6ac85,CP,adult,1.0333333333333334,0
6672e8d9d5662b17658a93ee,CP,adult,1.5,1
5a285307df86d80001455de5,CP,adult,1.0499999999999998,1
6672e8d9d5662b17658a93ee,CP,adult,1.5,1
60e9e8092cfc1f464753dd71,CP,adult,1.333332857142857,1
5a285307df86d80001455de5,CP,adult,1.05,1
60e9e8092cfc1f464753dd71,CP,adult,1.3333333333333333,1
60151380a2273d594f63aae3,CP,adult,1.025,0
60e9e8092cfc1f464753dd71,CP,adult,1.025,1
60151380a2273d594f63aae3,CP,adult,1.033332857142857,0
69dd1ae891531453a33d4b3c,CP,adult,1.5,1
5a285307df86d80001455de5,CP,adult,1.25,1
69dd1ae891531453a33d4b3c,CP,adult,1.5,1
5a285307df86d80001455de5,CP,adult,1.025,0
60e9e8092cfc1f464753dd71,CP,adult,1.333332857142857,1
5a285307df86d80001455de5,CP,adult,1.02,0
60151380a2273d594f63aae3,CP,adult,1.25,1
60e9e8092cfc1f464753dd71,CP,adult,1.25,1
60151380a2273d594f63aae3,CP,adult,1.025,0
5a285307df86d80001455de5,CP,adult,1.02,0
60e9e8092cfc1f464753dd71,CP,adult,1.05,0
60151380a2273d594f63aae3,CP,adult,1.25,1
5a285307df86d80001455de5,CP,adult,1.25,1
60e9e8092cfc1f464753dd71,CP,adult,1.033334,1
60e9e8092cfc1f464753dd71,CP,adult,1.5,1
69cd37de7675fe2a4a6a12f4,CP,adult,1.25,1
5d63867550d0dd0017805976,CP,adult,1.0333333333333334,1
60e9e8092cfc1f464753dd71,CP,adult,1.033334,1
69cd37de7675fe2a4a6a12f4,CP,adult,1.5,1
69cd37de7675fe2a4a6a12f4,CP,adult,1.5,1
60e9e8092cfc1f464753dd71,CP,adult,1.25,1
5d63867550d0dd0017805976,CP,adult,1.05,1
69cd37de7675fe2a4a6a12f4,CP,adult,1.25,1
69cd37de7675fe2a4a6a12f4,CP,adult,1.02,0
69cd37de7675fe2a4a6a12f4,CP,adult,1.25,1
60e9e8092cfc1f464753dd71,CP,adult,1.025,0
69cd37de7675fe2a4a6a12f4,CP,adult,1.05,0
5d63867550d0dd0017805976,CP,adult,1.025,1
60e9e8092cfc1f464753dd71,CP,adult,1.025,1
69cd37de7675fe2a4a6a12f4,CP,adult,1.02,0
5d63867550d0dd0017805976,CP,adult,1.025,1
60e9e8092cfc1f464753dd71,CP,adult,1.02,1
5d63867550d0dd0017805976,CP,adult,1.25,1
69cd37de7675fe2a4a6a12f4,CP,adult,1.333332857142857,1
60e9e8092cfc1f464753dd71,CP,adult,1.25,1
5d63867550d0dd0017805976,CP,adult,1.025,0
60e9e8092cfc1f464753dd71,CP,adult,1.5,1
69cd37de7675fe2a4a6a12f4,CP,adult,1.25,1
69cd37de7675fe2a4a6a12f4,CP,adult,1.02,0
5d63867550d0dd0017805976,CP,adult,1.02,1
60e9e8092cfc1f464753dd71,CP,adult,1.25,1
69cd37de7675fe2a4a6a12f4,CP,adult,1.02,0
60e9e8092cfc1f464753dd71,CP,adult,1.5,1
60e9e8092cfc1f464753dd71,CP,adult,1.02,1
69cd37de7675fe2a4a6a12f4,CP,adult,1.033332857142857,0
5d63867550d0dd0017805976,CP,adult,1.333332857142857,1
60e9e8092cfc1f464753dd71,CP,adult,1.02,0
69cd37de7675fe2a4a6a12f4,CP,adult,1.333332857142857,1
5d63867550d0dd0017805976,CP,adult,1.3333333333333333,1
60e9e8092cfc1f464753dd71,CP,adult,1.3333333333333333,1
69cd37de7675fe2a4a6a12f4,CP,adult,1.02,1
69cd37de7675fe2a4a6a12f4,CP,adult,1.0499999999999998,0
60e9e8092cfc1f464753dd71,CP,adult,1.033332857142857,0
5d63867550d0dd0017805976,CP,adult,1.0499999999999998,1
60e9e8092cfc1f464753dd71,CP,adult,1.5,1
69cd37de7675fe2a4a6a12f4,CP,adult,1.0333333333333334,1
69cd37de7675fe2a4a6a12f4,CP,adult,1.5,1
69cd37de7675fe2a4a6a12f4,CP,adult,1.25,1
69cd37de7675fe2a4a6a12f4,CP,adult,1.033334,0
5d63867550d0dd0017805976,CP,adult,1.0499999999999998,0
5d63867550d0dd0017805976,CP,adult,1.3333333333333333,1
69cd37de7675fe2a4a6a12f4,CP,adult,1.025,0
69cd37de7675fe2a4a6a12f4,CP,adult,1.05,1
5d63867550d0dd0017805976,CP,adult,1.025,1
60e9e8092cfc1f464753dd71,CP,adult,1.02,1
5d63867550d0dd0017805976,CP,adult,1.0499999999999998,1
60e9e8092cfc1f464753dd71,CP,adult,1.033334,1
69cd37de7675fe2a4a6a12f4,CP,adult,1.05,1
5d63867550d0dd0017805976,CP,adult,1.25,1
5d63867550d0dd0017805976,CP,adult,1.033332857142857,1
60e9e8092cfc1f464753dd71,CP,adult,1.0499999999999998,1
69cd37de7675fe2a4a6a12f4,CP,adult,1.025,0
5d63867550d0dd0017805976,CP,adult,1.02,1
60e9e8092cfc1f464753dd71,CP,adult,1.5,1
69cd37de7675fe2a4a6a12f4,CP,adult,1.05,1
69cd37de7675fe2a4a6a12f4,CP,adult,1.5,1
60e9e8092cfc1f464753dd71,CP,adult,1.5,1
5d63867550d0dd0017805976,CP,adult,1.05,1
5d63867550d0dd0017805976,CP,adult,1.025,1
5d63867550d0dd0017805976,CP,adult,1.25,1
5d63867550d0dd0017805976,CP,adult,1.0499999999999998,1
69cd37de7675fe2a4a6a12f4,CP,adult,1.5,1
5d63867550d0dd0017805976,CP,adult,1.0333333333333334,1
5d63867550d0dd0017805976,CP,adult,1.5,1
69cd37de7675fe2a4a6a12f4,CP,adult,1.333334,1
69cd37de7675fe2a4a6a12f4,CP,adult,1.333332857142857,1
69cd37de7675fe2a4a6a12f4,CP,adult,1.05,0
5d63867550d0dd0017805976,CP,adult,1.033332857142857,1
69cd37de7675fe2a4a6a12f4,CP,adult,1.033332857142857,1
69cd37de7675fe2a4a6a12f4,CP,adult,1.333334,1
69cd37de7675fe2a4a6a12f4,CP,adult,1.333332857142857,1
69cd37de7675fe2a4a6a12f4,CP,adult,1.25,1
69cd37de7675fe2a4a6a12f4,CP,adult,1.0333333333333334,1
5d63867550d0dd0017805976,CP,adult,1.0333333333333334,1
5d63867550d0dd0017805976,CP,adult,1.25,1
5d63867550d0dd0017805976,CP,adult,1.02,0
5d63867550d0dd0017805976,CP,adult,1.5,1
5d63867550d0dd0017805976,CP,adult,1.02,1
69cd37de7675fe2a4a6a12f4,CP,adult,1.5,1
5d63867550d0dd0017805976,CP,adult,1.5,1
69cd37de7675fe2a4a6a12f4,CP,adult,1.0333333333333334,1
5d63867550d0dd0017805976,CP,adult,1.5,1
60e9e8092cfc1f464753dd71,CP,adult,1.5,1
69cd37de7675fe2a4a6a12f4,CP,adult,1.3333333333333333,0
5d63867550d0dd0017805976,CP,adult,1.25,1
60e9e8092cfc1f464753dd71,CP,adult,1.3333333333333333,1
69cd37de7675fe2a4a6a12f4,CP,adult,1.25,1
5d63867550d0dd0017805976,CP,adult,1.0333333333333334,1
60e9e8092cfc1f464753dd71,CP,adult,1.02,0
5d63867550d0dd0017805976,CP,adult,1.25,1
69cd37de7675fe2a4a6a12f4,CP,adult,1.05,1
69cd37de7675fe2a4a6a12f4,CP,adult,1.05,0
5d63867550d0dd0017805976,CP,adult,1.02,0
5d63867550d0dd0017805976,CP,adult,1.3333333333333333,1
60e9e8092cfc1f464753dd71,CP,adult,1.5,0
5d63867550d0dd0017805976,CP,adult,1.25,1
60e9e8092cfc1f464753dd71,CP,adult,1.333332857142857,1
69cd37de7675fe2a4a6a12f4,CP,adult,1.05,0
60e9e8092cfc1f464753dd71,CP,adult,1.0333333333333334,1
5d63867550d0dd0017805976,CP,adult,1.025,1
60e9e8092cfc1f464753dd71,CP,adult,1.05,1
69cd37de7675fe2a4a6a12f4,CP,adult,1.0499999999999998,1
69cd37de7675fe2a4a6a12f4,CP,adult,1.025,1
69cd37de7675fe2a4a6a12f4,CP,adult,1.25,1
5d63867550d0dd0017805976,CP,adult,1.5,1
60e9e8092cfc1f464753dd71,CP,adult,1.05,1
60e9e8092cfc1f464753dd71,CP,adult,1.25,1
69cd37de7675fe2a4a6a12f4,CP,adult,1.025,0
5d63867550d0dd0017805976,CP,adult,1.5,1
60e9e8092cfc1f464753dd71,CP,adult,1.0499999999999998,1
69cd37de7675fe2a4a6a12f4,CP,adult,1.025,1
5d63867550d0dd0017805976,CP,adult,1.5,1
60e9e8092cfc1f464753dd71,CP,adult,1.3333333333333333,0
5d63867550d0dd0017805976,CP,adult,1.0499999999999998,0
69cd37de7675fe2a4a6a12f4,CP,adult,1.3333333333333333,1
69cd37de7675fe2a4a6a12f4,CP,adult,1.0333333333333334,1
69cd37de7675fe2a4a6a12f4,CP,adult,1.033334,1
69cd37de7675fe2a4a6a12f4,CP,adult,1.025,1
69cd37de7675fe2a4a6a12f4,CP,adult,1.5,1
5d63867550d0dd0017805976,CP,adult,1.02,1
69cd37de7675fe2a4a6a12f4,CP,adult,1.025,0
69cd37de7675fe2a4a6a12f4,CP,adult,1.25,1
5d63867550d0dd0017805976,CP,adult,1.05,1
5d63867550d0dd0017805976,CP,adult,1.333334,1
5d63867550d0dd0017805976,CP,adult,1.0499999999999998,1
69cd37de7675fe2a4a6a12f4,CP,adult,1.025,0
5d63867550d0dd0017805976,CP,adult,1.025,1
5d63867550d0dd0017805976,CP,adult,1.0499999999999998,1
5d63867550d0dd0017805976,CP,adult,1.25,1
5d63867550d0dd0017805976,CP,adult,1.025,0
69cd37de7675fe2a4a6a12f4,CP,adult,1.0333333333333334,0
69cd37de7675fe2a4a6a12f4,CP,adult,1.5,1
69cd37de7675fe2a4a6a12f4,CP,adult,1.3333333333333333,1
69cd37de7675fe2a4a6a12f4,CP,adult,1.02,1
69cd37de7675fe2a4a6a12f4,CP,adult,1.333332857142857,1
69cd37de7675fe2a4a6a12f4,CP,adult,1.5,1
5d63867550d0dd0017805976,CP,adult,1.033334,1
5d63867550d0dd0017805976,CP,adult,1.3333333333333333,1
5d63867550d0dd0017805976,CP,adult,1.25,1
5d63867550d0dd0017805976,CP,adult,1.033332857142857,1
5d63867550d0dd0017805976,CP,adult,1.333334,1
5d63867550d0dd0017805976,CP,adult,1.5,1
5d63867550d0dd0017805976,CP,adult,1.02,1
6111add3ae6abf5702a22d53,CP,adult,1.0499999999999998,1
6111add3ae6abf5702a22d53,CP,adult,1.5,1
6111add3ae6abf5702a22d53,CP,adult,1.333334,1
6111add3ae6abf5702a22d53,CP,adult,1.333332857142857,1
69d6f333ce1cfc012fa6ac85,CP,adult,1.0499999999999998,1
69d6f333ce1cfc012fa6ac85,CP,adult,1.0333333333333334,1
69d6f333ce1cfc012fa6ac85,CP,adult,1.025,0
69d6f333ce1cfc012fa6ac85,CP,adult,1.033334,1
69d6f333ce1cfc012fa6ac85,CP,adult,1.025,1
69d6f333ce1cfc012fa6ac85,CP,adult,1.3333333333333333,1
6998f73efec085e259436f80,CP,adult,1.25,1
69d6f333ce1cfc012fa6ac85,CP,adult,1.25,1
69d6f333ce1cfc012fa6ac85,CP,adult,1.033334,0
6998f73efec085e259436f80,CP,adult,1.025,1
6998f73efec085e259436f80,CP,adult,1.02,0
5c31847f10677f0001ddc781,CP,adult,1.02,0
6998f73efec085e259436f80,CP,adult,1.5,1
69d6f333ce1cfc012fa6ac85,CP,adult,1.5,1
69d6f333ce1cfc012fa6ac85,CP,adult,1.3333333333333333,1
69d6f333ce1cfc012fa6ac85,CP,adult,1.25,1
5c31847f10677f0001ddc781,CP,adult,1.025,1
6998f73efec085e259436f80,CP,adult,1.3333333333333333,1
5c31847f10677f0001ddc781,CP,adult,1.025,0
6998f73efec085e259436f80,CP,adult,1.333334,1
5c31847f10677f0001ddc781,CP,adult,1.05,1
69d6f333ce1cfc012fa6ac85,CP,adult,1.3333333333333333,0
5c31847f10677f0001ddc781,CP,adult,1.02,1
69d6f333ce1cfc012fa6ac85,CP,adult,1.5,1
69d6f333ce1cfc012fa6ac85,CP,adult,1.25,0
69d6f333ce1cfc012fa6ac85,CP,adult,1.5,0
6998f73efec085e259436f80,CP,adult,1.033332857142857,1
5c31847f10677f0001ddc781,CP,adult,1.02,1
6998f73efec085e259436f80,CP,adult,1.5,1
69d6f333ce1cfc012fa6ac85,CP,adult,1.25,0
69d6f333ce1cfc012fa6ac85,CP,adult,1.333334,1
6998f73efec085e259436f80,CP,adult,1.5,1
5c31847f10677f0001ddc781,CP,adult,1.0333333333333334,0
6998f73efec085e259436f80,CP,adult,1.0333333333333334,1
69cd37de7675fe2a4a6a12f4,CP,adult,1.02,1
69cd37de7675fe2a4a6a12f4,CP,adult,1.25,1
5d63867550d0dd0017805976,CP,adult,1.02,1
5d63867550d0dd0017805976,CP,adult,1.333334,1
5d63867550d0dd0017805976,CP,adult,1.25,1
5d63867550d0dd0017805976,CP,adult,1.02,1
5d63867550d0dd0017805976,CP,adult,1.333334,1
5d63867550d0dd0017805976,CP,adult,1.5,1
5d63867550d0dd0017805976,CP,adult,1.5,1
6111add3ae6abf5702a22d53,CP,adult,1.5,1
6111add3ae6abf5702a22d53,CP,adult,1.333332857142857,1
6111add3ae6abf5702a22d53,CP,adult,1.0499999999999998,1
6111add3ae6abf5702a22d53,CP,adult,1.5,1
6111add3ae6abf5702a22d53,CP,adult,1.0499999999999998,1
6111add3ae6abf5702a22d53,CP,adult,1.25,1
6111add3ae6abf5702a22d53,CP,adult,1.3333333333333333,1
6111add3ae6abf5702a22d53,CP,adult,1.0499999999999998,1
6111add3ae6abf5702a22d53,CP,adult,1.02,1
6111add3ae6abf5702a22d53,CP,adult,1.02,1
6111add3ae6abf5702a22d53,CP,adult,1.033334,0
6111add3ae6abf5702a22d53,CP,adult,1.0333333333333334,0
6111add3ae6abf5702a22d53,CP,adult,1.0499999999999998,1
5827634ea80bf4000199994b,CP,adult,1.5,1
6111add3ae6abf5702a22d53,CP,adult,1.25,1
5827634ea80bf4000199994b,CP,adult,1.025,1
6111add3ae6abf5702a22d53,CP,adult,1.025,0
5827634ea80bf4000199994b,CP,adult,1.5,1
6111add3ae6abf5702a22d53,CP,adult,1.25,0
5827634ea80bf4000199994b,CP,adult,1.25,1
6111add3ae6abf5702a22d53,CP,adult,1.3333333333333333,1
5827634ea80bf4000199994b,CP,adult,1.5,1
6111add3ae6abf5702a22d53,CP,adult,1.5,1
5827634ea80bf4000199994b,CP,adult,1.033334,1
6111add3ae6abf5702a22d53,CP,adult,1.0499999999999998,0
5827634ea80bf4000199994b,CP,adult,1.25,1
6111add3ae6abf5702a22d53,CP,adult,1.25,1
5827634ea80bf4000199994b,CP,adult,1.05,1
6111add3ae6abf5702a22d53,CP,adult,1.05,0
6111add3ae6abf5702a22d53,CP,adult,1.025,0
5827634ea80bf4000199994b,CP,adult,1.05,1
6111add3ae6abf5702a22d53,CP,adult,1.05,0
5827634ea80bf4000199994b,CP,adult,1.333332857142857,1
6111add3ae6abf5702a22d53,CP,adult,1.025,1
5827634ea80bf4000199994b,CP,adult,1.025,0
6111add3ae6abf5702a22d53,CP,adult,1.5,1
5827634ea80bf4000199994b,CP,adult,1.02,0
6111add3ae6abf5702a22d53,CP,adult,1.025,1
5827634ea80bf4000199994b,CP,adult,1.05,1
6111add3ae6abf5702a22d53,CP,adult,1.5,1
5827634ea80bf4000199994b,CP,adult,1.333332857142857,0
6111add3ae6abf5702a22d53,CP,adult,1.25,1
6111add3ae6abf5702a22d53,CP,adult,1.3333333333333333,0
5827634ea80bf4000199994b,CP,adult,1.02,0
6111add3ae6abf5702a22d53,CP,adult,1.033334,0
5827634ea80bf4000199994b,CP,adult,1.02,1
5827634ea80bf4000199994b,CP,adult,1.0333333333333334,0
5827634ea80bf4000199994b,CP,adult,1.25,1
5827634ea80bf4000199994b,CP,adult,1.25,1
5827634ea80bf4000199994b,CP,adult,1.025,1
5827634ea80bf4000199994b,CP,adult,1.3333333333333333,0
5827634ea80bf4000199994b,CP,adult,1.025,1
6111add3ae6abf5702a22d53,CP,adult,1.02,1
6111add3ae6abf5702a22d53,CP,adult,1.25,1
6111add3ae6abf5702a22d53,CP,adult,1.025,0
6111add3ae6abf5702a22d53,CP,adult,1.033334,1
6111add3ae6abf5702a22d53,CP,adult,1.02,1
6111add3ae6abf5702a22d53,CP,adult,1.5,1
6111add3ae6abf5702a22d53,CP,adult,1.25,1
6111add3ae6abf5702a22d53,CP,adult,1.333334,1
5827634ea80bf4000199994b,CP,adult,1.0499999999999998,0
5827634ea80bf4000199994b,CP,adult,1.033334,0
5827634ea80bf4000199994b,CP,adult,1.5,1
5827634ea80bf4000199994b,CP,adult,1.02,0
5827634ea80bf4000199994b,CP,adult,1.025,1
5827634ea80bf4000199994b,CP,adult,1.5,1
5827634ea80bf4000199994b,CP,adult,1.333334,1
6111add3ae6abf5702a22d53,CP,adult,1.333334,1
69d6f333ce1cfc012fa6ac85,CP,adult,1.02,1
69d6f333ce1cfc012fa6ac85,CP,adult,1.0499999999999998,1
69d6f333ce1cfc012fa6ac85,CP,adult,1.333332857142857,1
69d6f333ce1cfc012fa6ac85,CP,adult,1.3333333333333333,1
69d6f333ce1cfc012fa6ac85,CP,adult,1.033334,1
6998f73efec085e259436f80,CP,adult,1.5,1
69d6f333ce1cfc012fa6ac85,CP,adult,1.05,0
69d6f333ce1cfc012fa6ac85,CP,adult,1.3333333333333333,1
69d6f333ce1cfc012fa6ac85,CP,adult,1.05,0
69d6f333ce1cfc012fa6ac85,CP,adult,1.5,1
5c31847f10677f0001ddc781,CP,adult,1.5,1
6998f73efec085e259436f80,CP,adult,1.25,1
5c31847f10677f0001ddc781,CP,adult,1.25,1
6998f73efec085e259436f80,CP,adult,1.02,0
69d6f333ce1cfc012fa6ac85,CP,adult,1.25,1
69d6f333ce1cfc012fa6ac85,CP,adult,1.05,1
69d6f333ce1cfc012fa6ac85,CP,adult,1.333332857142857,1
69d6f333ce1cfc012fa6ac85,CP,adult,1.25,1
6998f73efec085e259436f80,CP,adult,1.3333333333333333,1
69d6f333ce1cfc012fa6ac85,CP,adult,1.05,1
6998f73efec085e259436f80,CP,adult,1.033334,1
5c31847f10677f0001ddc781,CP,adult,1.5,1
6998f73efec085e259436f80,CP,adult,1.5,1
5c31847f10677f0001ddc781,CP,adult,1.333332857142857,1
69d6f333ce1cfc012fa6ac85,CP,adult,1.5,1
69d6f333ce1cfc012fa6ac85,CP,adult,1.333334,1
5c31847f10677f0001ddc781,CP,adult,1.0333333333333334,1
6998f73efec085e259436f80,CP,adult,1.3333333333333333,1
5c31847f10677f0001ddc781,CP,adult,1.05,0
6111add3ae6abf5702a22d53,CP,adult,1.0333333333333334,1
6111add3ae6abf5702a22d53,CP,adult,1.025,1
6111add3ae6abf5702a22d53,CP,adult,1.025,1
6111add3ae6abf5702a22d53,CP,adult,1.033332857142857,1
6111add3ae6abf5702a22d53,CP,adult,1.5,1
6111add3ae6abf5702a22d53,CP,adult,1.25,1
6111add3ae6abf5702a22d53,CP,adult,1.0499999999999998,0
5827634ea80bf4000199994b,CP,adult,1.5,1
5827634ea80bf4000199994b,CP,adult,1.3333333333333333,1
5827634ea80bf4000199994b,CP,adult,1.033332857142857,0
5827634ea80bf4000199994b,CP,adult,1.05,0
5827634ea80bf4000199994b,CP,adult,1.033334,0
5827634ea80bf4000199994b,CP,adult,1.033332857142857,0
5827634ea80bf4000199994b,CP,adult,1.02,0
6111add3ae6abf5702a22d53,CP,adult,1.033332857142857,1
6111add3ae6abf5702a22d53,CP,adult,1.02,1
6111add3ae6abf5702a22d53,CP,adult,1.0499999999999998,0
6111add3ae6abf5702a22d53,CP,adult,1.033332857142857,1
6111add3ae6abf5702a22d53,CP,adult,1.333332857142857,1
6111add3ae6abf5702a22d53,CP,adult,1.02,0
6111add3ae6abf5702a22d53,CP,adult,1.25,0
6111add3ae6abf5702a22d53,CP,adult,1.02,0
5827634ea80bf4000199994b,CP,adult,1.02,1
69d6f333ce1cfc012fa6ac85,CP,adult,1.25,1
69d6f333ce1cfc012fa6ac85,CP,adult,1.25,1
69d6f333ce1cfc012fa6ac85,CP,adult,1.5,1
5c31847f10677f0001ddc781,CP,adult,1.02,0
6998f73efec085e259436f80,CP,adult,1.5,1
69d6f333ce1cfc012fa6ac85,CP,adult,1.5,1
5c31847f10677f0001ddc781,CP,adult,1.02,1
6998f73efec085e259436f80,CP,adult,1.5,1
5c31847f10677f0001ddc781,CP,adult,1.3333333333333333,1
6998f73efec085e259436f80,CP,adult,1.333334,1
5c31847f10677f0001ddc781,CP,adult,1.5,1
6998f73efec085e259436f80,CP,adult,1.0499999999999998,1
5c31847f10677f0001ddc781,CP,adult,1.25,0
6998f73efec085e259436f80,CP,adult,1.025,0
5c31847f10677f0001ddc781,CP,adult,1.025,0
6998f73efec085e259436f80,CP,adult,1.02,1
5c31847f10677f0001ddc781,CP,adult,1.3333333333333333,1
6998f73efec085e259436f80,CP,adult,1.25,1
5c31847f10677f0001ddc781,CP,adult,1.033332857142857,0
6998f73efec085e259436f80,CP,adult,1.25,1
5c31847f10677f0001ddc781,CP,adult,1.25,1
6998f73efec085e259436f80,CP,adult,1.25,1
5c31847f10677f0001ddc781,CP,adult,1.25,1
6998f73efec085e259436f80,CP,adult,1.05,1
5c31847f10677f0001ddc781,CP,adult,1.333332857142857,1
6998f73efec085e259436f80,CP,adult,1.3333333333333333,1
5c31847f10677f0001ddc781,CP,adult,1.5,1
6998f73efec085e259436f80,CP,adult,1.025,1
5c31847f10677f0001ddc781,CP,adult,1.0499999999999998,1
6998f73efec085e259436f80,CP,adult,1.02,0
5c31847f10677f0001ddc781,CP,adult,1.025,0
5c31847f10677f0001ddc781,CP,adult,1.033334,1
5c31847f10677f0001ddc781,CP,adult,1.033332857142857,1
5c31847f10677f0001ddc781,CP,adult,1.0333333333333334,1
5c31847f10677f0001ddc781,CP,adult,1.333332857142857,1
6998f73efec085e259436f80,CP,adult,1.025,1
69cad05abf2672eec988c452,CP,adult,1.3333333333333333,1
6998f73efec085e259436f80,CP,adult,1.033332857142857,1
5c31847f10677f0001ddc781,CP,adult,1.333334,1
69cad05abf2672eec988c452,CP,adult,1.333332857142857,1
6998f73efec085e259436f80,CP,adult,1.025,1
5c31847f10677f0001ddc781,CP,adult,1.0499999999999998,1
69cad05abf2672eec988c452,CP,adult,1.333334,1
6998f73efec085e259436f80,CP,adult,1.0499999999999998,1
5c31847f10677f0001ddc781,CP,adult,1.25,1
69cad05abf2672eec988c452,CP,adult,1.02,0
6998f73efec085e259436f80,CP,adult,1.25,1
5c31847f10677f0001ddc781,CP,adult,1.333334,1
5c31847f10677f0001ddc781,CP,adult,1.0499999999999998,1
6998f73efec085e259436f80,CP,adult,1.05,1
5c31847f10677f0001ddc781,CP,adult,1.25,0
69cad05abf2672eec988c452,CP,adult,1.25,1
6998f73efec085e259436f80,CP,adult,1.02,1
5c31847f10677f0001ddc781,CP,adult,1.333334,1
69cad05abf2672eec988c452,CP,adult,1.02,1
6998f73efec085e259436f80,CP,adult,1.033334,0
5c31847f10677f0001ddc781,CP,adult,1.5,1
69cad05abf2672eec988c452,CP,adult,1.05,0
6998f73efec085e259436f80,CP,adult,1.25,1
69cad05abf2672eec988c452,CP,adult,1.25,1
5c31847f10677f0001ddc781,CP,adult,1.333332857142857,1
6998f73efec085e259436f80,CP,adult,1.05,1
6998f73efec085e259436f80,CP,adult,1.025,0
6998f73efec085e259436f80,CP,adult,1.3333333333333333,1
5c31847f10677f0001ddc781,CP,adult,1.25,1
5c31847f10677f0001ddc781,CP,adult,1.25,1
69cad05abf2672eec988c452,CP,adult,1.033334,1
6998f73efec085e259436f80,CP,adult,1.02,0
6998f73efec085e259436f80,CP,adult,1.333334,1
69cad05abf2672eec988c452,CP,adult,1.02,0
5c31847f10677f0001ddc781,CP,adult,1.0499999999999998,0
6998f73efec085e259436f80,CP,adult,1.05,0
6998f73efec085e259436f80,CP,adult,1.5,1
5c31847f10677f0001ddc781,CP,adult,1.025,0
69cad05abf2672eec988c452,CP,adult,1.025,1
6998f73efec085e259436f80,CP,adult,1.05,1
5c31847f10677f0001ddc781,CP,adult,1.02,0
69cad05abf2672eec988c452,CP,adult,1.025,1
6998f73efec085e259436f80,CP,adult,1.05,0
5c31847f10677f0001ddc781,CP,adult,1.025,1
69cad05abf2672eec988c452,CP,adult,1.25,1
6998f73efec085e259436f80,CP,adult,1.025,1
5c31847f10677f0001ddc781,CP,adult,1.025,0
69cad05abf2672eec988c452,CP,adult,1.0333333333333334,0
6998f73efec085e259436f80,CP,adult,1.0499999999999998,1
5c31847f10677f0001ddc781,CP,adult,1.0333333333333334,1
5c31847f10677f0001ddc781,CP,adult,1.5,1
6998f73efec085e259436f80,CP,adult,1.025,0
6998f73efec085e259436f80,CP,adult,1.05,1
6998f73efec085e259436f80,CP,adult,1.0333333333333334,1
6998f73efec085e259436f80,CP,adult,1.25,1
6998f73efec085e259436f80,CP,adult,1.333334,1
6998f73efec085e259436f80,CP,adult,1.02,1
5c31847f10677f0001ddc781,CP,adult,1.033334,1
5c31847f10677f0001ddc781,CP,adult,1.02,0
69cad05abf2672eec988c452,CP,adult,1.3333333333333333,0
6998f73efec085e259436f80,CP,adult,1.033332857142857,0
5c31847f10677f0001ddc781,CP,adult,1.333332857142857,1
69cad05abf2672eec988c452,CP,adult,1.025,1
6998f73efec085e259436f80,CP,adult,1.02,1
5c31847f10677f0001ddc781,CP,adult,1.05,1
69cad05abf2672eec988c452,CP,adult,1.02,1
6998f73efec085e259436f80,CP,adult,1.25,1
5c31847f10677f0001ddc781,CP,adult,1.02,0
69cad05abf2672eec988c452,CP,adult,1.025,1
6998f73efec085e259436f80,CP,adult,1.033332857142857,1
69cad05abf2672eec988c452,CP,adult,1.25,1
69cad05abf2672eec988c452,CP,adult,1.025,1
6998f73efec085e259436f80,CP,adult,1.033332857142857,0
5c31847f10677f0001ddc781,CP,adult,1.025,0
69cad05abf2672eec988c452,CP,adult,1.5,1
6998f73efec085e259436f80,CP,adult,1.02,0
5c31847f10677f0001ddc781,CP,adult,1.02,1
69cad05abf2672eec988c452,CP,adult,1.025,1
6998f73efec085e259436f80,CP,adult,1.5,1
5c31847f10677f0001ddc781,CP,adult,1.5,1
5c31847f10677f0001ddc781,CP,adult,1.5,1
6998f73efec085e259436f80,CP,adult,1.25,1
69cad05abf2672eec988c452,CP,adult,1.0499999999999998,0
69cad05abf2672eec988c452,CP,adult,1.025,1
5c31847f10677f0001ddc781,CP,adult,1.025,1
69cad05abf2672eec988c452,CP,adult,1.033334,0
69cad05abf2672eec988c452,CP,adult,1.033334,1
6998f73efec085e259436f80,CP,adult,1.025,0
5c31847f10677f0001ddc781,CP,adult,1.0499999999999998,1
69cad05abf2672eec988c452,CP,adult,1.5,1
5c31847f10677f0001ddc781,CP,adult,1.033334,1
6998f73efec085e259436f80,CP,adult,1.02,0
69cad05abf2672eec988c452,CP,adult,1.25,0
5c31847f10677f0001ddc781,CP,adult,1.25,0
69cad05abf2672eec988c452,CP,adult,1.3333333333333333,1
6998f73efec085e259436f80,CP,adult,1.333332857142857,1
5c31847f10677f0001ddc781,CP,adult,1.5,1
69cad05abf2672eec988c452,CP,adult,1.3333333333333333,1
6998f73efec085e259436f80,CP,adult,1.025,0
5c31847f10677f0001ddc781,CP,adult,1.25,1
69cad05abf2672eec988c452,CP,adult,1.02,1
6998f73efec085e259436f80,CP,adult,1.5,1
5c31847f10677f0001ddc781,CP,adult,1.025,1
69cad05abf2672eec988c452,CP,adult,1.5,1
6998f73efec085e259436f80,CP,adult,1.0333333333333334,0
5c31847f10677f0001ddc781,CP,adult,1.05,1
69cad05abf2672eec988c452,CP,adult,1.3333333333333333,1
69cad05abf2672eec988c452,CP,adult,1.0499999999999998,1
5c31847f10677f0001ddc781,CP,adult,1.02,1
5c31847f10677f0001ddc781,CP,adult,1.0333333333333334,1
5c31847f10677f0001ddc781,CP,adult,1.0499999999999998,1
5c31847f10677f0001ddc781,CP,adult,1.5,1
69cad05abf2672eec988c452,CP,adult,1.25,0
69cad05abf2672eec988c452,CP,adult,1.5,1
69cad05abf2672eec988c452,CP,adult,1.05,1
69cad05abf2672eec988c452,CP,adult,1.5,1
69cad05abf2672eec988c452,CP,adult,1.5,0
69cad05abf2672eec988c452,CP,adult,1.0333333333333334,1
69cad05abf2672eec988c452,CP,adult,1.033334,1
69cad05abf2672eec988c452,CP,adult,1.5,1
69cad05abf2672eec988c452,CP,adult,1.25,1
69cad05abf2672eec988c452,CP,adult,1.0499999999999998,0
69cad05abf2672eec988c452,CP,adult,1.05,0
69cad05abf2672eec988c452,CP,adult,1.25,1
69cad05abf2672eec988c452,CP,adult,1.02,0
69cad05abf2672eec988c452,CP,adult,1.033332857142857,0
69cad05abf2672eec988c452,CP,adult,1.025,1
69cad05abf2672eec988c452,CP,adult,1.02,1
61490f8d7e62aaaea93feaf4,CP,adult,1.05,0
6571d21081e5b7f488282b0c,CP,adult,1.0499999999999998,0
5ec43020306f252ea5d83f6f,CP,adult,1.5,1
676ae3e650a28a06d8486941,CP,adult,1.25,0
696bbc24d203a82d2c6e9ca8,CP,adult,1.05,0
5fefefa4c9707d3516361c9c,CP,adult,1.02,1
69419ffdfdfb97e0bf9cca18,CP,adult,1.02,1
5d542c3a5af5900019bc80c4,CP,adult,1.02,1
69dd84f43ecdf4763f2f3ce9,CP,adult,1.02,0
6317ff092d6b47344b7d1ec5,CP,adult,1.025,0
69dd52eb4170af5eac4bd1e8,CP,adult,1.025,1
66c3366a3b5834b89124e85a,CP,adult,1.0333333333333334,0
5d31dc6e42678e001a0bdedd,CP,adult,1.02,0
5ffc9acaaacffc0cb55ba3ab,CP,adult,1.5,1
5cae6a77b38ea60016e54889,CP,adult,1.025,1
69517812a9042b183ebc818f,CP,adult,1.333334,1
696bbc24d203a82d2c6e9ca8,CP,adult,1.5,1
69dd84f43ecdf4763f2f3ce9,CP,adult,1.25,1
6697f953a43613fe2f6a2883,CP,adult,1.333332857142857,1
69dfd6548334412db2f468cf,CP,adult,1.02,0
69419ffdfdfb97e0bf9cca18,CP,adult,1.25,1
60b8f2c365ec36a3395896b6,CP,adult,1.02,1
5ec43020306f252ea5d83f6f,CP,adult,1.033332857142857,1
6317ff092d6b47344b7d1ec5,CP,adult,1.25,0
5fefefa4c9707d3516361c9c,CP,adult,1.033332857142857,1
598f22af33481c000164d359,CP,adult,1.3333333333333333,1
5cae6a77b38ea60016e54889,CP,adult,1.025,0
69b2eaab584f6399e281f2ca,CP,adult,1.025,1
676ae3e650a28a06d8486941,CP,adult,1.025,0
667b369632ed2d5b2d3b9947,CP,adult,1.033334,0
69694af40a5fb63ed7b72849,CP,adult,1.3333333333333333,1
6697f953a43613fe2f6a2883,CP,adult,1.025,0
667b369632ed2d5b2d3b9947,CP,adult,1.25,1
5d542c3a5af5900019bc80c4,CP,adult,1.5,1
69419ffdfdfb97e0bf9cca18,CP,adult,1.3333333333333333,1
61490f8d7e62aaaea93feaf4,CP,adult,1.02,1
69cad05abf2672eec988c452,CP,adult,1.05,0
69cad05abf2672eec988c452,CP,adult,1.25,1
69cad05abf2672eec988c452,CP,adult,1.5,1
69cad05abf2672eec988c452,CP,adult,1.0499999999999998,1
69cad05abf2672eec988c452,CP,adult,1.333332857142857,1
69cad05abf2672eec988c452,CP,adult,1.333334,0
69cad05abf2672eec988c452,CP,adult,1.5,1
69cad05abf2672eec988c452,CP,adult,1.3333333333333333,1
69cad05abf2672eec988c452,CP,adult,1.05,1
69cad05abf2672eec988c452,CP,adult,1.0333333333333334,1
69cad05abf2672eec988c452,CP,adult,1.02,0
69cad05abf2672eec988c452,CP,adult,1.02,1
69cad05abf2672eec988c452,CP,adult,1.033334,0
69cad05abf2672eec988c452,CP,adult,1.25,1
69cad05abf2672eec988c452,CP,adult,1.5,1
69cad05abf2672eec988c452,CP,adult,1.025,0
69cad05abf2672eec988c452,CP,adult,1.0333333333333334,0
69cad05abf2672eec988c452,CP,adult,1.02,1
69cad05abf2672eec988c452,CP,adult,1.025,0
69cad05abf2672eec988c452,CP,adult,1.0499999999999998,1
63d3ff7455fe68b811ef6b57,CP,adult,1.5,1
63d3ff7455fe68b811ef6b57,CP,adult,1.033332857142857,0
63d3ff7455fe68b811ef6b57,CP,adult,1.033332857142857,0
63d3ff7455fe68b811ef6b57,CP,adult,1.02,0
63d3ff7455fe68b811ef6b57,CP,adult,1.02,1
63d3ff7455fe68b811ef6b57,CP,adult,1.033332857142857,1
63d3ff7455fe68b811ef6b57,CP,adult,1.02,1
63d3ff7455fe68b811ef6b57,CP,adult,1.05,1
63d3ff7455fe68b811ef6b57,CP,adult,1.025,0
63d3ff7455fe68b811ef6b57,CP,adult,1.5,1
63d3ff7455fe68b811ef6b57,CP,adult,1.025,1
63d3ff7455fe68b811ef6b57,CP,adult,1.05,1
63d3ff7455fe68b811ef6b57,CP,adult,1.02,1
63d3ff7455fe68b811ef6b57,CP,adult,1.025,0
63d3ff7455fe68b811ef6b57,CP,adult,1.25,0
63d3ff7455fe68b811ef6b57,CP,adult,1.333334,1
63d3ff7455fe68b811ef6b57,CP,adult,1.033332857142857,1
63d3ff7455fe68b811ef6b57,CP,adult,1.333334,1
63d3ff7455fe68b811ef6b57,CP,adult,1.02,0
63d3ff7455fe68b811ef6b57,CP,adult,1.5,1
63d3ff7455fe68b811ef6b57,CP,adult,1.25,0
67d0a57b0a4981c5e65c3bcc,CP,adult,1.25,0
67d0a57b0a4981c5e65c3bcc,CP,adult,1.333332857142857,1
63d3ff7455fe68b811ef6b57,CP,adult,1.333334,0
67d0a57b0a4981c5e65c3bcc,CP,adult,1.25,1
67d0a57b0a4981c5e65c3bcc,CP,adult,1.033334,1
63d3ff7455fe68b811ef6b57,CP,adult,1.025,0
63d3ff7455fe68b811ef6b57,CP,adult,1.25,1
63d3ff7455fe68b811ef6b57,CP,adult,1.0333333333333334,0
67d0a57b0a4981c5e65c3bcc,CP,adult,1.0499999999999998,1
67d0a57b0a4981c5e65c3bcc,CP,adult,1.333334,1
67d0a57b0a4981c5e65c3bcc,CP,adult,1.333332857142857,1
63d3ff7455fe68b811ef6b57,CP,adult,1.02,1
677891f035561f24d38aaf5e,CP,adult,1.05,1
63d3ff7455fe68b811ef6b57,CP,adult,1.025,1
63d3ff7455fe68b811ef6b57,CP,adult,1.5,1
63d3ff7455fe68b811ef6b57,CP,adult,1.333332857142857,1
677891f035561f24d38aaf5e,CP,adult,1.033334,0
67d0a57b0a4981c5e65c3bcc,CP,adult,1.033334,0
677891f035561f24d38aaf5e,CP,adult,1.05,0
67d0a57b0a4981c5e65c3bcc,CP,adult,1.02,1
677891f035561f24d38aaf5e,CP,adult,1.02,1
63d3ff7455fe68b811ef6b57,CP,adult,1.25,0
677891f035561f24d38aaf5e,CP,adult,1.02,1
677891f035561f24d38aaf5e,CP,adult,1.5,1
67d0a57b0a4981c5e65c3bcc,CP,adult,1.333334,1
63d3ff7455fe68b811ef6b57,CP,adult,1.333332857142857,1
67d0a57b0a4981c5e65c3bcc,CP,adult,1.025,0
67d0a57b0a4981c5e65c3bcc,CP,adult,1.5,1
63d3ff7455fe68b811ef6b57,CP,adult,1.333334,1
67d0a57b0a4981c5e65c3bcc,CP,adult,1.025,1
63d3ff7455fe68b811ef6b57,CP,adult,1.5,1
677891f035561f24d38aaf5e,CP,adult,1.025,0
63d3ff7455fe68b811ef6b57,CP,adult,1.5,1
677891f035561f24d38aaf5e,CP,adult,1.02,1
677891f035561f24d38aaf5e,CP,adult,1.333332857142857,1
63d3ff7455fe68b811ef6b57,CP,adult,1.025,1
67d0a57b0a4981c5e65c3bcc,CP,adult,1.025,0
63d3ff7455fe68b811ef6b57,CP,adult,1.5,1
677891f035561f24d38aaf5e,CP,adult,1.025,1
63d3ff7455fe68b811ef6b57,CP,adult,1.02,1
677891f035561f24d38aaf5e,CP,adult,1.333334,1
67d0a57b0a4981c5e65c3bcc,CP,adult,1.0333333333333334,1
677891f035561f24d38aaf5e,CP,adult,1.0499999999999998,1
67d0a57b0a4981c5e65c3bcc,CP,adult,1.02,0
63d3ff7455fe68b811ef6b57,CP,adult,1.05,1
63d3ff7455fe68b811ef6b57,CP,adult,1.5,1
63d3ff7455fe68b811ef6b57,CP,adult,1.0499999999999998,1
63d3ff7455fe68b811ef6b57,CP,adult,1.25,0
67d0a57b0a4981c5e65c3bcc,CP,adult,1.333332857142857,1
677891f035561f24d38aaf5e,CP,adult,1.25,1
63d3ff7455fe68b811ef6b57,CP,adult,1.25,1
677891f035561f24d38aaf5e,CP,adult,1.05,1
63d3ff7455fe68b811ef6b57,CP,adult,1.333332857142857,1
67d0a57b0a4981c5e65c3bcc,CP,adult,1.025,1
63d3ff7455fe68b811ef6b57,CP,adult,1.0499999999999998,1
63d3ff7455fe68b811ef6b57,CP,adult,1.033332857142857,0
67d0a57b0a4981c5e65c3bcc,CP,adult,1.3333333333333333,1
63d3ff7455fe68b811ef6b57,CP,adult,1.05,1
63d3ff7455fe68b811ef6b57,CP,adult,1.05,1
63d3ff7455fe68b811ef6b57,CP,adult,1.0333333333333334,1
67d0a57b0a4981c5e65c3bcc,CP,adult,1.333332857142857,1
67d0a57b0a4981c5e65c3bcc,CP,adult,1.5,1
63d3ff7455fe68b811ef6b57,CP,adult,1.025,0
63d3ff7455fe68b811ef6b57,CP,adult,1.033332857142857,1
63d3ff7455fe68b811ef6b57,CP,adult,1.25,1
677891f035561f24d38aaf5e,CP,adult,1.025,1
63d3ff7455fe68b811ef6b57,CP,adult,1.3333333333333333,1
67d0a57b0a4981c5e65c3bcc,CP,adult,1.05,0
67d0a57b0a4981c5e65c3bcc,CP,adult,1.25,1
677891f035561f24d38aaf5e,CP,adult,1.02,0
67d0a57b0a4981c5e65c3bcc,CP,adult,1.3333333333333333,1
63d3ff7455fe68b811ef6b57,CP,adult,1.05,1
63d3ff7455fe68b811ef6b57,CP,adult,1.05,0
63d3ff7455fe68b811ef6b57,CP,adult,1.033334,1
63d3ff7455fe68b811ef6b57,CP,adult,1.25,1
67d0a57b0a4981c5e65c3bcc,CP,adult,1.5,1
63d3ff7455fe68b811ef6b57,CP,adult,1.02,0
67d0a57b0a4981c5e65c3bcc,CP,adult,1.025,0
63d3ff7455fe68b811ef6b57,CP,adult,1.25,1
63d3ff7455fe68b811ef6b57,CP,adult,1.033332857142857,0
677891f035561f24d38aaf5e,CP,adult,1.025,0
63d3ff7455fe68b811ef6b57,CP,adult,1.05,0
677891f035561f24d38aaf5e,CP,adult,1.05,1
63d3ff7455fe68b811ef6b57,CP,adult,1.025,1
677891f035561f24d38aaf5e,CP,adult,1.033332857142857,0
67d0a57b0a4981c5e65c3bcc,CP,adult,1.02,1
63d3ff7455fe68b811ef6b57,CP,adult,1.02,1
67d0a57b0a4981c5e65c3bcc,CP,adult,1.05,0
63d3ff7455fe68b811ef6b57,CP,adult,1.025,1
67d0a57b0a4981c5e65c3bcc,CP,adult,1.02,1
63d3ff7455fe68b811ef6b57,CP,adult,1.333334,0
677891f035561f24d38aaf5e,CP,adult,1.5,1
67d0a57b0a4981c5e65c3bcc,CP,adult,1.025,1
63d3ff7455fe68b811ef6b57,CP,adult,1.25,1
67d0a57b0a4981c5e65c3bcc,CP,adult,1.25,1
63d3ff7455fe68b811ef6b57,CP,adult,1.02,1
63d3ff7455fe68b811ef6b57,CP,adult,1.3333333333333333,1
63d3ff7455fe68b811ef6b57,CP,adult,1.025,0
677891f035561f24d38aaf5e,CP,adult,1.033334,0
67d0a57b0a4981c5e65c3bcc,CP,adult,1.02,0
677891f035561f24d38aaf5e,CP,adult,1.02,1
67d0a57b0a4981c5e65c3bcc,CP,adult,1.0333333333333334,1
677891f035561f24d38aaf5e,CP,adult,1.025,0
63d3ff7455fe68b811ef6b57,CP,adult,1.5,1
67d0a57b0a4981c5e65c3bcc,CP,adult,1.05,1
63d3ff7455fe68b811ef6b57,CP,adult,1.5,1
67d0a57b0a4981c5e65c3bcc,CP,adult,1.02,1
677891f035561f24d38aaf5e,CP,adult,1.5,1
677891f035561f24d38aaf5e,CP,adult,1.5,1
677891f035561f24d38aaf5e,CP,adult,1.5,1
677891f035561f24d38aaf5e,CP,adult,1.3333333333333333,1
677891f035561f24d38aaf5e,CP,adult,1.02,0
677891f035561f24d38aaf5e,CP,adult,1.25,0
677891f035561f24d38aaf5e,CP,adult,1.5,1
67d0a57b0a4981c5e65c3bcc,CP,adult,1.5,1
67d0a57b0a4981c5e65c3bcc,CP,adult,1.0499999999999998,1
67d0a57b0a4981c5e65c3bcc,CP,adult,1.02,0
67d0a57b0a4981c5e65c3bcc,CP,adult,1.05,0
67d0a57b0a4981c5e65c3bcc,CP,adult,1.5,1
67d0a57b0a4981c5e65c3bcc,CP,adult,1.5,1
67d0a57b0a4981c5e65c3bcc,CP,adult,1.333334,1
67d0a57b0a4981c5e65c3bcc,CP,adult,1.025,1
67d0a57b0a4981c5e65c3bcc,CP,adult,1.25,0
67d0a57b0a4981c5e65c3bcc,CP,adult,1.025,0
67d0a57b0a4981c5e65c3bcc,CP,adult,1.025,1
67d0a57b0a4981c5e65c3bcc,CP,adult,1.5,1
67d0a57b0a4981c5e65c3bcc,CP,adult,1.02,0
67d0a57b0a4981c5e65c3bcc,CP,adult,1.033332857142857,0
67d0a57b0a4981c5e65c3bcc,CP,adult,1.0499999999999998,1
67d0a57b0a4981c5e65c3bcc,CP,adult,1.5,1
67d0a57b0a4981c5e65c3bcc,CP,adult,1.25,1
67d0a57b0a4981c5e65c3bcc,CP,adult,1.5,1
677891f035561f24d38aaf5e,CP,adult,1.25,1
677891f035561f24d38aaf5e,CP,adult,1.025,0
677891f035561f24d38aaf5e,CP,adult,1.05,0
677891f035561f24d38aaf5e,CP,adult,1.02,1
67d0a57b0a4981c5e65c3bcc,CP,adult,1.25,1
67d0a57b0a4981c5e65c3bcc,CP,adult,1.25,1
67d0a57b0a4981c5e65c3bcc,CP,adult,1.0499999999999998,1
67d0a57b0a4981c5e65c3bcc,CP,adult,1.033332857142857,1
67d0a57b0a4981c5e65c3bcc,CP,adult,1.033332857142857,0
677891f035561f24d38aaf5e,CP,adult,1.25,1
677891f035561f24d38aaf5e,CP,adult,1.033334,1
677891f035561f24d38aaf5e,CP,adult,1.333334,1
677891f035561f24d38aaf5e,CP,adult,1.3333333333333333,1
677891f035561f24d38aaf5e,CP,adult,1.025,1
677891f035561f24d38aaf5e,CP,adult,1.02,1
677891f035561f24d38aaf5e,CP,adult,1.033334,1
69b2eaab584f6399e281f2ca,CP,adult,1.25,1
5cae6a77b38ea60016e54889,CP,adult,1.333332857142857,0
60b8f2c365ec36a3395896b6,CP,adult,1.033334,1
667b369632ed2d5b2d3b9947,CP,adult,1.333334,1
69dfd6548334412db2f468cf,CP,adult,1.3333333333333333,1
6995ebe917abe5d36a3b17e0,CP,adult,1.02,0
5b9e2f45f07414000105160b,CP,adult,1.5,1
6697f953a43613fe2f6a2883,CP,adult,1.333334,1
60ff186560b3d8631d11f5f7,CP,adult,1.5,1
63af557b3d4f219c3226b7d6,CP,adult,1.025,0
598f22af33481c000164d359,CP,adult,1.5,1
69694af40a5fb63ed7b72849,CP,adult,1.02,0
6612d5d5abf4df0d84f44b3e,CP,adult,1.25,1
69b2eaab584f6399e281f2ca,CP,adult,1.5,1
69443f6d432f063164327f8e,CP,adult,1.0499999999999998,1
67d0a57b0a4981c5e65c3bcc,CP,adult,1.25,0
67d0a57b0a4981c5e65c3bcc,CP,adult,1.033332857142857,1
67d0a57b0a4981c5e65c3bcc,CP,adult,1.3333333333333333,1
67d0a57b0a4981c5e65c3bcc,CP,adult,1.05,1
67d0a57b0a4981c5e65c3bcc,CP,adult,1.02,0
67d0a57b0a4981c5e65c3bcc,CP,adult,1.0499999999999998,1
67d0a57b0a4981c5e65c3bcc,CP,adult,1.02,1
677891f035561f24d38aaf5e,CP,adult,1.5,1
677891f035561f24d38aaf5e,CP,adult,1.033332857142857,1
677891f035561f24d38aaf5e,CP,adult,1.033334,1
677891f035561f24d38aaf5e,CP,adult,1.333334,1
677891f035561f24d38aaf5e,CP,adult,1.05,0
677891f035561f24d38aaf5e,CP,adult,1.05,0
677891f035561f24d38aaf5e,CP,adult,1.333332857142857,1
677891f035561f24d38aaf5e,CP,adult,1.025,0
677891f035561f24d38aaf5e,CP,adult,1.25,1
677891f035561f24d38aaf5e,CP,adult,1.5,1
677891f035561f24d38aaf5e,CP,adult,1.5,1
677891f035561f24d38aaf5e,CP,adult,1.033334,1
677891f035561f24d38aaf5e,CP,adult,1.05,1
677891f035561f24d38aaf5e,CP,adult,1.5,1
677891f035561f24d38aaf5e,CP,adult,1.25,1
677891f035561f24d38aaf5e,CP,adult,1.333334,1
677891f035561f24d38aaf5e,CP,adult,1.02,1
67d0a57b0a4981c5e65c3bcc,CP,adult,1.025,0
67d0a57b0a4981c5e65c3bcc,CP,adult,1.25,1
67d0a57b0a4981c5e65c3bcc,CP,adult,1.5,1
67d0a57b0a4981c5e65c3bcc,CP,adult,1.033334,1
67d0a57b0a4981c5e65c3bcc,CP,adult,1.033332857142857,1
677891f035561f24d38aaf5e,CP,adult,1.025,1
677891f035561f24d38aaf5e,CP,adult,1.02,1
677891f035561f24d38aaf5e,CP,adult,1.033332857142857,1
677891f035561f24d38aaf5e,CP,adult,1.25,1
677891f035561f24d38aaf5e,CP,adult,1.333332857142857,1
677891f035561f24d38aaf5e,CP,adult,1.25,1
677891f035561f24d38aaf5e,CP,adult,1.333332857142857,1
677891f035561f24d38aaf5e,CP,adult,1.025,1
677891f035561f24d38aaf5e,CP,adult,1.0333333333333334,0
677891f035561f24d38aaf5e,CP,adult,1.25,1
677891f035561f24d38aaf5e,CP,adult,1.0499999999999998,1
677891f035561f24d38aaf5e,CP,adult,1.25,1
59e833e72f63d30001c8fb86,CP,adult,1.5,1
59e833e72f63d30001c8fb86,CP,adult,1.0499999999999998,1
59e833e72f63d30001c8fb86,CP,adult,1.025,0
59e833e72f63d30001c8fb86,CP,adult,1.025,1
59e833e72f63d30001c8fb86,CP,adult,1.05,1
59e833e72f63d30001c8fb86,CP,adult,1.333334,1
59e833e72f63d30001c8fb86,CP,adult,1.0499999999999998,1
59e833e72f63d30001c8fb86,CP,adult,1.025,0
59e833e72f63d30001c8fb86,CP,adult,1.333332857142857,1
59e833e72f63d30001c8fb86,CP,adult,1.25,1
59e833e72f63d30001c8fb86,CP,adult,1.5,1
59e833e72f63d30001c8fb86,CP,adult,1.333332857142857,1
59e833e72f63d30001c8fb86,CP,adult,1.333334,1
59e833e72f63d30001c8fb86,CP,adult,1.033332857142857,1
59e833e72f63d30001c8fb86,CP,adult,1.5,1
59e833e72f63d30001c8fb86,CP,adult,1.025,1
59e833e72f63d30001c8fb86,CP,adult,1.025,0
59e833e72f63d30001c8fb86,CP,adult,1.02,1
59e833e72f63d30001c8fb86,CP,adult,1.02,1
59e833e72f63d30001c8fb86,CP,adult,1.033334,1
59e833e72f63d30001c8fb86,CP,adult,1.033332857142857,1
59e833e72f63d30001c8fb86,CP,adult,1.333332857142857,1
59e833e72f63d30001c8fb86,CP,adult,1.02,1
59e833e72f63d30001c8fb86,CP,adult,1.025,1
59e833e72f63d30001c8fb86,CP,adult,1.333334,1
59e833e72f63d30001c8fb86,CP,adult,1.02,1
59e833e72f63d30001c8fb86,CP,adult,1.25,1
59e833e72f63d30001c8fb86,CP,adult,1.25,1
59e833e72f63d30001c8fb86,CP,adult,1.5,1
676ae3e650a28a06d8486941,CP,adult,1.25,1
5ef52a87f04c781600ae4114,CP,adult,1.025,1
5b9e2f45f07414000105160b,CP,adult,1.5,1
5d542c3a5af5900019bc80c4,CP,adult,1.033332857142857,0
61490f8d7e62aaaea93feaf4,CP,adult,1.02,0
6995ebe917abe5d36a3b17e0,CP,adult,1.25,1
69dd52eb4170af5eac4bd1e8,CP,adult,1.25,1
63af557b3d4f219c3226b7d6,CP,adult,1.25,1
66c3366a3b5834b89124e85a,CP,adult,1.333334,0
6612d5d5abf4df0d84f44b3e,CP,adult,1.02,0
60ff186560b3d8631d11f5f7,CP,adult,1.3333333333333333,1
696bbc24d203a82d2c6e9ca8,CP,adult,1.05,1
5d31dc6e42678e001a0bdedd,CP,adult,1.02,0
69dd84f43ecdf4763f2f3ce9,CP,adult,1.05,0
5ffc9acaaacffc0cb55ba3ab,CP,adult,1.025,1
5b9e2f45f07414000105160b,CP,adult,1.5,1
69dfd6548334412db2f468cf,CP,adult,1.5,1
69517812a9042b183ebc818f,CP,adult,1.333334,1
69443f6d432f063164327f8e,CP,adult,1.05,1
66c3366a3b5834b89124e85a,CP,adult,1.05,0
69dd52eb4170af5eac4bd1e8,CP,adult,1.25,1
6317ff092d6b47344b7d1ec5,CP,adult,1.033332857142857,0
5cae6a77b38ea60016e54889,CP,adult,1.333332857142857,1
676ae3e650a28a06d8486941,CP,adult,1.5,1
696bbc24d203a82d2c6e9ca8,CP,adult,1.05,0
667b369632ed2d5b2d3b9947,CP,adult,1.25,1
69dd84f43ecdf4763f2f3ce9,CP,adult,1.3333333333333333,1
60b8f2c365ec36a3395896b6,CP,adult,1.033334,1
61490f8d7e62aaaea93feaf4,CP,adult,1.25,0
6697f953a43613fe2f6a2883,CP,adult,1.333334,1
69b2eaab584f6399e281f2ca,CP,adult,1.025,1
5d542c3a5af5900019bc80c4,CP,adult,1.025,1
69694af40a5fb63ed7b72849,CP,adult,1.333332857142857,1
69419ffdfdfb97e0bf9cca18,CP,adult,1.05,0
5d31dc6e42678e001a0bdedd,CP,adult,1.0333333333333334,1
5ffc9acaaacffc0cb55ba3ab,CP,adult,1.0499999999999998,1
59e833e72f63d30001c8fb86,CP,adult,1.025,0
59e833e72f63d30001c8fb86,CP,adult,1.02,1
59e833e72f63d30001c8fb86,CP,adult,1.3333333333333333,1
59e833e72f63d30001c8fb86,CP,adult,1.033332857142857,0
59e833e72f63d30001c8fb86,CP,adult,1.25,1
59e833e72f63d30001c8fb86,CP,adult,1.0333333333333334,1
59e833e72f63d30001c8fb86,CP,adult,1.0333333333333334,0
59e833e72f63d30001c8fb86,CP,adult,1.025,0
59e833e72f63d30001c8fb86,CP,adult,1.0499999999999998,0
59e833e72f63d30001c8fb86,CP,adult,1.05,1
59e833e72f63d30001c8fb86,CP,adult,1.25,1
59e833e72f63d30001c8fb86,CP,adult,1.5,1
59e833e72f63d30001c8fb86,CP,adult,1.02,0
59e833e72f63d30001c8fb86,CP,adult,1.033332857142857,1
59e833e72f63d30001c8fb86,CP,adult,1.02,1
59e833e72f63d30001c8fb86,CP,adult,1.02,1
59e833e72f63d30001c8fb86,CP,adult,1.02,0
59e833e72f63d30001c8fb86,CP,adult,1.0499999999999998,0
59e833e72f63d30001c8fb86,CP,adult,1.025,0
59e833e72f63d30001c8fb86,CP,adult,1.25,1
59e833e72f63d30001c8fb86,CP,adult,1.5,1
59e833e72f63d30001c8fb86,CP,adult,1.0333333333333334,1
59e833e72f63d30001c8fb86,CP,adult,1.05,1
59e833e72f63d30001c8fb86,CP,adult,1.333334,0
59e833e72f63d30001c8fb86,CP,adult,1.02,1
59e833e72f63d30001c8fb86,CP,adult,1.25,1
59e833e72f63d30001c8fb86,CP,adult,1.05,1
59e833e72f63d30001c8fb86,CP,adult,1.05,1
59e833e72f63d30001c8fb86,CP,adult,1.025,1
59e833e72f63d30001c8fb86,CP,adult,1.25,1
59e833e72f63d30001c8fb86,CP,adult,1.5,1
59e833e72f63d30001c8fb86,CP,adult,1.333334,1
59e833e72f63d30001c8fb86,CP,adult,1.033334,1
59e833e72f63d30001c8fb86,CP,adult,1.5,1
59e833e72f63d30001c8fb86,CP,adult,1.05,1
59e833e72f63d30001c8fb86,CP,adult,1.5,1
59e833e72f63d30001c8fb86,CP,adult,1.3333333333333333,1
59e833e72f63d30001c8fb86,CP,adult,1.25,1
59e833e72f63d30001c8fb86,CP,adult,1.25,1
59e833e72f63d30001c8fb86,CP,adult,1.5,1
59e833e72f63d30001c8fb86,CP,adult,1.033334,0
5d542c3a5af5900019bc80c4,CP,adult,1.333334,1
696bbc24d203a82d2c6e9ca8,CP,adult,1.333334,1
5d542c3a5af5900019bc80c4,CP,adult,1.5,1
667b369632ed2d5b2d3b9947,CP,adult,1.5,1
5d542c3a5af5900019bc80c4,CP,adult,1.25,1
667b369632ed2d5b2d3b9947,CP,adult,1.25,1
667b369632ed2d5b2d3b9947,CP,adult,1.25,0
5d542c3a5af5900019bc80c4,CP,adult,1.033334,0
667b369632ed2d5b2d3b9947,CP,adult,1.025,0
696bbc24d203a82d2c6e9ca8,CP,adult,1.0499999999999998,0
667b369632ed2d5b2d3b9947,CP,adult,1.033334,0
696bbc24d203a82d2c6e9ca8,CP,adult,1.3333333333333333,1
667b369632ed2d5b2d3b9947,CP,adult,1.25,1
5d542c3a5af5900019bc80c4,CP,adult,1.25,1
69419ffdfdfb97e0bf9cca18,CP,adult,1.025,1
5d542c3a5af5900019bc80c4,CP,adult,1.02,1
69419ffdfdfb97e0bf9cca18,CP,adult,1.25,1
696bbc24d203a82d2c6e9ca8,CP,adult,1.333334,1
69419ffdfdfb97e0bf9cca18,CP,adult,1.033332857142857,0
696bbc24d203a82d2c6e9ca8,CP,adult,1.02,0
696bbc24d203a82d2c6e9ca8,CP,adult,1.02,0
5d542c3a5af5900019bc80c4,CP,adult,1.033334,1
696bbc24d203a82d2c6e9ca8,CP,adult,1.033334,0
667b369632ed2d5b2d3b9947,CP,adult,1.5,1
696bbc24d203a82d2c6e9ca8,CP,adult,1.25,1
5d542c3a5af5900019bc80c4,CP,adult,1.025,1
696bbc24d203a82d2c6e9ca8,CP,adult,1.033332857142857,0
5d542c3a5af5900019bc80c4,CP,adult,1.025,1
667b369632ed2d5b2d3b9947,CP,adult,1.5,1
5d542c3a5af5900019bc80c4,CP,adult,1.033334,1
667b369632ed2d5b2d3b9947,CP,adult,1.5,1
5d542c3a5af5900019bc80c4,CP,adult,1.025,0
696bbc24d203a82d2c6e9ca8,CP,adult,1.333332857142857,1
667b369632ed2d5b2d3b9947,CP,adult,1.5,1
696bbc24d203a82d2c6e9ca8,CP,adult,1.0333333333333334,1
667b369632ed2d5b2d3b9947,CP,adult,1.333334,0
5d542c3a5af5900019bc80c4,CP,adult,1.0333333333333334,1
5ef52a87f04c781600ae4114,CP,adult,1.25,1
667b369632ed2d5b2d3b9947,CP,adult,1.025,1
5d542c3a5af5900019bc80c4,CP,adult,1.5,1
696bbc24d203a82d2c6e9ca8,CP,adult,1.02,0
5d542c3a5af5900019bc80c4,CP,adult,1.25,0
69419ffdfdfb97e0bf9cca18,CP,adult,1.033332857142857,0
667b369632ed2d5b2d3b9947,CP,adult,1.333332857142857,1
5ef52a87f04c781600ae4114,CP,adult,1.02,1
5d542c3a5af5900019bc80c4,CP,adult,1.025,1
69dd84f43ecdf4763f2f3ce9,CP,adult,1.05,0
696bbc24d203a82d2c6e9ca8,CP,adult,1.25,0
5ef52a87f04c781600ae4114,CP,adult,1.0499999999999998,1
6317ff092d6b47344b7d1ec5,CP,adult,1.25,1
60ff186560b3d8631d11f5f7,CP,adult,1.25,1
6697f953a43613fe2f6a2883,CP,adult,1.02,0
667b369632ed2d5b2d3b9947,CP,adult,1.02,0
5d542c3a5af5900019bc80c4,CP,adult,1.033334,1
6317ff092d6b47344b7d1ec5,CP,adult,1.25,1
5ef52a87f04c781600ae4114,CP,adult,1.02,0
667b369632ed2d5b2d3b9947,CP,adult,1.0333333333333334,1
5d542c3a5af5900019bc80c4,CP,adult,1.0499999999999998,0
69419ffdfdfb97e0bf9cca18,CP,adult,1.025,0
66c3366a3b5834b89124e85a,CP,adult,1.02,0
6697f953a43613fe2f6a2883,CP,adult,1.02,1
69419ffdfdfb97e0bf9cca18,CP,adult,1.0499999999999998,0
60ff186560b3d8631d11f5f7,CP,adult,1.033332857142857,0
69517812a9042b183ebc818f,CP,adult,1.02,0
667b369632ed2d5b2d3b9947,CP,adult,1.333334,1
5ef52a87f04c781600ae4114,CP,adult,1.033334,0
63af557b3d4f219c3226b7d6,CP,adult,1.05,1
6697f953a43613fe2f6a2883,CP,adult,1.25,1
5d542c3a5af5900019bc80c4,CP,adult,1.25,1
69dd84f43ecdf4763f2f3ce9,CP,adult,1.02,0
696bbc24d203a82d2c6e9ca8,CP,adult,1.033334,0
667b369632ed2d5b2d3b9947,CP,adult,1.02,1
60ff186560b3d8631d11f5f7,CP,adult,1.05,1
5ef52a87f04c781600ae4114,CP,adult,1.033334,0
5d542c3a5af5900019bc80c4,CP,adult,1.3333333333333333,1
69419ffdfdfb97e0bf9cca18,CP,adult,1.02,1
69dd84f43ecdf4763f2f3ce9,CP,adult,1.033332857142857,0
667b369632ed2d5b2d3b9947,CP,adult,1.033334,1
69517812a9042b183ebc818f,CP,adult,1.333332857142857,1
5ef52a87f04c781600ae4114,CP,adult,1.5,1
66c3366a3b5834b89124e85a,CP,adult,1.02,0
5ffc9acaaacffc0cb55ba3ab,CP,adult,1.333332857142857,0
5d542c3a5af5900019bc80c4,CP,adult,1.333334,1
6697f953a43613fe2f6a2883,CP,adult,1.05,1
69dd84f43ecdf4763f2f3ce9,CP,adult,1.025,1
696bbc24d203a82d2c6e9ca8,CP,adult,1.0333333333333334,1
6317ff092d6b47344b7d1ec5,CP,adult,1.05,1
69419ffdfdfb97e0bf9cca18,CP,adult,1.05,0
667b369632ed2d5b2d3b9947,CP,adult,1.05,0
5ef52a87f04c781600ae4114,CP,adult,1.3333333333333333,1
60ff186560b3d8631d11f5f7,CP,adult,1.5,1
696bbc24d203a82d2c6e9ca8,CP,adult,1.25,0
6317ff092d6b47344b7d1ec5,CP,adult,1.025,1
69419ffdfdfb97e0bf9cca18,CP,adult,1.033334,0
667b369632ed2d5b2d3b9947,CP,adult,1.0499999999999998,0
69517812a9042b183ebc818f,CP,adult,1.25,1
5d542c3a5af5900019bc80c4,CP,adult,1.333334,1
69419ffdfdfb97e0bf9cca18,CP,adult,1.05,0
69dd84f43ecdf4763f2f3ce9,CP,adult,1.05,0
696bbc24d203a82d2c6e9ca8,CP,adult,1.025,0
69517812a9042b183ebc818f,CP,adult,1.25,1
66c3366a3b5834b89124e85a,CP,adult,1.025,1
69419ffdfdfb97e0bf9cca18,CP,adult,1.025,1
6697f953a43613fe2f6a2883,CP,adult,1.033334,1
60ff186560b3d8631d11f5f7,CP,adult,1.025,0
696bbc24d203a82d2c6e9ca8,CP,adult,1.025,1
69517812a9042b183ebc818f,CP,adult,1.033334,1
6317ff092d6b47344b7d1ec5,CP,adult,1.3333333333333333,1
5ef52a87f04c781600ae4114,CP,adult,1.033332857142857,1
667b369632ed2d5b2d3b9947,CP,adult,1.025,1
696bbc24d203a82d2c6e9ca8,CP,adult,1.033332857142857,1
5d542c3a5af5900019bc80c4,CP,adult,1.0499999999999998,1
69dd84f43ecdf4763f2f3ce9,CP,adult,1.02,0
6317ff092d6b47344b7d1ec5,CP,adult,1.02,1
66c3366a3b5834b89124e85a,CP,adult,1.025,0
5cae6a77b38ea60016e54889,CP,adult,1.02,0
69419ffdfdfb97e0bf9cca18,CP,adult,1.05,1
69517812a9042b183ebc818f,CP,adult,1.5,1
6317ff092d6b47344b7d1ec5,CP,adult,1.25,1
66c3366a3b5834b89124e85a,CP,adult,1.0499999999999998,1
63af557b3d4f219c3226b7d6,CP,adult,1.5,1
5cae6a77b38ea60016e54889,CP,adult,1.25,1
6697f953a43613fe2f6a2883,CP,adult,1.0333333333333334,1
696bbc24d203a82d2c6e9ca8,CP,adult,1.0499999999999998,1
6317ff092d6b47344b7d1ec5,CP,adult,1.5,1
63af557b3d4f219c3226b7d6,CP,adult,1.25,1
5cae6a77b38ea60016e54889,CP,adult,1.02,0
69419ffdfdfb97e0bf9cca18,CP,adult,1.3333333333333333,0
667b369632ed2d5b2d3b9947,CP,adult,1.3333333333333333,1
60ff186560b3d8631d11f5f7,CP,adult,1.0333333333333334,1
696bbc24d203a82d2c6e9ca8,CP,adult,1.5,1
5cae6a77b38ea60016e54889,CP,adult,1.033332857142857,1
6317ff092d6b47344b7d1ec5,CP,adult,1.02,0
5ef52a87f04c781600ae4114,CP,adult,1.25,1
69419ffdfdfb97e0bf9cca18,CP,adult,1.5,1
69dd84f43ecdf4763f2f3ce9,CP,adult,1.025,1
6697f953a43613fe2f6a2883,CP,adult,1.25,1
5ffc9acaaacffc0cb55ba3ab,CP,adult,1.0499999999999998,1
696bbc24d203a82d2c6e9ca8,CP,adult,1.025,1
5ef52a87f04c781600ae4114,CP,adult,1.333334,1
69419ffdfdfb97e0bf9cca18,CP,adult,1.025,1
5d542c3a5af5900019bc80c4,CP,adult,1.0499999999999998,1
69517812a9042b183ebc818f,CP,adult,1.3333333333333333,1
667b369632ed2d5b2d3b9947,CP,adult,1.05,0
696bbc24d203a82d2c6e9ca8,CP,adult,1.5,1
63af557b3d4f219c3226b7d6,CP,adult,1.05,1
69419ffdfdfb97e0bf9cca18,CP,adult,1.025,0
6317ff092d6b47344b7d1ec5,CP,adult,1.25,1
69517812a9042b183ebc818f,CP,adult,1.025,0
667b369632ed2d5b2d3b9947,CP,adult,1.02,1
60ff186560b3d8631d11f5f7,CP,adult,1.02,0
5cae6a77b38ea60016e54889,CP,adult,1.05,1
63af557b3d4f219c3226b7d6,CP,adult,1.05,1
66c3366a3b5834b89124e85a,CP,adult,1.05,0
69dd84f43ecdf4763f2f3ce9,CP,adult,1.02,0
5ffc9acaaacffc0cb55ba3ab,CP,adult,1.25,1
69dd52eb4170af5eac4bd1e8,CP,adult,1.25,1
696bbc24d203a82d2c6e9ca8,CP,adult,1.25,1
667b369632ed2d5b2d3b9947,CP,adult,1.25,1
66c3366a3b5834b89124e85a,CP,adult,1.5,1
63af557b3d4f219c3226b7d6,CP,adult,1.02,0
69dd84f43ecdf4763f2f3ce9,CP,adult,1.033334,1
69dd52eb4170af5eac4bd1e8,CP,adult,1.025,1
60ff186560b3d8631d11f5f7,CP,adult,1.5,1
6317ff092d6b47344b7d1ec5,CP,adult,1.3333333333333333,1
667b369632ed2d5b2d3b9947,CP,adult,1.333334,1
69dd84f43ecdf4763f2f3ce9,CP,adult,1.0499999999999998,0
598f22af33481c000164d359,CP,adult,1.02,1
66c3366a3b5834b89124e85a,CP,adult,1.02,1
63af557b3d4f219c3226b7d6,CP,adult,1.025,1
667b369632ed2d5b2d3b9947,CP,adult,1.025,0
6317ff092d6b47344b7d1ec5,CP,adult,1.25,1
69dd52eb4170af5eac4bd1e8,CP,adult,1.025,1
5cae6a77b38ea60016e54889,CP,adult,1.02,1
60ff186560b3d8631d11f5f7,CP,adult,1.05,1
5ffc9acaaacffc0cb55ba3ab,CP,adult,1.025,0
5ef52a87f04c781600ae4114,CP,adult,1.05,0
696bbc24d203a82d2c6e9ca8,CP,adult,1.25,1
667b369632ed2d5b2d3b9947,CP,adult,1.025,1
6697f953a43613fe2f6a2883,CP,adult,1.025,0
66c3366a3b5834b89124e85a,CP,adult,1.5,1
63af557b3d4f219c3226b7d6,CP,adult,1.5,1
66c3366a3b5834b89124e85a,CP,adult,1.025,0
5d542c3a5af5900019bc80c4,CP,adult,1.5,1
69517812a9042b183ebc818f,CP,adult,1.033332857142857,1
667b369632ed2d5b2d3b9947,CP,adult,1.025,0
5cae6a77b38ea60016e54889,CP,adult,1.25,1
63af557b3d4f219c3226b7d6,CP,adult,1.02,1
66c3366a3b5834b89124e85a,CP,adult,1.25,1
6317ff092d6b47344b7d1ec5,CP,adult,1.02,1
60ff186560b3d8631d11f5f7,CP,adult,1.5,1
69dd84f43ecdf4763f2f3ce9,CP,adult,1.02,0
6697f953a43613fe2f6a2883,CP,adult,1.0499999999999998,1
5cae6a77b38ea60016e54889,CP,adult,1.025,1
5ffc9acaaacffc0cb55ba3ab,CP,adult,1.5,1
66c3366a3b5834b89124e85a,CP,adult,1.5,1
5d542c3a5af5900019bc80c4,CP,adult,1.025,0
5ef52a87f04c781600ae4114,CP,adult,1.05,1
69dd84f43ecdf4763f2f3ce9,CP,adult,1.025,0
6697f953a43613fe2f6a2883,CP,adult,1.25,0
696bbc24d203a82d2c6e9ca8,CP,adult,1.3333333333333333,1
69419ffdfdfb97e0bf9cca18,CP,adult,1.5,1
5d542c3a5af5900019bc80c4,CP,adult,1.5,1
5ef52a87f04c781600ae4114,CP,adult,1.5,1
6317ff092d6b47344b7d1ec5,CP,adult,1.5,1
69517812a9042b183ebc818f,CP,adult,1.02,1
6697f953a43613fe2f6a2883,CP,adult,1.025,1
598f22af33481c000164d359,CP,adult,1.05,1
69419ffdfdfb97e0bf9cca18,CP,adult,1.033334,1
5cae6a77b38ea60016e54889,CP,adult,1.033334,0
5d542c3a5af5900019bc80c4,CP,adult,1.333334,1
5ef52a87f04c781600ae4114,CP,adult,1.02,1
5ffc9acaaacffc0cb55ba3ab,CP,adult,1.02,0
696bbc24d203a82d2c6e9ca8,CP,adult,1.25,1
6697f953a43613fe2f6a2883,CP,adult,1.5,1
69419ffdfdfb97e0bf9cca18,CP,adult,1.0333333333333334,0
69517812a9042b183ebc818f,CP,adult,1.02,1
5cae6a77b38ea60016e54889,CP,adult,1.025,1
5d542c3a5af5900019bc80c4,CP,adult,1.02,0
5ef52a87f04c781600ae4114,CP,adult,1.5,1
696bbc24d203a82d2c6e9ca8,CP,adult,1.02,1
6697f953a43613fe2f6a2883,CP,adult,1.25,1
69419ffdfdfb97e0bf9cca18,CP,adult,1.025,0
69dd84f43ecdf4763f2f3ce9,CP,adult,1.033332857142857,1
66c3366a3b5834b89124e85a,CP,adult,1.5,0
5d542c3a5af5900019bc80c4,CP,adult,1.02,1
69517812a9042b183ebc818f,CP,adult,1.25,1
598f22af33481c000164d359,CP,adult,1.02,0
63af557b3d4f219c3226b7d6,CP,adult,1.02,1
69419ffdfdfb97e0bf9cca18,CP,adult,1.02,1
69dd84f43ecdf4763f2f3ce9,CP,adult,1.025,1
6317ff092d6b47344b7d1ec5,CP,adult,1.0333333333333334,1
61490f8d7e62aaaea93feaf4,CP,adult,1.3333333333333333,1
5d542c3a5af5900019bc80c4,CP,adult,1.025,1
5cae6a77b38ea60016e54889,CP,adult,1.333334,1
69dd52eb4170af5eac4bd1e8,CP,adult,1.02,1
696bbc24d203a82d2c6e9ca8,CP,adult,1.5,1
667b369632ed2d5b2d3b9947,CP,adult,1.033334,0
63af557b3d4f219c3226b7d6,CP,adult,1.5,1
69419ffdfdfb97e0bf9cca18,CP,adult,1.5,1
5ffc9acaaacffc0cb55ba3ab,CP,adult,1.5,1
66c3366a3b5834b89124e85a,CP,adult,1.5,1
6697f953a43613fe2f6a2883,CP,adult,1.033334,0
696bbc24d203a82d2c6e9ca8,CP,adult,1.025,1
61490f8d7e62aaaea93feaf4,CP,adult,1.025,0
69dd52eb4170af5eac4bd1e8,CP,adult,1.05,1
667b369632ed2d5b2d3b9947,CP,adult,1.0499999999999998,1
63af557b3d4f219c3226b7d6,CP,adult,1.25,1
66c3366a3b5834b89124e85a,CP,adult,1.333334,0
69dd84f43ecdf4763f2f3ce9,CP,adult,1.0499999999999998,0
5cae6a77b38ea60016e54889,CP,adult,1.025,0
69dd52eb4170af5eac4bd1e8,CP,adult,1.033334,1
5ffc9acaaacffc0cb55ba3ab,CP,adult,1.033334,1
60ff186560b3d8631d11f5f7,CP,adult,1.025,1
69419ffdfdfb97e0bf9cca18,CP,adult,1.02,0
5ef52a87f04c781600ae4114,CP,adult,1.02,0
696bbc24d203a82d2c6e9ca8,CP,adult,1.02,1
66c3366a3b5834b89124e85a,CP,adult,1.02,1
5cae6a77b38ea60016e54889,CP,adult,1.033332857142857,0
5d542c3a5af5900019bc80c4,CP,adult,1.033334,1
6697f953a43613fe2f6a2883,CP,adult,1.333332857142857,1
667b369632ed2d5b2d3b9947,CP,adult,1.25,0
5ef52a87f04c781600ae4114,CP,adult,1.02,1
69dd52eb4170af5eac4bd1e8,CP,adult,1.033332857142857,0
696bbc24d203a82d2c6e9ca8,CP,adult,1.025,1
63af557b3d4f219c3226b7d6,CP,adult,1.025,1
5cae6a77b38ea60016e54889,CP,adult,1.02,0
5d542c3a5af5900019bc80c4,CP,adult,1.333332857142857,1
5ffc9acaaacffc0cb55ba3ab,CP,adult,1.05,0
60ff186560b3d8631d11f5f7,CP,adult,1.333334,1
69419ffdfdfb97e0bf9cca18,CP,adult,1.25,0
6697f953a43613fe2f6a2883,CP,adult,1.02,1
5ef52a87f04c781600ae4114,CP,adult,1.25,1
696bbc24d203a82d2c6e9ca8,CP,adult,1.0499999999999998,1
5cae6a77b38ea60016e54889,CP,adult,1.5,1
69517812a9042b183ebc818f,CP,adult,1.033334,1
63af557b3d4f219c3226b7d6,CP,adult,1.0333333333333334,0
676ae3e650a28a06d8486941,CP,adult,1.025,1
61490f8d7e62aaaea93feaf4,CP,adult,1.333332857142857,1
598f22af33481c000164d359,CP,adult,1.033334,0
69dd84f43ecdf4763f2f3ce9,CP,adult,1.25,0
6317ff092d6b47344b7d1ec5,CP,adult,1.02,0
60ff186560b3d8631d11f5f7,CP,adult,1.025,1
69dd52eb4170af5eac4bd1e8,CP,adult,1.02,0
66c3366a3b5834b89124e85a,CP,adult,1.333334,1
5ef52a87f04c781600ae4114,CP,adult,1.02,0
598f22af33481c000164d359,CP,adult,1.02,1
69517812a9042b183ebc818f,CP,adult,1.3333333333333333,1
60ff186560b3d8631d11f5f7,CP,adult,1.05,1
69dd84f43ecdf4763f2f3ce9,CP,adult,1.0333333333333334,0
5cae6a77b38ea60016e54889,CP,adult,1.02,1
5d542c3a5af5900019bc80c4,CP,adult,1.0499999999999998,0
6317ff092d6b47344b7d1ec5,CP,adult,1.5,1
5ef52a87f04c781600ae4114,CP,adult,1.333332857142857,1
69419ffdfdfb97e0bf9cca18,CP,adult,1.025,1
598f22af33481c000164d359,CP,adult,1.02,1
69517812a9042b183ebc818f,CP,adult,1.0333333333333334,1
696bbc24d203a82d2c6e9ca8,CP,adult,1.333334,1
5d542c3a5af5900019bc80c4,CP,adult,1.02,0
61490f8d7e62aaaea93feaf4,CP,adult,1.5,1
6697f953a43613fe2f6a2883,CP,adult,1.05,1
6317ff092d6b47344b7d1ec5,CP,adult,1.02,1
667b369632ed2d5b2d3b9947,CP,adult,1.025,1
63af557b3d4f219c3226b7d6,CP,adult,1.25,1
598f22af33481c000164d359,CP,adult,1.033332857142857,0
69dd84f43ecdf4763f2f3ce9,CP,adult,1.3333333333333333,1
61490f8d7e62aaaea93feaf4,CP,adult,1.05,0
69419ffdfdfb97e0bf9cca18,CP,adult,1.333334,1
69517812a9042b183ebc818f,CP,adult,1.025,1
6317ff092d6b47344b7d1ec5,CP,adult,1.0333333333333334,1
676ae3e650a28a06d8486941,CP,adult,1.025,1
69dd84f43ecdf4763f2f3ce9,CP,adult,1.05,1
66c3366a3b5834b89124e85a,CP,adult,1.5,1
598f22af33481c000164d359,CP,adult,1.05,1
61490f8d7e62aaaea93feaf4,CP,adult,1.025,1
667b369632ed2d5b2d3b9947,CP,adult,1.5,1
6317ff092d6b47344b7d1ec5,CP,adult,1.25,1
69dd84f43ecdf4763f2f3ce9,CP,adult,1.5,1
69dd52eb4170af5eac4bd1e8,CP,adult,1.033334,1
5d542c3a5af5900019bc80c4,CP,adult,1.025,0
66c3366a3b5834b89124e85a,CP,adult,1.025,1
69419ffdfdfb97e0bf9cca18,CP,adult,1.05,1
5ffc9acaaacffc0cb55ba3ab,CP,adult,1.25,1
667b369632ed2d5b2d3b9947,CP,adult,1.5,1
5ef52a87f04c781600ae4114,CP,adult,1.25,1
696bbc24d203a82d2c6e9ca8,CP,adult,1.25,1
6697f953a43613fe2f6a2883,CP,adult,1.02,0
5d542c3a5af5900019bc80c4,CP,adult,1.0333333333333334,1
69517812a9042b183ebc818f,CP,adult,1.333332857142857,1
63af557b3d4f219c3226b7d6,CP,adult,1.25,1
61490f8d7e62aaaea93feaf4,CP,adult,1.02,0
676ae3e650a28a06d8486941,CP,adult,1.25,1
667b369632ed2d5b2d3b9947,CP,adult,1.05,0
69419ffdfdfb97e0bf9cca18,CP,adult,1.333334,1
5ef52a87f04c781600ae4114,CP,adult,1.5,1
598f22af33481c000164d359,CP,adult,1.02,1
6697f953a43613fe2f6a2883,CP,adult,1.5,1
5d542c3a5af5900019bc80c4,CP,adult,1.02,1
5cae6a77b38ea60016e54889,CP,adult,1.02,0
60ff186560b3d8631d11f5f7,CP,adult,1.02,0
676ae3e650a28a06d8486941,CP,adult,1.033332857142857,1
69dd52eb4170af5eac4bd1e8,CP,adult,1.033334,1
63af557b3d4f219c3226b7d6,CP,adult,1.025,1
69517812a9042b183ebc818f,CP,adult,1.025,1
5ef52a87f04c781600ae4114,CP,adult,1.0499999999999998,1
6317ff092d6b47344b7d1ec5,CP,adult,1.25,1
69419ffdfdfb97e0bf9cca18,CP,adult,1.25,1
598f22af33481c000164d359,CP,adult,1.025,1
5cae6a77b38ea60016e54889,CP,adult,1.25,1
69dd52eb4170af5eac4bd1e8,CP,adult,1.025,1
667b369632ed2d5b2d3b9947,CP,adult,1.5,1
61490f8d7e62aaaea93feaf4,CP,adult,1.02,1
69dd84f43ecdf4763f2f3ce9,CP,adult,1.3333333333333333,1
60ff186560b3d8631d11f5f7,CP,adult,1.05,1
5ef52a87f04c781600ae4114,CP,adult,1.05,1
6317ff092d6b47344b7d1ec5,CP,adult,1.5,1
5cae6a77b38ea60016e54889,CP,adult,1.05,0
66c3366a3b5834b89124e85a,CP,adult,1.0333333333333334,1
69517812a9042b183ebc818f,CP,adult,1.02,1
6697f953a43613fe2f6a2883,CP,adult,1.05,0
5ffc9acaaacffc0cb55ba3ab,CP,adult,1.5,1
69419ffdfdfb97e0bf9cca18,CP,adult,1.02,0
63af557b3d4f219c3226b7d6,CP,adult,1.5,1
5ef52a87f04c781600ae4114,CP,adult,1.02,1
676ae3e650a28a06d8486941,CP,adult,1.05,0
696bbc24d203a82d2c6e9ca8,CP,adult,1.333334,0
667b369632ed2d5b2d3b9947,CP,adult,1.333332857142857,1
5ffc9acaaacffc0cb55ba3ab,CP,adult,1.3333333333333333,1
60ff186560b3d8631d11f5f7,CP,adult,1.025,0
5cae6a77b38ea60016e54889,CP,adult,1.033332857142857,0
667b369632ed2d5b2d3b9947,CP,adult,1.02,0
69419ffdfdfb97e0bf9cca18,CP,adult,1.05,1
5ef52a87f04c781600ae4114,CP,adult,1.025,1
6697f953a43613fe2f6a2883,CP,adult,1.02,1
69dd84f43ecdf4763f2f3ce9,CP,adult,1.05,1
6317ff092d6b47344b7d1ec5,CP,adult,1.033332857142857,0
696bbc24d203a82d2c6e9ca8,CP,adult,1.025,0
5ffc9acaaacffc0cb55ba3ab,CP,adult,1.333334,1
66c3366a3b5834b89124e85a,CP,adult,1.0499999999999998,1
667b369632ed2d5b2d3b9947,CP,adult,1.333332857142857,1
61490f8d7e62aaaea93feaf4,CP,adult,1.5,1
69dd84f43ecdf4763f2f3ce9,CP,adult,1.02,1
696bbc24d203a82d2c6e9ca8,CP,adult,1.5,0
5d542c3a5af5900019bc80c4,CP,adult,1.05,1
6697f953a43613fe2f6a2883,CP,adult,1.25,1
5ffc9acaaacffc0cb55ba3ab,CP,adult,1.5,1
676ae3e650a28a06d8486941,CP,adult,1.5,1
66c3366a3b5834b89124e85a,CP,adult,1.025,1
696bbc24d203a82d2c6e9ca8,CP,adult,1.025,0
69419ffdfdfb97e0bf9cca18,CP,adult,1.05,1
63af557b3d4f219c3226b7d6,CP,adult,1.0499999999999998,1
5d542c3a5af5900019bc80c4,CP,adult,1.02,0
667b369632ed2d5b2d3b9947,CP,adult,1.05,0
676ae3e650a28a06d8486941,CP,adult,1.05,1
69dd52eb4170af5eac4bd1e8,CP,adult,1.033332857142857,1
61490f8d7e62aaaea93feaf4,CP,adult,1.02,0
598f22af33481c000164d359,CP,adult,1.02,0
69dd84f43ecdf4763f2f3ce9,CP,adult,1.033332857142857,0
696bbc24d203a82d2c6e9ca8,CP,adult,1.02,0
5cae6a77b38ea60016e54889,CP,adult,1.5,1
5d542c3a5af5900019bc80c4,CP,adult,1.02,0
6317ff092d6b47344b7d1ec5,CP,adult,1.02,1
6697f953a43613fe2f6a2883,CP,adult,1.05,0
598f22af33481c000164d359,CP,adult,1.3333333333333333,1
66c3366a3b5834b89124e85a,CP,adult,1.25,1
69dd52eb4170af5eac4bd1e8,CP,adult,1.25,1
69dd84f43ecdf4763f2f3ce9,CP,adult,1.033332857142857,1
61490f8d7e62aaaea93feaf4,CP,adult,1.02,0
69517812a9042b183ebc818f,CP,adult,1.033334,0
5d542c3a5af5900019bc80c4,CP,adult,1.333332857142857,1
676ae3e650a28a06d8486941,CP,adult,1.333334,1
6317ff092d6b47344b7d1ec5,CP,adult,1.0499999999999998,1
696bbc24d203a82d2c6e9ca8,CP,adult,1.5,1
69dd84f43ecdf4763f2f3ce9,CP,adult,1.02,1
66c3366a3b5834b89124e85a,CP,adult,1.02,1
63af557b3d4f219c3226b7d6,CP,adult,1.025,0
61490f8d7e62aaaea93feaf4,CP,adult,1.0333333333333334,1
69dd52eb4170af5eac4bd1e8,CP,adult,1.0333333333333334,0
598f22af33481c000164d359,CP,adult,1.033334,1
667b369632ed2d5b2d3b9947,CP,adult,1.5,1
676ae3e650a28a06d8486941,CP,adult,1.3333333333333333,1
60ff186560b3d8631d11f5f7,CP,adult,1.025,0
69517812a9042b183ebc818f,CP,adult,1.25,1
5ffc9acaaacffc0cb55ba3ab,CP,adult,1.0499999999999998,0
6697f953a43613fe2f6a2883,CP,adult,1.333332857142857,1
66c3366a3b5834b89124e85a,CP,adult,1.05,0
5cae6a77b38ea60016e54889,CP,adult,1.0333333333333334,0
69dd52eb4170af5eac4bd1e8,CP,adult,1.025,0
63af557b3d4f219c3226b7d6,CP,adult,1.05,1
696bbc24d203a82d2c6e9ca8,CP,adult,1.25,1
66c3366a3b5834b89124e85a,CP,adult,1.02,1
6317ff092d6b47344b7d1ec5,CP,adult,1.5,1
69517812a9042b183ebc818f,CP,adult,1.5,1
5ffc9acaaacffc0cb55ba3ab,CP,adult,1.25,1
69dd52eb4170af5eac4bd1e8,CP,adult,1.025,1
5d542c3a5af5900019bc80c4,CP,adult,1.025,1
676ae3e650a28a06d8486941,CP,adult,1.05,0
696bbc24d203a82d2c6e9ca8,CP,adult,1.0333333333333334,1
63af557b3d4f219c3226b7d6,CP,adult,1.02,0
69dd84f43ecdf4763f2f3ce9,CP,adult,1.333334,1
66c3366a3b5834b89124e85a,CP,adult,1.02,0
69419ffdfdfb97e0bf9cca18,CP,adult,1.5,1
5cae6a77b38ea60016e54889,CP,adult,1.5,1
69dd52eb4170af5eac4bd1e8,CP,adult,1.333334,0
676ae3e650a28a06d8486941,CP,adult,1.033332857142857,0
5d542c3a5af5900019bc80c4,CP,adult,1.0499999999999998,1
696bbc24d203a82d2c6e9ca8,CP,adult,1.0499999999999998,1
598f22af33481c000164d359,CP,adult,1.25,1
5ffc9acaaacffc0cb55ba3ab,CP,adult,1.5,0
6697f953a43613fe2f6a2883,CP,adult,1.25,0
66c3366a3b5834b89124e85a,CP,adult,1.5,1
63af557b3d4f219c3226b7d6,CP,adult,1.033334,1
5cae6a77b38ea60016e54889,CP,adult,1.333334,1
69419ffdfdfb97e0bf9cca18,CP,adult,1.25,1
69dd52eb4170af5eac4bd1e8,CP,adult,1.02,0
696bbc24d203a82d2c6e9ca8,CP,adult,1.5,1
61490f8d7e62aaaea93feaf4,CP,adult,1.25,1
6995ebe917abe5d36a3b17e0,CP,adult,1.05,1
69694af40a5fb63ed7b72849,CP,adult,1.05,0
66c3366a3b5834b89124e85a,CP,adult,1.033332857142857,1
5ef52a87f04c781600ae4114,CP,adult,1.3333333333333333,1
69517812a9042b183ebc818f,CP,adult,1.033332857142857,0
5cae6a77b38ea60016e54889,CP,adult,1.3333333333333333,1
5d542c3a5af5900019bc80c4,CP,adult,1.0499999999999998,1
69419ffdfdfb97e0bf9cca18,CP,adult,1.025,0
696bbc24d203a82d2c6e9ca8,CP,adult,1.3333333333333333,1
6317ff092d6b47344b7d1ec5,CP,adult,1.333332857142857,1
69dd84f43ecdf4763f2f3ce9,CP,adult,1.02,1
5ef52a87f04c781600ae4114,CP,adult,1.0333333333333334,0
61490f8d7e62aaaea93feaf4,CP,adult,1.05,1
598f22af33481c000164d359,CP,adult,1.25,1
5d542c3a5af5900019bc80c4,CP,adult,1.02,1
676ae3e650a28a06d8486941,CP,adult,1.0499999999999998,0
667b369632ed2d5b2d3b9947,CP,adult,1.033334,0
69419ffdfdfb97e0bf9cca18,CP,adult,1.033334,1
69dd84f43ecdf4763f2f3ce9,CP,adult,1.0333333333333334,1
6697f953a43613fe2f6a2883,CP,adult,1.025,0
60ff186560b3d8631d11f5f7,CP,adult,1.25,1
5cae6a77b38ea60016e54889,CP,adult,1.5,1
61490f8d7e62aaaea93feaf4,CP,adult,1.25,1
5ef52a87f04c781600ae4114,CP,adult,1.025,1
667b369632ed2d5b2d3b9947,CP,adult,1.02,1
598f22af33481c000164d359,CP,adult,1.05,0
6697f953a43613fe2f6a2883,CP,adult,1.5,0
6317ff092d6b47344b7d1ec5,CP,adult,1.05,1
69517812a9042b183ebc818f,CP,adult,1.025,1
61490f8d7e62aaaea93feaf4,CP,adult,1.033334,1
69694af40a5fb63ed7b72849,CP,adult,1.025,1
5d31dc6e42678e001a0bdedd,CP,adult,1.333332857142857,0
667b369632ed2d5b2d3b9947,CP,adult,1.0333333333333334,1
60ff186560b3d8631d11f5f7,CP,adult,1.02,1
69dd84f43ecdf4763f2f3ce9,CP,adult,1.025,1
5ef52a87f04c781600ae4114,CP,adult,1.033334,1
6317ff092d6b47344b7d1ec5,CP,adult,1.3333333333333333,1
676ae3e650a28a06d8486941,CP,adult,1.025,0
5d542c3a5af5900019bc80c4,CP,adult,1.025,1
598f22af33481c000164d359,CP,adult,1.025,1
6697f953a43613fe2f6a2883,CP,adult,1.025,1
667b369632ed2d5b2d3b9947,CP,adult,1.3333333333333333,1
69dd84f43ecdf4763f2f3ce9,CP,adult,1.0333333333333334,0
5cae6a77b38ea60016e54889,CP,adult,1.25,0
63af557b3d4f219c3226b7d6,CP,adult,1.3333333333333333,1
69419ffdfdfb97e0bf9cca18,CP,adult,1.5,1
60ff186560b3d8631d11f5f7,CP,adult,1.02,1
69dd52eb4170af5eac4bd1e8,CP,adult,1.5,1
5d31dc6e42678e001a0bdedd,CP,adult,1.5,1
676ae3e650a28a06d8486941,CP,adult,1.25,1
6317ff092d6b47344b7d1ec5,CP,adult,1.02,1
696bbc24d203a82d2c6e9ca8,CP,adult,1.333332857142857,1
667b369632ed2d5b2d3b9947,CP,adult,1.033334,0
6697f953a43613fe2f6a2883,CP,adult,1.02,0
66c3366a3b5834b89124e85a,CP,adult,1.0499999999999998,0
5cae6a77b38ea60016e54889,CP,adult,1.05,1
5ef52a87f04c781600ae4114,CP,adult,1.25,1
69517812a9042b183ebc818f,CP,adult,1.3333333333333333,1
69419ffdfdfb97e0bf9cca18,CP,adult,1.02,1
5d31dc6e42678e001a0bdedd,CP,adult,1.25,1
69694af40a5fb63ed7b72849,CP,adult,1.02,1
61490f8d7e62aaaea93feaf4,CP,adult,1.025,0
667b369632ed2d5b2d3b9947,CP,adult,1.333332857142857,1
5ffc9acaaacffc0cb55ba3ab,CP,adult,1.333332857142857,1
69dd84f43ecdf4763f2f3ce9,CP,adult,1.025,1
60ff186560b3d8631d11f5f7,CP,adult,1.3333333333333333,1
6697f953a43613fe2f6a2883,CP,adult,1.025,0
63af557b3d4f219c3226b7d6,CP,adult,1.333332857142857,1
676ae3e650a28a06d8486941,CP,adult,1.5,1
5ef52a87f04c781600ae4114,CP,adult,1.5,1
6612d5d5abf4df0d84f44b3e,CP,adult,1.025,1
69dd52eb4170af5eac4bd1e8,CP,adult,1.0499999999999998,1
61490f8d7e62aaaea93feaf4,CP,adult,1.025,0
6995ebe917abe5d36a3b17e0,CP,adult,1.0499999999999998,0
5d542c3a5af5900019bc80c4,CP,adult,1.02,1
598f22af33481c000164d359,CP,adult,1.5,1
69dd84f43ecdf4763f2f3ce9,CP,adult,1.25,1
5d31dc6e42678e001a0bdedd,CP,adult,1.05,1
676ae3e650a28a06d8486941,CP,adult,1.0333333333333334,1
66c3366a3b5834b89124e85a,CP,adult,1.033334,0
63af557b3d4f219c3226b7d6,CP,adult,1.333334,0
667b369632ed2d5b2d3b9947,CP,adult,1.25,1
5d542c3a5af5900019bc80c4,CP,adult,1.033334,0
69dd84f43ecdf4763f2f3ce9,CP,adult,1.5,1
5cae6a77b38ea60016e54889,CP,adult,1.25,1
6317ff092d6b47344b7d1ec5,CP,adult,1.02,1
676ae3e650a28a06d8486941,CP,adult,1.5,1
5ec43020306f252ea5d83f6f,CP,adult,1.25,0
696bbc24d203a82d2c6e9ca8,CP,adult,1.5,1
69419ffdfdfb97e0bf9cca18,CP,adult,1.333332857142857,1
6995ebe917abe5d36a3b17e0,CP,adult,1.5,1
6697f953a43613fe2f6a2883,CP,adult,1.05,1
5ffc9acaaacffc0cb55ba3ab,CP,adult,1.25,1
69dd52eb4170af5eac4bd1e8,CP,adult,1.5,1
5cae6a77b38ea60016e54889,CP,adult,1.0499999999999998,1
69dd84f43ecdf4763f2f3ce9,CP,adult,1.5,1
676ae3e650a28a06d8486941,CP,adult,1.025,0
5ffc9acaaacffc0cb55ba3ab,CP,adult,1.033334,1
61490f8d7e62aaaea93feaf4,CP,adult,1.0499999999999998,0
5d542c3a5af5900019bc80c4,CP,adult,1.25,1
598f22af33481c000164d359,CP,adult,1.033332857142857,0
69dd84f43ecdf4763f2f3ce9,CP,adult,1.02,0
63af557b3d4f219c3226b7d6,CP,adult,1.05,1
6612d5d5abf4df0d84f44b3e,CP,adult,1.033332857142857,0
6995ebe917abe5d36a3b17e0,CP,adult,1.3333333333333333,1
676ae3e650a28a06d8486941,CP,adult,1.02,0
696bbc24d203a82d2c6e9ca8,CP,adult,1.5,1
5ec43020306f252ea5d83f6f,CP,adult,1.025,1
69dd52eb4170af5eac4bd1e8,CP,adult,1.333334,1
6317ff092d6b47344b7d1ec5,CP,adult,1.25,1
5d542c3a5af5900019bc80c4,CP,adult,1.25,1
598f22af33481c000164d359,CP,adult,1.05,0
66c3366a3b5834b89124e85a,CP,adult,1.333334,1
5cae6a77b38ea60016e54889,CP,adult,1.033334,1
696bbc24d203a82d2c6e9ca8,CP,adult,1.5,1
5ec43020306f252ea5d83f6f,CP,adult,1.333332857142857,1
69517812a9042b183ebc818f,CP,adult,1.0333333333333334,0
69419ffdfdfb97e0bf9cca18,CP,adult,1.333332857142857,1
667b369632ed2d5b2d3b9947,CP,adult,1.033334,1
6317ff092d6b47344b7d1ec5,CP,adult,1.033334,0
69694af40a5fb63ed7b72849,CP,adult,1.05,0
5cae6a77b38ea60016e54889,CP,adult,1.025,0
6697f953a43613fe2f6a2883,CP,adult,1.05,1
5ffc9acaaacffc0cb55ba3ab,CP,adult,1.02,0
696bbc24d203a82d2c6e9ca8,CP,adult,1.25,1
60ff186560b3d8631d11f5f7,CP,adult,1.3333333333333333,1
61490f8d7e62aaaea93feaf4,CP,adult,1.0333333333333334,1
69dd52eb4170af5eac4bd1e8,CP,adult,1.25,1
6612d5d5abf4df0d84f44b3e,CP,adult,1.05,0
69517812a9042b183ebc818f,CP,adult,1.025,0
5ef52a87f04c781600ae4114,CP,adult,1.333334,1
598f22af33481c000164d359,CP,adult,1.333334,1
69dfd6548334412db2f468cf,CP,adult,1.333332857142857,1
66c3366a3b5834b89124e85a,CP,adult,1.0499999999999998,1
69694af40a5fb63ed7b72849,CP,adult,1.5,1
5d31dc6e42678e001a0bdedd,CP,adult,1.333334,1
61490f8d7e62aaaea93feaf4,CP,adult,1.033334,0
667b369632ed2d5b2d3b9947,CP,adult,1.025,1
63af557b3d4f219c3226b7d6,CP,adult,1.033332857142857,1
5d542c3a5af5900019bc80c4,CP,adult,1.25,1
598f22af33481c000164d359,CP,adult,1.5,1
696bbc24d203a82d2c6e9ca8,CP,adult,1.25,1
6317ff092d6b47344b7d1ec5,CP,adult,1.3333333333333333,1
6697f953a43613fe2f6a2883,CP,adult,1.5,1
60ff186560b3d8631d11f5f7,CP,adult,1.3333333333333333,1
66c3366a3b5834b89124e85a,CP,adult,1.25,1
69dfd6548334412db2f468cf,CP,adult,1.025,1
69517812a9042b183ebc818f,CP,adult,1.02,0
69419ffdfdfb97e0bf9cca18,CP,adult,1.25,1
69694af40a5fb63ed7b72849,CP,adult,1.02,1
5ec43020306f252ea5d83f6f,CP,adult,1.02,1
5d31dc6e42678e001a0bdedd,CP,adult,1.3333333333333333,1
63af557b3d4f219c3226b7d6,CP,adult,1.5,1
667b369632ed2d5b2d3b9947,CP,adult,1.05,1
69dd84f43ecdf4763f2f3ce9,CP,adult,1.05,1
676ae3e650a28a06d8486941,CP,adult,1.02,1
696bbc24d203a82d2c6e9ca8,CP,adult,1.0499999999999998,1
598f22af33481c000164d359,CP,adult,1.333334,1
61490f8d7e62aaaea93feaf4,CP,adult,1.025,0
6697f953a43613fe2f6a2883,CP,adult,1.02,0
69694af40a5fb63ed7b72849,CP,adult,1.5,1
69419ffdfdfb97e0bf9cca18,CP,adult,1.02,0
6612d5d5abf4df0d84f44b3e,CP,adult,1.05,1
60ff186560b3d8631d11f5f7,CP,adult,1.0333333333333334,1
667b369632ed2d5b2d3b9947,CP,adult,1.0333333333333334,1
5d542c3a5af5900019bc80c4,CP,adult,1.5,1
5d31dc6e42678e001a0bdedd,CP,adult,1.5,1
69dd84f43ecdf4763f2f3ce9,CP,adult,1.05,0
6697f953a43613fe2f6a2883,CP,adult,1.02,0
6995ebe917abe5d36a3b17e0,CP,adult,1.5,1
69b2eaab584f6399e281f2ca,CP,adult,1.025,0
66c3366a3b5834b89124e85a,CP,adult,1.02,0
69dfd6548334412db2f468cf,CP,adult,1.25,1
5ec43020306f252ea5d83f6f,CP,adult,1.5,1
69694af40a5fb63ed7b72849,CP,adult,1.025,1
667b369632ed2d5b2d3b9947,CP,adult,1.02,1
696bbc24d203a82d2c6e9ca8,CP,adult,1.05,1
5d542c3a5af5900019bc80c4,CP,adult,1.0499999999999998,1
69517812a9042b183ebc818f,CP,adult,1.25,1
6612d5d5abf4df0d84f44b3e,CP,adult,1.05,0
66c3366a3b5834b89124e85a,CP,adult,1.0333333333333334,0
598f22af33481c000164d359,CP,adult,1.333332857142857,1
6995ebe917abe5d36a3b17e0,CP,adult,1.02,1
5fefefa4c9707d3516361c9c,CP,adult,1.05,1
5cae6a77b38ea60016e54889,CP,adult,1.05,1
5ef52a87f04c781600ae4114,CP,adult,1.25,1
6317ff092d6b47344b7d1ec5,CP,adult,1.033332857142857,0
69dfd6548334412db2f468cf,CP,adult,1.05,1
696bbc24d203a82d2c6e9ca8,CP,adult,1.033334,1
5b9e2f45f07414000105160b,CP,adult,1.25,1
69dd84f43ecdf4763f2f3ce9,CP,adult,1.025,0
5ffc9acaaacffc0cb55ba3ab,CP,adult,1.333332857142857,1
5d31dc6e42678e001a0bdedd,CP,adult,1.0333333333333334,1
63af557b3d4f219c3226b7d6,CP,adult,1.333332857142857,1
6612d5d5abf4df0d84f44b3e,CP,adult,1.02,1
5ef52a87f04c781600ae4114,CP,adult,1.0333333333333334,0
5ec43020306f252ea5d83f6f,CP,adult,1.5,1
6995ebe917abe5d36a3b17e0,CP,adult,1.5,1
6571d21081e5b7f488282b0c,CP,adult,1.025,0
61490f8d7e62aaaea93feaf4,CP,adult,1.0499999999999998,0
6612d5d5abf4df0d84f44b3e,CP,adult,1.033332857142857,0
5ef52a87f04c781600ae4114,CP,adult,1.05,1
6995ebe917abe5d36a3b17e0,CP,adult,1.033334,0
69dd52eb4170af5eac4bd1e8,CP,adult,1.3333333333333333,0
5cae6a77b38ea60016e54889,CP,adult,1.333334,1
5d542c3a5af5900019bc80c4,CP,adult,1.333334,1
5ffc9acaaacffc0cb55ba3ab,CP,adult,1.5,1
66c3366a3b5834b89124e85a,CP,adult,1.5,1
6317ff092d6b47344b7d1ec5,CP,adult,1.0333333333333334,1
69dfd6548334412db2f468cf,CP,adult,1.3333333333333333,1
5ec43020306f252ea5d83f6f,CP,adult,1.05,1
69517812a9042b183ebc818f,CP,adult,1.25,1
5ef52a87f04c781600ae4114,CP,adult,1.033334,1
5cae6a77b38ea60016e54889,CP,adult,1.0499999999999998,0
69dd52eb4170af5eac4bd1e8,CP,adult,1.5,1
676ae3e650a28a06d8486941,CP,adult,1.0333333333333334,0
5fefefa4c9707d3516361c9c,CP,adult,1.0333333333333334,0
696bbc24d203a82d2c6e9ca8,CP,adult,1.02,1
61490f8d7e62aaaea93feaf4,CP,adult,1.0499999999999998,1
63af557b3d4f219c3226b7d6,CP,adult,1.25,1
598f22af33481c000164d359,CP,adult,1.5,1
6317ff092d6b47344b7d1ec5,CP,adult,1.0499999999999998,0
69419ffdfdfb97e0bf9cca18,CP,adult,1.25,1
5cae6a77b38ea60016e54889,CP,adult,1.033332857142857,1
5b9e2f45f07414000105160b,CP,adult,1.05,1
5ffc9acaaacffc0cb55ba3ab,CP,adult,1.02,0
69dd52eb4170af5eac4bd1e8,CP,adult,1.025,1
69dd84f43ecdf4763f2f3ce9,CP,adult,1.02,0
676ae3e650a28a06d8486941,CP,adult,1.25,0
5d31dc6e42678e001a0bdedd,CP,adult,1.333332857142857,1
6697f953a43613fe2f6a2883,CP,adult,1.0333333333333334,0
60b8f2c365ec36a3395896b6,CP,adult,1.0499999999999998,1
63af557b3d4f219c3226b7d6,CP,adult,1.25,1
69b2eaab584f6399e281f2ca,CP,adult,1.033332857142857,1
60ff186560b3d8631d11f5f7,CP,adult,1.3333333333333333,1
69419ffdfdfb97e0bf9cca18,CP,adult,1.5,1
5ec43020306f252ea5d83f6f,CP,adult,1.25,1
667b369632ed2d5b2d3b9947,CP,adult,1.025,1
676ae3e650a28a06d8486941,CP,adult,1.5,1
5d542c3a5af5900019bc80c4,CP,adult,1.5,1
69dd52eb4170af5eac4bd1e8,CP,adult,1.3333333333333333,1
69694af40a5fb63ed7b72849,CP,adult,1.033332857142857,0
6697f953a43613fe2f6a2883,CP,adult,1.0499999999999998,1
66c3366a3b5834b89124e85a,CP,adult,1.025,0
598f22af33481c000164d359,CP,adult,1.25,1
69517812a9042b183ebc818f,CP,adult,1.05,0
63af557b3d4f219c3226b7d6,CP,adult,1.02,1
598f22af33481c000164d359,CP,adult,1.333332857142857,1
5fefefa4c9707d3516361c9c,CP,adult,1.05,1
573f3168d700ea000ff433a6,CP,adult,1.033332857142857,0
5b9e2f45f07414000105160b,CP,adult,1.5,1
60ff186560b3d8631d11f5f7,CP,adult,1.033332857142857,1
6612d5d5abf4df0d84f44b3e,CP,adult,1.0499999999999998,1
69443f6d432f063164327f8e,CP,adult,1.333332857142857,1
5ef52a87f04c781600ae4114,CP,adult,1.25,1
5ec43020306f252ea5d83f6f,CP,adult,1.5,1
676ae3e650a28a06d8486941,CP,adult,1.02,0
5cae6a77b38ea60016e54889,CP,adult,1.25,1
69dd52eb4170af5eac4bd1e8,CP,adult,1.25,1
6317ff092d6b47344b7d1ec5,CP,adult,1.05,0
5fefefa4c9707d3516361c9c,CP,adult,1.3333333333333333,1
573f3168d700ea000ff433a6,CP,adult,1.02,0
61490f8d7e62aaaea93feaf4,CP,adult,1.025,1
5b9e2f45f07414000105160b,CP,adult,1.02,0
60ff186560b3d8631d11f5f7,CP,adult,1.033332857142857,1
69b2eaab584f6399e281f2ca,CP,adult,1.3333333333333333,1
69dfd6548334412db2f468cf,CP,adult,1.02,1
69517812a9042b183ebc818f,CP,adult,1.025,1
63af557b3d4f219c3226b7d6,CP,adult,1.5,1
5ef52a87f04c781600ae4114,CP,adult,1.5,1
676ae3e650a28a06d8486941,CP,adult,1.025,0
5d31dc6e42678e001a0bdedd,CP,adult,1.05,0
69443f6d432f063164327f8e,CP,adult,1.25,1
696bbc24d203a82d2c6e9ca8,CP,adult,1.02,1
69dd52eb4170af5eac4bd1e8,CP,adult,1.02,0
61490f8d7e62aaaea93feaf4,CP,adult,1.5,1
5d542c3a5af5900019bc80c4,CP,adult,1.5,1
6995ebe917abe5d36a3b17e0,CP,adult,1.05,0
573f3168d700ea000ff433a6,CP,adult,1.025,1
5b9e2f45f07414000105160b,CP,adult,1.025,1
60ff186560b3d8631d11f5f7,CP,adult,1.25,1
6697f953a43613fe2f6a2883,CP,adult,1.0333333333333334,0
5cae6a77b38ea60016e54889,CP,adult,1.5,1
676ae3e650a28a06d8486941,CP,adult,1.05,1
5ec43020306f252ea5d83f6f,CP,adult,1.5,1
696bbc24d203a82d2c6e9ca8,CP,adult,1.025,0
5ef52a87f04c781600ae4114,CP,adult,1.333332857142857,1
69dd84f43ecdf4763f2f3ce9,CP,adult,1.3333333333333333,1
6612d5d5abf4df0d84f44b3e,CP,adult,1.05,0
6697f953a43613fe2f6a2883,CP,adult,1.5,1
60b8f2c365ec36a3395896b6,CP,adult,1.25,1
5d542c3a5af5900019bc80c4,CP,adult,1.05,1
6317ff092d6b47344b7d1ec5,CP,adult,1.02,0
5ffc9acaaacffc0cb55ba3ab,CP,adult,1.02,0
5cae6a77b38ea60016e54889,CP,adult,1.25,1
5fefefa4c9707d3516361c9c,CP,adult,1.5,1
69dfd6548334412db2f468cf,CP,adult,1.02,0
66c3366a3b5834b89124e85a,CP,adult,1.025,0
696bbc24d203a82d2c6e9ca8,CP,adult,1.025,1
69694af40a5fb63ed7b72849,CP,adult,1.0499999999999998,0
69dd84f43ecdf4763f2f3ce9,CP,adult,1.025,0
667b369632ed2d5b2d3b9947,CP,adult,1.02,1
69419ffdfdfb97e0bf9cca18,CP,adult,1.5,1
61490f8d7e62aaaea93feaf4,CP,adult,1.25,1
6978de0358edaccb1d2b58b6,CP,adult,1.025,1
69dd52eb4170af5eac4bd1e8,CP,adult,1.02,1
69517812a9042b183ebc818f,CP,adult,1.25,1
69dfd6548334412db2f468cf,CP,adult,1.3333333333333333,1
66c3366a3b5834b89124e85a,CP,adult,1.05,1
63af557b3d4f219c3226b7d6,CP,adult,1.333334,1
598f22af33481c000164d359,CP,adult,1.025,0
696bbc24d203a82d2c6e9ca8,CP,adult,1.333334,1
6995ebe917abe5d36a3b17e0,CP,adult,1.02,1
667b369632ed2d5b2d3b9947,CP,adult,1.25,1
69dd84f43ecdf4763f2f3ce9,CP,adult,1.0333333333333334,1
6697f953a43613fe2f6a2883,CP,adult,1.02,0
5d542c3a5af5900019bc80c4,CP,adult,1.25,0
69419ffdfdfb97e0bf9cca18,CP,adult,1.02,0
69694af40a5fb63ed7b72849,CP,adult,1.02,1
6978de0358edaccb1d2b58b6,CP,adult,1.033334,1
66c3366a3b5834b89124e85a,CP,adult,1.25,1
60b8f2c365ec36a3395896b6,CP,adult,1.025,1
5cae6a77b38ea60016e54889,CP,adult,1.02,0
6612d5d5abf4df0d84f44b3e,CP,adult,1.3333333333333333,1
5ffc9acaaacffc0cb55ba3ab,CP,adult,1.25,1
5ec43020306f252ea5d83f6f,CP,adult,1.5,1
598f22af33481c000164d359,CP,adult,1.25,1
667b369632ed2d5b2d3b9947,CP,adult,1.25,0
69dd84f43ecdf4763f2f3ce9,CP,adult,1.5,1
6317ff092d6b47344b7d1ec5,CP,adult,1.5,1
69419ffdfdfb97e0bf9cca18,CP,adult,1.5,1
5fefefa4c9707d3516361c9c,CP,adult,1.02,0
69dfd6548334412db2f468cf,CP,adult,1.0333333333333334,1
69b2eaab584f6399e281f2ca,CP,adult,1.25,1
69694af40a5fb63ed7b72849,CP,adult,1.5,1
63af557b3d4f219c3226b7d6,CP,adult,1.333334,1
69517812a9042b183ebc818f,CP,adult,1.3333333333333333,1
6978de0358edaccb1d2b58b6,CP,adult,1.333334,1
598f22af33481c000164d359,CP,adult,1.025,1
69443f6d432f063164327f8e,CP,adult,1.025,1
667b369632ed2d5b2d3b9947,CP,adult,1.02,1
5d31dc6e42678e001a0bdedd,CP,adult,1.0333333333333334,0
61490f8d7e62aaaea93feaf4,CP,adult,1.02,0
69dd52eb4170af5eac4bd1e8,CP,adult,1.5,1
69419ffdfdfb97e0bf9cca18,CP,adult,1.5,1
6571d21081e5b7f488282b0c,CP,adult,1.02,1
573f3168d700ea000ff433a6,CP,adult,1.02,0
5b9e2f45f07414000105160b,CP,adult,1.5,1
69b2eaab584f6399e281f2ca,CP,adult,1.3333333333333333,1
676ae3e650a28a06d8486941,CP,adult,1.025,1
6995ebe917abe5d36a3b17e0,CP,adult,1.02,1
63af557b3d4f219c3226b7d6,CP,adult,1.3333333333333333,1
5ec43020306f252ea5d83f6f,CP,adult,1.0499999999999998,1
598f22af33481c000164d359,CP,adult,1.02,1
69517812a9042b183ebc818f,CP,adult,1.02,0
6697f953a43613fe2f6a2883,CP,adult,1.02,0
5d542c3a5af5900019bc80c4,CP,adult,1.25,1
60ff186560b3d8631d11f5f7,CP,adult,1.033332857142857,1
69443f6d432f063164327f8e,CP,adult,1.0333333333333334,1
6612d5d5abf4df0d84f44b3e,CP,adult,1.25,1
6317ff092d6b47344b7d1ec5,CP,adult,1.333334,0
5ef52a87f04c781600ae4114,CP,adult,1.333332857142857,1
676ae3e650a28a06d8486941,CP,adult,1.25,1
5b9e2f45f07414000105160b,CP,adult,1.02,0
60b8f2c365ec36a3395896b6,CP,adult,1.0499999999999998,1
66c3366a3b5834b89124e85a,CP,adult,1.333334,1
69b2eaab584f6399e281f2ca,CP,adult,1.5,1
69dd84f43ecdf4763f2f3ce9,CP,adult,1.025,1
6697f953a43613fe2f6a2883,CP,adult,1.333334,1
6995ebe917abe5d36a3b17e0,CP,adult,1.02,0
667b369632ed2d5b2d3b9947,CP,adult,1.025,1
69419ffdfdfb97e0bf9cca18,CP,adult,1.025,1
676ae3e650a28a06d8486941,CP,adult,1.05,1
5cae6a77b38ea60016e54889,CP,adult,1.3333333333333333,1
69dd52eb4170af5eac4bd1e8,CP,adult,1.02,0
5b9e2f45f07414000105160b,CP,adult,1.033334,1
5ef52a87f04c781600ae4114,CP,adult,1.025,0
66c3366a3b5834b89124e85a,CP,adult,1.025,0
69b2eaab584f6399e281f2ca,CP,adult,1.5,1
69dd84f43ecdf4763f2f3ce9,CP,adult,1.025,0
598f22af33481c000164d359,CP,adult,1.033332857142857,1
60b8f2c365ec36a3395896b6,CP,adult,1.25,1
5d542c3a5af5900019bc80c4,CP,adult,1.05,1
60ff186560b3d8631d11f5f7,CP,adult,1.0333333333333334,1
5ffc9acaaacffc0cb55ba3ab,CP,adult,1.333332857142857,1
5ec43020306f252ea5d83f6f,CP,adult,1.0333333333333334,1
6317ff092d6b47344b7d1ec5,CP,adult,1.333334,1
69419ffdfdfb97e0bf9cca18,CP,adult,1.02,1
573f3168d700ea000ff433a6,CP,adult,1.033334,1
69443f6d432f063164327f8e,CP,adult,1.033334,0
69694af40a5fb63ed7b72849,CP,adult,1.025,0
69dd52eb4170af5eac4bd1e8,CP,adult,1.25,1
6995ebe917abe5d36a3b17e0,CP,adult,1.0333333333333334,0
63af557b3d4f219c3226b7d6,CP,adult,1.25,1
6612d5d5abf4df0d84f44b3e,CP,adult,1.3333333333333333,1
69517812a9042b183ebc818f,CP,adult,1.025,1
6697f953a43613fe2f6a2883,CP,adult,1.033334,0
5ef52a87f04c781600ae4114,CP,adult,1.05,1
667b369632ed2d5b2d3b9947,CP,adult,1.02,1
60ff186560b3d8631d11f5f7,CP,adult,1.02,1
69dfd6548334412db2f468cf,CP,adult,1.333334,1
5685ddee333cbd000c4e4cd7,CP,adult,1.05,1
69419ffdfdfb97e0bf9cca18,CP,adult,1.333332857142857,1
573f3168d700ea000ff433a6,CP,adult,1.02,1
6317ff092d6b47344b7d1ec5,CP,adult,1.05,0
61490f8d7e62aaaea93feaf4,CP,adult,1.5,0
63af557b3d4f219c3226b7d6,CP,adult,1.0333333333333334,1
5b9e2f45f07414000105160b,CP,adult,1.333332857142857,1
676ae3e650a28a06d8486941,CP,adult,1.25,1
6612d5d5abf4df0d84f44b3e,CP,adult,1.333332857142857,1
66c3366a3b5834b89124e85a,CP,adult,1.0333333333333334,0
69694af40a5fb63ed7b72849,CP,adult,1.033332857142857,1
6978de0358edaccb1d2b58b6,CP,adult,1.02,0
5ffc9acaaacffc0cb55ba3ab,CP,adult,1.0499999999999998,1
667b369632ed2d5b2d3b9947,CP,adult,1.0499999999999998,0
5685ddee333cbd000c4e4cd7,CP,adult,1.5,1
573f3168d700ea000ff433a6,CP,adult,1.02,1
5d31dc6e42678e001a0bdedd,CP,adult,1.05,0
5cae6a77b38ea60016e54889,CP,adult,1.025,0
63af557b3d4f219c3226b7d6,CP,adult,1.5,1
5ffc9acaaacffc0cb55ba3ab,CP,adult,1.025,1
696bbc24d203a82d2c6e9ca8,CP,adult,1.025,1
5ec43020306f252ea5d83f6f,CP,adult,1.025,1
69dfd6548334412db2f468cf,CP,adult,1.05,1
598f22af33481c000164d359,CP,adult,1.25,1
5fefefa4c9707d3516361c9c,CP,adult,1.05,0
5d542c3a5af5900019bc80c4,CP,adult,1.5,1
61490f8d7e62aaaea93feaf4,CP,adult,1.0333333333333334,0
69517812a9042b183ebc818f,CP,adult,1.5,1
6317ff092d6b47344b7d1ec5,CP,adult,1.3333333333333333,1
69443f6d432f063164327f8e,CP,adult,1.25,1
69694af40a5fb63ed7b72849,CP,adult,1.033334,0
573f3168d700ea000ff433a6,CP,adult,1.02,0
6612d5d5abf4df0d84f44b3e,CP,adult,1.025,1
696bbc24d203a82d2c6e9ca8,CP,adult,1.0333333333333334,1
63af557b3d4f219c3226b7d6,CP,adult,1.02,1
5d31dc6e42678e001a0bdedd,CP,adult,1.25,1
6697f953a43613fe2f6a2883,CP,adult,1.05,0
61490f8d7e62aaaea93feaf4,CP,adult,1.02,0
69dfd6548334412db2f468cf,CP,adult,1.025,0
5fefefa4c9707d3516361c9c,CP,adult,1.5,1
676ae3e650a28a06d8486941,CP,adult,1.5,0
667b369632ed2d5b2d3b9947,CP,adult,1.02,0
6978de0358edaccb1d2b58b6,CP,adult,1.0333333333333334,0
5cae6a77b38ea60016e54889,CP,adult,1.025,1
696bbc24d203a82d2c6e9ca8,CP,adult,1.05,0
5b9e2f45f07414000105160b,CP,adult,1.333334,1
69b2eaab584f6399e281f2ca,CP,adult,1.5,1
69dd84f43ecdf4763f2f3ce9,CP,adult,1.25,1
61490f8d7e62aaaea93feaf4,CP,adult,1.333334,1
66c3366a3b5834b89124e85a,CP,adult,1.333334,1
598f22af33481c000164d359,CP,adult,1.25,1
5d542c3a5af5900019bc80c4,CP,adult,1.333332857142857,1
676ae3e650a28a06d8486941,CP,adult,1.333334,1
5d31dc6e42678e001a0bdedd,CP,adult,1.033334,0
5fefefa4c9707d3516361c9c,CP,adult,1.25,1
60b8f2c365ec36a3395896b6,CP,adult,1.5,1
5cae6a77b38ea60016e54889,CP,adult,1.025,1
5ec43020306f252ea5d83f6f,CP,adult,1.05,0
696bbc24d203a82d2c6e9ca8,CP,adult,1.02,0
69dd84f43ecdf4763f2f3ce9,CP,adult,1.5,1
69b2eaab584f6399e281f2ca,CP,adult,1.033334,0
69dd52eb4170af5eac4bd1e8,CP,adult,1.5,1
69443f6d432f063164327f8e,CP,adult,1.033334,1
598f22af33481c000164d359,CP,adult,1.05,1
5d542c3a5af5900019bc80c4,CP,adult,1.333334,1
6697f953a43613fe2f6a2883,CP,adult,1.033334,1
5ef52a87f04c781600ae4114,CP,adult,1.333334,1
69517812a9042b183ebc818f,CP,adult,1.05,1
6995ebe917abe5d36a3b17e0,CP,adult,1.033332857142857,1
5cae6a77b38ea60016e54889,CP,adult,1.02,0
5d31dc6e42678e001a0bdedd,CP,adult,1.25,0
573f3168d700ea000ff433a6,CP,adult,1.02,0
696bbc24d203a82d2c6e9ca8,CP,adult,1.02,1
5ec43020306f252ea5d83f6f,CP,adult,1.25,1
5fefefa4c9707d3516361c9c,CP,adult,1.02,0
6317ff092d6b47344b7d1ec5,CP,adult,1.5,1
60b8f2c365ec36a3395896b6,CP,adult,1.025,1
598f22af33481c000164d359,CP,adult,1.033332857142857,0
66c3366a3b5834b89124e85a,CP,adult,1.025,0
69dd52eb4170af5eac4bd1e8,CP,adult,1.0499999999999998,0
6697f953a43613fe2f6a2883,CP,adult,1.25,0
5ffc9acaaacffc0cb55ba3ab,CP,adult,1.5,1
5dd2d8126ac608000a330132,CP,adult,1.02,1
5cae6a77b38ea60016e54889,CP,adult,1.5,1
5ef52a87f04c781600ae4114,CP,adult,1.05,1
6978de0358edaccb1d2b58b6,CP,adult,1.05,1
676ae3e650a28a06d8486941,CP,adult,1.05,0
6995ebe917abe5d36a3b17e0,CP,adult,1.02,1
69dfd6548334412db2f468cf,CP,adult,1.025,1
63af557b3d4f219c3226b7d6,CP,adult,1.05,1
6697f953a43613fe2f6a2883,CP,adult,1.3333333333333333,1
5b9e2f45f07414000105160b,CP,adult,1.05,1
667b369632ed2d5b2d3b9947,CP,adult,1.05,0
5fefefa4c9707d3516361c9c,CP,adult,1.5,0
598f22af33481c000164d359,CP,adult,1.5,1
5ec43020306f252ea5d83f6f,CP,adult,1.0333333333333334,1
69dd52eb4170af5eac4bd1e8,CP,adult,1.5,1
69443f6d432f063164327f8e,CP,adult,1.25,1
5cae6a77b38ea60016e54889,CP,adult,1.333334,1
676ae3e650a28a06d8486941,CP,adult,1.5,1
5ffc9acaaacffc0cb55ba3ab,CP,adult,1.02,1
69419ffdfdfb97e0bf9cca18,CP,adult,1.025,1
5ef52a87f04c781600ae4114,CP,adult,1.033332857142857,1
5dd2d8126ac608000a330132,CP,adult,1.02,0
6697f953a43613fe2f6a2883,CP,adult,1.025,1
6995ebe917abe5d36a3b17e0,CP,adult,1.05,1
6978de0358edaccb1d2b58b6,CP,adult,1.025,1
66c3366a3b5834b89124e85a,CP,adult,1.333332857142857,1
6317ff092d6b47344b7d1ec5,CP,adult,1.025,0
5b9e2f45f07414000105160b,CP,adult,1.02,0
5fefefa4c9707d3516361c9c,CP,adult,1.025,0
573f3168d700ea000ff433a6,CP,adult,1.02,0
69694af40a5fb63ed7b72849,CP,adult,1.02,1
69443f6d432f063164327f8e,CP,adult,1.05,1
69dd84f43ecdf4763f2f3ce9,CP,adult,1.25,1
60b8f2c365ec36a3395896b6,CP,adult,1.25,1
5ef52a87f04c781600ae4114,CP,adult,1.5,1
6697f953a43613fe2f6a2883,CP,adult,1.05,1
6612d5d5abf4df0d84f44b3e,CP,adult,1.5,1
5d31dc6e42678e001a0bdedd,CP,adult,1.02,0
5ffc9acaaacffc0cb55ba3ab,CP,adult,1.0333333333333334,0
598f22af33481c000164d359,CP,adult,1.02,0
5cae6a77b38ea60016e54889,CP,adult,1.0499999999999998,0
61490f8d7e62aaaea93feaf4,CP,adult,1.5,1
69dfd6548334412db2f468cf,CP,adult,1.05,1
60ff186560b3d8631d11f5f7,CP,adult,1.333334,1
69419ffdfdfb97e0bf9cca18,CP,adult,1.05,0
69dd84f43ecdf4763f2f3ce9,CP,adult,1.0333333333333334,1
61490f8d7e62aaaea93feaf4,CP,adult,1.333332857142857,0
676ae3e650a28a06d8486941,CP,adult,1.25,1
63af557b3d4f219c3226b7d6,CP,adult,1.333334,1
5b9e2f45f07414000105160b,CP,adult,1.25,1
5d542c3a5af5900019bc80c4,CP,adult,1.25,1
69b2eaab584f6399e281f2ca,CP,adult,1.333332857142857,0
69443f6d432f063164327f8e,CP,adult,1.02,0
667b369632ed2d5b2d3b9947,CP,adult,1.05,1
69694af40a5fb63ed7b72849,CP,adult,1.0333333333333334,1
6612d5d5abf4df0d84f44b3e,CP,adult,1.25,1
5685ddee333cbd000c4e4cd7,CP,adult,1.3333333333333333,1
696bbc24d203a82d2c6e9ca8,CP,adult,1.033332857142857,1
573f3168d700ea000ff433a6,CP,adult,1.025,1
69517812a9042b183ebc818f,CP,adult,1.033332857142857,1
69419ffdfdfb97e0bf9cca18,CP,adult,1.0333333333333334,1
61490f8d7e62aaaea93feaf4,CP,adult,1.033332857142857,0
69dd84f43ecdf4763f2f3ce9,CP,adult,1.25,1
5d31dc6e42678e001a0bdedd,CP,adult,1.02,0
6317ff092d6b47344b7d1ec5,CP,adult,1.025,1
5d542c3a5af5900019bc80c4,CP,adult,1.5,1
66c3366a3b5834b89124e85a,CP,adult,1.0333333333333334,1
69b2eaab584f6399e281f2ca,CP,adult,1.025,0
5685ddee333cbd000c4e4cd7,CP,adult,1.05,1
69694af40a5fb63ed7b72849,CP,adult,1.0333333333333334,0
60b8f2c365ec36a3395896b6,CP,adult,1.02,1
60ff186560b3d8631d11f5f7,CP,adult,1.05,0
573f3168d700ea000ff433a6,CP,adult,1.025,0
69dd84f43ecdf4763f2f3ce9,CP,adult,1.0499999999999998,1
6612d5d5abf4df0d84f44b3e,CP,adult,1.025,0
69dfd6548334412db2f468cf,CP,adult,1.05,1
69517812a9042b183ebc818f,CP,adult,1.0499999999999998,0
63af557b3d4f219c3226b7d6,CP,adult,1.02,0
5d542c3a5af5900019bc80c4,CP,adult,1.033334,1
5d31dc6e42678e001a0bdedd,CP,adult,1.333334,1
667b369632ed2d5b2d3b9947,CP,adult,1.5,1
598f22af33481c000164d359,CP,adult,1.5,1
69b2eaab584f6399e281f2ca,CP,adult,1.05,1
5685ddee333cbd000c4e4cd7,CP,adult,1.02,1
5cae6a77b38ea60016e54889,CP,adult,1.033334,1
61490f8d7e62aaaea93feaf4,CP,adult,1.02,0
676ae3e650a28a06d8486941,CP,adult,1.3333333333333333,0
69dd52eb4170af5eac4bd1e8,CP,adult,1.0499999999999998,1
69419ffdfdfb97e0bf9cca18,CP,adult,1.25,1
6571d21081e5b7f488282b0c,CP,adult,1.02,0
5ec43020306f252ea5d83f6f,CP,adult,1.333332857142857,1
69dfd6548334412db2f468cf,CP,adult,1.05,1
63af557b3d4f219c3226b7d6,CP,adult,1.025,1
66c3366a3b5834b89124e85a,CP,adult,1.05,0
60ff186560b3d8631d11f5f7,CP,adult,1.02,0
676ae3e650a28a06d8486941,CP,adult,1.02,1
69517812a9042b183ebc818f,CP,adult,1.0499999999999998,1
5dd2d8126ac608000a330132,CP,adult,1.333332857142857,1
573f3168d700ea000ff433a6,CP,adult,1.02,0
5685ddee333cbd000c4e4cd7,CP,adult,1.025,0
6317ff092d6b47344b7d1ec5,CP,adult,1.02,0
69dd84f43ecdf4763f2f3ce9,CP,adult,1.5,1
5b9e2f45f07414000105160b,CP,adult,1.02,0
69443f6d432f063164327f8e,CP,adult,1.25,1
69419ffdfdfb97e0bf9cca18,CP,adult,1.02,1
69a77124e0bf5562416bbd50,CP,adult,1.025,1
676ae3e650a28a06d8486941,CP,adult,1.05,0
60b8f2c365ec36a3395896b6,CP,adult,1.3333333333333333,1
61490f8d7e62aaaea93feaf4,CP,adult,1.033332857142857,1
69694af40a5fb63ed7b72849,CP,adult,1.025,1
5ef52a87f04c781600ae4114,CP,adult,1.033332857142857,0
5ffc9acaaacffc0cb55ba3ab,CP,adult,1.02,0
6317ff092d6b47344b7d1ec5,CP,adult,1.025,0
5fefefa4c9707d3516361c9c,CP,adult,1.033334,1
63af557b3d4f219c3226b7d6,CP,adult,1.033332857142857,1
61490f8d7e62aaaea93feaf4,CP,adult,1.033334,0
598f22af33481c000164d359,CP,adult,1.05,0
69a77124e0bf5562416bbd50,CP,adult,1.05,0
676ae3e650a28a06d8486941,CP,adult,1.25,0
6317ff092d6b47344b7d1ec5,CP,adult,1.5,1
5fefefa4c9707d3516361c9c,CP,adult,1.02,0
66c3366a3b5834b89124e85a,CP,adult,1.333332857142857,1
60ff186560b3d8631d11f5f7,CP,adult,1.033332857142857,0
5dd2d8126ac608000a330132,CP,adult,1.02,1
5ec43020306f252ea5d83f6f,CP,adult,1.05,0
60b8f2c365ec36a3395896b6,CP,adult,1.3333333333333333,1
5cae6a77b38ea60016e54889,CP,adult,1.5,1
5685ddee333cbd000c4e4cd7,CP,adult,1.25,1
63af557b3d4f219c3226b7d6,CP,adult,1.033332857142857,1
6317ff092d6b47344b7d1ec5,CP,adult,1.0333333333333334,0
69dfd6548334412db2f468cf,CP,adult,1.25,1
69517812a9042b183ebc818f,CP,adult,1.02,0
69419ffdfdfb97e0bf9cca18,CP,adult,1.05,1
61490f8d7e62aaaea93feaf4,CP,adult,1.05,0
60ff186560b3d8631d11f5f7,CP,adult,1.0499999999999998,1
5fefefa4c9707d3516361c9c,CP,adult,1.033332857142857,0
573f3168d700ea000ff433a6,CP,adult,1.025,0
5685ddee333cbd000c4e4cd7,CP,adult,1.025,0
69443f6d432f063164327f8e,CP,adult,1.02,1
6612d5d5abf4df0d84f44b3e,CP,adult,1.033332857142857,0
6697f953a43613fe2f6a2883,CP,adult,1.025,0
66c3366a3b5834b89124e85a,CP,adult,1.033334,1
63af557b3d4f219c3226b7d6,CP,adult,1.5,1
69419ffdfdfb97e0bf9cca18,CP,adult,1.0333333333333334,0
6978de0358edaccb1d2b58b6,CP,adult,1.02,1
69443f6d432f063164327f8e,CP,adult,1.0499999999999998,0
598f22af33481c000164d359,CP,adult,1.333332857142857,0
66c3366a3b5834b89124e85a,CP,adult,1.5,1
69517812a9042b183ebc818f,CP,adult,1.02,0
676ae3e650a28a06d8486941,CP,adult,1.033334,0
69694af40a5fb63ed7b72849,CP,adult,1.02,1
5685ddee333cbd000c4e4cd7,CP,adult,1.5,1
5e076480c4e1550e2114f006,CP,adult,1.025,1
6995ebe917abe5d36a3b17e0,CP,adult,1.0499999999999998,1
69694af40a5fb63ed7b72849,CP,adult,1.25,1
69b2eaab584f6399e281f2ca,CP,adult,1.0333333333333334,0
6978de0358edaccb1d2b58b6,CP,adult,1.0333333333333334,1
69dd52eb4170af5eac4bd1e8,CP,adult,1.02,0
5fefefa4c9707d3516361c9c,CP,adult,1.05,1
6697f953a43613fe2f6a2883,CP,adult,1.25,1
63af557b3d4f219c3226b7d6,CP,adult,1.025,1
66c3366a3b5834b89124e85a,CP,adult,1.0333333333333334,1
5cae6a77b38ea60016e54889,CP,adult,1.5,1
5ec43020306f252ea5d83f6f,CP,adult,1.02,1
69dfd6548334412db2f468cf,CP,adult,1.0333333333333334,1
598f22af33481c000164d359,CP,adult,1.25,1
573f3168d700ea000ff433a6,CP,adult,1.033334,0
69dd84f43ecdf4763f2f3ce9,CP,adult,1.333334,1
5d31dc6e42678e001a0bdedd,CP,adult,1.05,1
69517812a9042b183ebc818f,CP,adult,1.5,1
6612d5d5abf4df0d84f44b3e,CP,adult,1.25,1
5685ddee333cbd000c4e4cd7,CP,adult,1.02,1
69b2eaab584f6399e281f2ca,CP,adult,1.02,1
60ff186560b3d8631d11f5f7,CP,adult,1.25,1
6995ebe917abe5d36a3b17e0,CP,adult,1.025,1
5dd2d8126ac608000a330132,CP,adult,1.25,1
69419ffdfdfb97e0bf9cca18,CP,adult,1.033334,1
69dd52eb4170af5eac4bd1e8,CP,adult,1.3333333333333333,1
5b9e2f45f07414000105160b,CP,adult,1.033332857142857,1
6978de0358edaccb1d2b58b6,CP,adult,1.0499999999999998,0
69443f6d432f063164327f8e,CP,adult,1.05,0
6697f953a43613fe2f6a2883,CP,adult,1.025,0
676ae3e650a28a06d8486941,CP,adult,1.333334,1
5cae6a77b38ea60016e54889,CP,adult,1.02,0
66c3366a3b5834b89124e85a,CP,adult,1.02,1
69dfd6548334412db2f468cf,CP,adult,1.5,1
69dd84f43ecdf4763f2f3ce9,CP,adult,1.333332857142857,0
573f3168d700ea000ff433a6,CP,adult,1.033332857142857,1
69694af40a5fb63ed7b72849,CP,adult,1.05,1
60b8f2c365ec36a3395896b6,CP,adult,1.25,0
5d31dc6e42678e001a0bdedd,CP,adult,1.0333333333333334,1
6571d21081e5b7f488282b0c,CP,adult,1.025,1
69419ffdfdfb97e0bf9cca18,CP,adult,1.333334,1
6612d5d5abf4df0d84f44b3e,CP,adult,1.033332857142857,1
5ef52a87f04c781600ae4114,CP,adult,1.025,1
5b9e2f45f07414000105160b,CP,adult,1.5,1
6697f953a43613fe2f6a2883,CP,adult,1.5,1
5685ddee333cbd000c4e4cd7,CP,adult,1.333332857142857,1
69dd52eb4170af5eac4bd1e8,CP,adult,1.25,1
5cae6a77b38ea60016e54889,CP,adult,1.05,1
69b2eaab584f6399e281f2ca,CP,adult,1.02,1
61490f8d7e62aaaea93feaf4,CP,adult,1.033332857142857,0
63af557b3d4f219c3226b7d6,CP,adult,1.02,1
69517812a9042b183ebc818f,CP,adult,1.05,0
6995ebe917abe5d36a3b17e0,CP,adult,1.25,1
69443f6d432f063164327f8e,CP,adult,1.025,0
69dfd6548334412db2f468cf,CP,adult,1.5,1
69dd84f43ecdf4763f2f3ce9,CP,adult,1.333334,0
6978de0358edaccb1d2b58b6,CP,adult,1.02,1
676ae3e650a28a06d8486941,CP,adult,1.025,1
69a77124e0bf5562416bbd50,CP,adult,1.02,1
5b9e2f45f07414000105160b,CP,adult,1.3333333333333333,1
5ef52a87f04c781600ae4114,CP,adult,1.025,1
6995ebe917abe5d36a3b17e0,CP,adult,1.02,0
5dd2d8126ac608000a330132,CP,adult,1.05,1
5ec43020306f252ea5d83f6f,CP,adult,1.02,0
69dd84f43ecdf4763f2f3ce9,CP,adult,1.3333333333333333,1
60b8f2c365ec36a3395896b6,CP,adult,1.333334,1
5b9e2f45f07414000105160b,CP,adult,1.02,1
5ef52a87f04c781600ae4114,CP,adult,1.333334,1
69b2eaab584f6399e281f2ca,CP,adult,1.033334,0
69517812a9042b183ebc818f,CP,adult,1.05,1
6995ebe917abe5d36a3b17e0,CP,adult,1.25,1
69dd84f43ecdf4763f2f3ce9,CP,adult,1.25,1
5ffc9acaaacffc0cb55ba3ab,CP,adult,1.02,1
69694af40a5fb63ed7b72849,CP,adult,1.033334,0
5685ddee333cbd000c4e4cd7,CP,adult,1.0333333333333334,1
6317ff092d6b47344b7d1ec5,CP,adult,1.333332857142857,0
5b9e2f45f07414000105160b,CP,adult,1.05,0
60b8f2c365ec36a3395896b6,CP,adult,1.025,1
69dd84f43ecdf4763f2f3ce9,CP,adult,1.25,1
5ef52a87f04c781600ae4114,CP,adult,1.025,1
63af557b3d4f219c3226b7d6,CP,adult,1.333334,1
69419ffdfdfb97e0bf9cca18,CP,adult,1.25,1
5ffc9acaaacffc0cb55ba3ab,CP,adult,1.25,1
6978de0358edaccb1d2b58b6,CP,adult,1.05,1
69443f6d432f063164327f8e,CP,adult,1.02,1
66c3366a3b5834b89124e85a,CP,adult,1.3333333333333333,1
676ae3e650a28a06d8486941,CP,adult,1.3333333333333333,0
63af557b3d4f219c3226b7d6,CP,adult,1.25,1
5dd2d8126ac608000a330132,CP,adult,1.025,1
69517812a9042b183ebc818f,CP,adult,1.025,0
5685ddee333cbd000c4e4cd7,CP,adult,1.025,0
573f3168d700ea000ff433a6,CP,adult,1.5,1
69443f6d432f063164327f8e,CP,adult,1.5,1
598f22af33481c000164d359,CP,adult,1.0499999999999998,0
63af557b3d4f219c3226b7d6,CP,adult,1.02,0
5d31dc6e42678e001a0bdedd,CP,adult,1.025,1
6697f953a43613fe2f6a2883,CP,adult,1.033334,1
676ae3e650a28a06d8486941,CP,adult,1.033332857142857,1
66c3366a3b5834b89124e85a,CP,adult,1.25,1
6612d5d5abf4df0d84f44b3e,CP,adult,1.0333333333333334,0
63af557b3d4f219c3226b7d6,CP,adult,1.0333333333333334,0
5ffc9acaaacffc0cb55ba3ab,CP,adult,1.025,1
5ec43020306f252ea5d83f6f,CP,adult,1.025,1
69a77124e0bf5562416bbd50,CP,adult,1.025,0
6697f953a43613fe2f6a2883,CP,adult,1.0333333333333334,1
66c3366a3b5834b89124e85a,CP,adult,1.333332857142857,1
5dd2d8126ac608000a330132,CP,adult,1.5,1
61490f8d7e62aaaea93feaf4,CP,adult,1.25,1
676ae3e650a28a06d8486941,CP,adult,1.5,0
5ffc9acaaacffc0cb55ba3ab,CP,adult,1.02,1
69694af40a5fb63ed7b72849,CP,adult,1.033332857142857,0
5d31dc6e42678e001a0bdedd,CP,adult,1.0499999999999998,1
61490f8d7e62aaaea93feaf4,CP,adult,1.025,0
69dd52eb4170af5eac4bd1e8,CP,adult,1.333334,1
66c3366a3b5834b89124e85a,CP,adult,1.033332857142857,1
573f3168d700ea000ff433a6,CP,adult,1.0499999999999998,1
6612d5d5abf4df0d84f44b3e,CP,adult,1.0499999999999998,1
69694af40a5fb63ed7b72849,CP,adult,1.0333333333333334,1
5ffc9acaaacffc0cb55ba3ab,CP,adult,1.05,0
5cae6a77b38ea60016e54889,CP,adult,1.05,0
5d31dc6e42678e001a0bdedd,CP,adult,1.02,1
63af557b3d4f219c3226b7d6,CP,adult,1.05,1
6978de0358edaccb1d2b58b6,CP,adult,1.02,0
69dfd6548334412db2f468cf,CP,adult,1.025,1
69694af40a5fb63ed7b72849,CP,adult,1.0333333333333334,0
69419ffdfdfb97e0bf9cca18,CP,adult,1.25,1
5cae6a77b38ea60016e54889,CP,adult,1.05,1
5d31dc6e42678e001a0bdedd,CP,adult,1.0499999999999998,0
573f3168d700ea000ff433a6,CP,adult,1.05,1
69dd52eb4170af5eac4bd1e8,CP,adult,1.5,1
61490f8d7e62aaaea93feaf4,CP,adult,1.0333333333333334,1
69a77124e0bf5562416bbd50,CP,adult,1.02,1
6697f953a43613fe2f6a2883,CP,adult,1.5,1
5fefefa4c9707d3516361c9c,CP,adult,1.3333333333333333,1
5ec43020306f252ea5d83f6f,CP,adult,1.05,0
61490f8d7e62aaaea93feaf4,CP,adult,1.025,1
5cae6a77b38ea60016e54889,CP,adult,1.02,1
6317ff092d6b47344b7d1ec5,CP,adult,1.05,1
69a77124e0bf5562416bbd50,CP,adult,1.02,0
573f3168d700ea000ff433a6,CP,adult,1.05,0
61490f8d7e62aaaea93feaf4,CP,adult,1.025,0
69419ffdfdfb97e0bf9cca18,CP,adult,1.033334,0
5d31dc6e42678e001a0bdedd,CP,adult,1.025,1
5cae6a77b38ea60016e54889,CP,adult,1.033334,0
5e076480c4e1550e2114f006,CP,adult,1.25,1
69dfd6548334412db2f468cf,CP,adult,1.5,1
6317ff092d6b47344b7d1ec5,CP,adult,1.033334,1
5b9e2f45f07414000105160b,CP,adult,1.5,1
5ec43020306f252ea5d83f6f,CP,adult,1.333332857142857,1
5ef52a87f04c781600ae4114,CP,adult,1.25,1
5cae6a77b38ea60016e54889,CP,adult,1.3333333333333333,1
6571d21081e5b7f488282b0c,CP,adult,1.0499999999999998,1
5dd2d8126ac608000a330132,CP,adult,1.5,1
5685ddee333cbd000c4e4cd7,CP,adult,1.05,1
69443f6d432f063164327f8e,CP,adult,1.5,1
5cae6a77b38ea60016e54889,CP,adult,1.5,1
5fefefa4c9707d3516361c9c,CP,adult,1.05,1
676ae3e650a28a06d8486941,CP,adult,1.05,1
5b9e2f45f07414000105160b,CP,adult,1.02,0
598f22af33481c000164d359,CP,adult,1.5,1
6317ff092d6b47344b7d1ec5,CP,adult,1.5,1
5e076480c4e1550e2114f006,CP,adult,1.025,1
63af557b3d4f219c3226b7d6,CP,adult,1.025,1
573f3168d700ea000ff433a6,CP,adult,1.02,0
69419ffdfdfb97e0bf9cca18,CP,adult,1.5,1
598f22af33481c000164d359,CP,adult,1.02,0
6697f953a43613fe2f6a2883,CP,adult,1.333334,1
5fefefa4c9707d3516361c9c,CP,adult,1.025,0
69dd84f43ecdf4763f2f3ce9,CP,adult,1.5,1
69b2eaab584f6399e281f2ca,CP,adult,1.033334,0
69443f6d432f063164327f8e,CP,adult,1.025,1
676ae3e650a28a06d8486941,CP,adult,1.033332857142857,1
598f22af33481c000164d359,CP,adult,1.25,0
6697f953a43613fe2f6a2883,CP,adult,1.033332857142857,1
69a77124e0bf5562416bbd50,CP,adult,1.02,0
66c3366a3b5834b89124e85a,CP,adult,1.025,0
69dd52eb4170af5eac4bd1e8,CP,adult,1.25,1
6317ff092d6b47344b7d1ec5,CP,adult,1.5,1
676ae3e650a28a06d8486941,CP,adult,1.3333333333333333,1
61490f8d7e62aaaea93feaf4,CP,adult,1.025,0
598f22af33481c000164d359,CP,adult,1.0333333333333334,0
5ec43020306f252ea5d83f6f,CP,adult,1.25,1
5fefefa4c9707d3516361c9c,CP,adult,1.025,0
676ae3e650a28a06d8486941,CP,adult,1.3333333333333333,0
5dd2d8126ac608000a330132,CP,adult,1.5,1
69dfd6548334412db2f468cf,CP,adult,1.05,1
5cae6a77b38ea60016e54889,CP,adult,1.033334,1
69b2eaab584f6399e281f2ca,CP,adult,1.25,1
6612d5d5abf4df0d84f44b3e,CP,adult,1.333332857142857,1
573f3168d700ea000ff433a6,CP,adult,1.25,1
6995ebe917abe5d36a3b17e0,CP,adult,1.025,0
5d31dc6e42678e001a0bdedd,CP,adult,1.033332857142857,1
69dd52eb4170af5eac4bd1e8,CP,adult,1.02,0
6697f953a43613fe2f6a2883,CP,adult,1.3333333333333333,1
598f22af33481c000164d359,CP,adult,1.25,1
69b2eaab584f6399e281f2ca,CP,adult,1.02,1
5ec43020306f252ea5d83f6f,CP,adult,1.333334,1
6612d5d5abf4df0d84f44b3e,CP,adult,1.5,1
5fefefa4c9707d3516361c9c,CP,adult,1.025,0
6697f953a43613fe2f6a2883,CP,adult,1.5,1
61490f8d7e62aaaea93feaf4,CP,adult,1.25,1
676ae3e650a28a06d8486941,CP,adult,1.5,0
5ffc9acaaacffc0cb55ba3ab,CP,adult,1.0499999999999998,0
6978de0358edaccb1d2b58b6,CP,adult,1.0333333333333334,1
69a77124e0bf5562416bbd50,CP,adult,1.02,0
69694af40a5fb63ed7b72849,CP,adult,1.02,0
69517812a9042b183ebc818f,CP,adult,1.05,0
61490f8d7e62aaaea93feaf4,CP,adult,1.3333333333333333,0
6995ebe917abe5d36a3b17e0,CP,adult,1.25,1
598f22af33481c000164d359,CP,adult,1.025,0
5e076480c4e1550e2114f006,CP,adult,1.02,0
69419ffdfdfb97e0bf9cca18,CP,adult,1.3333333333333333,1
5ef52a87f04c781600ae4114,CP,adult,1.0499999999999998,0
61490f8d7e62aaaea93feaf4,CP,adult,1.02,1
69dd84f43ecdf4763f2f3ce9,CP,adult,1.25,1
573f3168d700ea000ff433a6,CP,adult,1.05,1
69b2eaab584f6399e281f2ca,CP,adult,1.0499999999999998,0
5cae6a77b38ea60016e54889,CP,adult,1.25,1
6612d5d5abf4df0d84f44b3e,CP,adult,1.02,1
69694af40a5fb63ed7b72849,CP,adult,1.0333333333333334,0
69dfd6548334412db2f468cf,CP,adult,1.02,0
69dd84f43ecdf4763f2f3ce9,CP,adult,1.333334,1
5b9e2f45f07414000105160b,CP,adult,1.025,0
5ef52a87f04c781600ae4114,CP,adult,1.5,1
69694af40a5fb63ed7b72849,CP,adult,1.025,0
6995ebe917abe5d36a3b17e0,CP,adult,1.033332857142857,0
69dd52eb4170af5eac4bd1e8,CP,adult,1.5,1
69dd84f43ecdf4763f2f3ce9,CP,adult,1.25,1
66c3366a3b5834b89124e85a,CP,adult,1.25,0
60b8f2c365ec36a3395896b6,CP,adult,1.02,1
69419ffdfdfb97e0bf9cca18,CP,adult,1.3333333333333333,1
5fefefa4c9707d3516361c9c,CP,adult,1.02,1
69b2eaab584f6399e281f2ca,CP,adult,1.025,1
69dd84f43ecdf4763f2f3ce9,CP,adult,1.5,1
573f3168d700ea000ff433a6,CP,adult,1.05,0
69dfd6548334412db2f468cf,CP,adult,1.333334,1
6317ff092d6b47344b7d1ec5,CP,adult,1.025,0
69dd52eb4170af5eac4bd1e8,CP,adult,1.033334,1
60b8f2c365ec36a3395896b6,CP,adult,1.025,1
6978de0358edaccb1d2b58b6,CP,adult,1.02,1
5d31dc6e42678e001a0bdedd,CP,adult,1.025,1
69517812a9042b183ebc818f,CP,adult,1.0333333333333334,0
6995ebe917abe5d36a3b17e0,CP,adult,1.025,0
69dfd6548334412db2f468cf,CP,adult,1.02,0
5ef52a87f04c781600ae4114,CP,adult,1.5,1
5685ddee333cbd000c4e4cd7,CP,adult,1.25,1
5d31dc6e42678e001a0bdedd,CP,adult,1.25,1
598f22af33481c000164d359,CP,adult,1.0333333333333334,0
5cae6a77b38ea60016e54889,CP,adult,1.5,1
676ae3e650a28a06d8486941,CP,adult,1.025,1
6317ff092d6b47344b7d1ec5,CP,adult,1.05,1
5e076480c4e1550e2114f006,CP,adult,1.0333333333333334,1
69443f6d432f063164327f8e,CP,adult,1.0499999999999998,1
5d31dc6e42678e001a0bdedd,CP,adult,1.5,1
69dd52eb4170af5eac4bd1e8,CP,adult,1.033332857142857,0
5ec43020306f252ea5d83f6f,CP,adult,1.02,1
6571d21081e5b7f488282b0c,CP,adult,1.025,1
6317ff092d6b47344b7d1ec5,CP,adult,1.05,1
5e076480c4e1550e2114f006,CP,adult,1.02,1
5b9e2f45f07414000105160b,CP,adult,1.025,1
63af557b3d4f219c3226b7d6,CP,adult,1.5,1
69443f6d432f063164327f8e,CP,adult,1.5,1
61490f8d7e62aaaea93feaf4,CP,adult,1.5,1
69dd52eb4170af5eac4bd1e8,CP,adult,1.05,0
573f3168d700ea000ff433a6,CP,adult,1.033332857142857,1
6317ff092d6b47344b7d1ec5,CP,adult,1.25,1
5d31dc6e42678e001a0bdedd,CP,adult,1.5,1
60b8f2c365ec36a3395896b6,CP,adult,1.5,1
5ef52a87f04c781600ae4114,CP,adult,1.025,1
69517812a9042b183ebc818f,CP,adult,1.0499999999999998,1
63174af7d57182f9bf90c094,CP,adult,1.02,1
69694af40a5fb63ed7b72849,CP,adult,1.25,1
6697f953a43613fe2f6a2883,CP,adult,1.25,1
5d31dc6e42678e001a0bdedd,CP,adult,1.5,1
6612d5d5abf4df0d84f44b3e,CP,adult,1.05,0
5cae6a77b38ea60016e54889,CP,adult,1.333332857142857,1
69443f6d432f063164327f8e,CP,adult,1.0333333333333334,1
69bc9120bf934fb513230785,CP,adult,1.333334,1
5ec43020306f252ea5d83f6f,CP,adult,1.05,1
573f3168d700ea000ff433a6,CP,adult,1.05,0
69a77124e0bf5562416bbd50,CP,adult,1.025,1
61490f8d7e62aaaea93feaf4,CP,adult,1.05,0
69dfd6548334412db2f468cf,CP,adult,1.025,0
5ef52a87f04c781600ae4114,CP,adult,1.0499999999999998,1
63af557b3d4f219c3226b7d6,CP,adult,1.033334,0
5fefefa4c9707d3516361c9c,CP,adult,1.333334,1
66c3366a3b5834b89124e85a,CP,adult,1.0499999999999998,1
5cae6a77b38ea60016e54889,CP,adult,1.25,0
6978de0358edaccb1d2b58b6,CP,adult,1.02,1
6995ebe917abe5d36a3b17e0,CP,adult,1.25,1
5ffc9acaaacffc0cb55ba3ab,CP,adult,1.333334,1
69517812a9042b183ebc818f,CP,adult,1.02,1
598f22af33481c000164d359,CP,adult,1.025,1
69694af40a5fb63ed7b72849,CP,adult,1.333332857142857,1
6612d5d5abf4df0d84f44b3e,CP,adult,1.333332857142857,1
5685ddee333cbd000c4e4cd7,CP,adult,1.3333333333333333,1
5e076480c4e1550e2114f006,CP,adult,1.033332857142857,0
69a77124e0bf5562416bbd50,CP,adult,1.02,1
676ae3e650a28a06d8486941,CP,adult,1.02,1
66c3366a3b5834b89124e85a,CP,adult,1.02,1
5b9e2f45f07414000105160b,CP,adult,1.033334,0
6978de0358edaccb1d2b58b6,CP,adult,1.0499999999999998,0
5dd2d8126ac608000a330132,CP,adult,1.033332857142857,0
5685ddee333cbd000c4e4cd7,CP,adult,1.033332857142857,1
69dfd6548334412db2f468cf,CP,adult,1.0333333333333334,1
69b2eaab584f6399e281f2ca,CP,adult,1.0499999999999998,1
69dd52eb4170af5eac4bd1e8,CP,adult,1.02,1
69bc9120bf934fb513230785,CP,adult,1.02,1
573f3168d700ea000ff433a6,CP,adult,1.0333333333333334,0
61490f8d7e62aaaea93feaf4,CP,adult,1.3333333333333333,1
5b9e2f45f07414000105160b,CP,adult,1.025,1
5685ddee333cbd000c4e4cd7,CP,adult,1.25,1
5e076480c4e1550e2114f006,CP,adult,1.02,1
598f22af33481c000164d359,CP,adult,1.333332857142857,1
5ef52a87f04c781600ae4114,CP,adult,1.033332857142857,0
6612d5d5abf4df0d84f44b3e,CP,adult,1.025,0
6995ebe917abe5d36a3b17e0,CP,adult,1.5,1
6571d21081e5b7f488282b0c,CP,adult,1.033332857142857,0
5d31dc6e42678e001a0bdedd,CP,adult,1.025,1
5b9e2f45f07414000105160b,CP,adult,1.02,1
5ec43020306f252ea5d83f6f,CP,adult,1.25,1
573f3168d700ea000ff433a6,CP,adult,1.0333333333333334,1
676ae3e650a28a06d8486941,CP,adult,1.033334,0
69443f6d432f063164327f8e,CP,adult,1.0333333333333334,0
69694af40a5fb63ed7b72849,CP,adult,1.05,1
69b2eaab584f6399e281f2ca,CP,adult,1.25,1
5ffc9acaaacffc0cb55ba3ab,CP,adult,1.033332857142857,1
676ae3e650a28a06d8486941,CP,adult,1.333332857142857,0
5e076480c4e1550e2114f006,CP,adult,1.033332857142857,0
6317ff092d6b47344b7d1ec5,CP,adult,1.033334,0
6697f953a43613fe2f6a2883,CP,adult,1.5,0
60b8f2c365ec36a3395896b6,CP,adult,1.333332857142857,1
6978de0358edaccb1d2b58b6,CP,adult,1.02,1
69b2eaab584f6399e281f2ca,CP,adult,1.3333333333333333,1
5ffc9acaaacffc0cb55ba3ab,CP,adult,1.05,1
5685ddee333cbd000c4e4cd7,CP,adult,1.25,1
573f3168d700ea000ff433a6,CP,adult,1.3333333333333333,1
5dd2d8126ac608000a330132,CP,adult,1.0333333333333334,0
69694af40a5fb63ed7b72849,CP,adult,1.025,0
69bc9120bf934fb513230785,CP,adult,1.02,1
676ae3e650a28a06d8486941,CP,adult,1.25,1
69b2eaab584f6399e281f2ca,CP,adult,1.5,1
60b8f2c365ec36a3395896b6,CP,adult,1.02,1
69dfd6548334412db2f468cf,CP,adult,1.05,1
5ef52a87f04c781600ae4114,CP,adult,1.333334,1
5d31dc6e42678e001a0bdedd,CP,adult,1.25,1
66c3366a3b5834b89124e85a,CP,adult,1.5,1
5cae6a77b38ea60016e54889,CP,adult,1.25,1
69bc9120bf934fb513230785,CP,adult,1.025,1
6697f953a43613fe2f6a2883,CP,adult,1.25,1
69dfd6548334412db2f468cf,CP,adult,1.0499999999999998,1
6995ebe917abe5d36a3b17e0,CP,adult,1.05,0
5fefefa4c9707d3516361c9c,CP,adult,1.05,0
5cae6a77b38ea60016e54889,CP,adult,1.025,0
69dd52eb4170af5eac4bd1e8,CP,adult,1.3333333333333333,1
5ec43020306f252ea5d83f6f,CP,adult,1.25,1
63af557b3d4f219c3226b7d6,CP,adult,1.05,1
5e076480c4e1550e2114f006,CP,adult,1.02,0
598f22af33481c000164d359,CP,adult,1.5,1
69a77124e0bf5562416bbd50,CP,adult,1.02,1
6697f953a43613fe2f6a2883,CP,adult,1.025,1
676ae3e650a28a06d8486941,CP,adult,1.05,0
5ec43020306f252ea5d83f6f,CP,adult,1.5,1
63af557b3d4f219c3226b7d6,CP,adult,1.333334,1
69dd52eb4170af5eac4bd1e8,CP,adult,1.5,1
61490f8d7e62aaaea93feaf4,CP,adult,1.333332857142857,0
676ae3e650a28a06d8486941,CP,adult,1.02,1
69bc9120bf934fb513230785,CP,adult,1.025,0
69517812a9042b183ebc818f,CP,adult,1.025,1
66c3366a3b5834b89124e85a,CP,adult,1.25,0
598f22af33481c000164d359,CP,adult,1.0333333333333334,1
63af557b3d4f219c3226b7d6,CP,adult,1.033334,1
6317ff092d6b47344b7d1ec5,CP,adult,1.025,0
69dd52eb4170af5eac4bd1e8,CP,adult,1.025,0
5685ddee333cbd000c4e4cd7,CP,adult,1.025,1
61490f8d7e62aaaea93feaf4,CP,adult,1.05,0
598f22af33481c000164d359,CP,adult,1.333332857142857,1
5ec43020306f252ea5d83f6f,CP,adult,1.025,0
69dfd6548334412db2f468cf,CP,adult,1.333332857142857,1
6978de0358edaccb1d2b58b6,CP,adult,1.025,1
69dd52eb4170af5eac4bd1e8,CP,adult,1.25,1
69dd84f43ecdf4763f2f3ce9,CP,adult,1.5,1
5fefefa4c9707d3516361c9c,CP,adult,1.025,0
66c3366a3b5834b89124e85a,CP,adult,1.25,1
69517812a9042b183ebc818f,CP,adult,1.033332857142857,0
6995ebe917abe5d36a3b17e0,CP,adult,1.333334,1
5b9e2f45f07414000105160b,CP,adult,1.05,0
69dd84f43ecdf4763f2f3ce9,CP,adult,1.5,1
6697f953a43613fe2f6a2883,CP,adult,1.5,1
598f22af33481c000164d359,CP,adult,1.02,0
6612d5d5abf4df0d84f44b3e,CP,adult,1.25,1
61490f8d7e62aaaea93feaf4,CP,adult,1.25,1
69a77124e0bf5562416bbd50,CP,adult,1.05,0
573f3168d700ea000ff433a6,CP,adult,1.0499999999999998,1
5685ddee333cbd000c4e4cd7,CP,adult,1.033332857142857,1
6697f953a43613fe2f6a2883,CP,adult,1.333332857142857,1
5fefefa4c9707d3516361c9c,CP,adult,1.5,1
676ae3e650a28a06d8486941,CP,adult,1.02,0
5dd2d8126ac608000a330132,CP,adult,1.25,1
5ec43020306f252ea5d83f6f,CP,adult,1.025,0
69b2eaab584f6399e281f2ca,CP,adult,1.02,1
61490f8d7e62aaaea93feaf4,CP,adult,1.25,0
63af557b3d4f219c3226b7d6,CP,adult,1.02,1
5ffc9acaaacffc0cb55ba3ab,CP,adult,1.25,1
69443f6d432f063164327f8e,CP,adult,1.05,0
598f22af33481c000164d359,CP,adult,1.025,0
573f3168d700ea000ff433a6,CP,adult,1.25,1
61490f8d7e62aaaea93feaf4,CP,adult,1.333332857142857,0
676ae3e650a28a06d8486941,CP,adult,1.02,1
66c3366a3b5834b89124e85a,CP,adult,1.25,1
6317ff092d6b47344b7d1ec5,CP,adult,1.333334,1
5fefefa4c9707d3516361c9c,CP,adult,1.02,1
6995ebe917abe5d36a3b17e0,CP,adult,1.025,1
63174af7d57182f9bf90c094,CP,adult,1.25,1
5ffc9acaaacffc0cb55ba3ab,CP,adult,1.025,0
5d31dc6e42678e001a0bdedd,CP,adult,1.02,0
6978de0358edaccb1d2b58b6,CP,adult,1.033334,1
6317ff092d6b47344b7d1ec5,CP,adult,1.025,1
5dd2d8126ac608000a330132,CP,adult,1.033332857142857,0
69b2eaab584f6399e281f2ca,CP,adult,1.02,0
69694af40a5fb63ed7b72849,CP,adult,1.025,1
69a77124e0bf5562416bbd50,CP,adult,1.025,1
6978de0358edaccb1d2b58b6,CP,adult,1.025,0
5e076480c4e1550e2114f006,CP,adult,1.025,0
5fefefa4c9707d3516361c9c,CP,adult,1.333332857142857,0
63174af7d57182f9bf90c094,CP,adult,1.02,0
5d31dc6e42678e001a0bdedd,CP,adult,1.5,1
5b9e2f45f07414000105160b,CP,adult,1.25,1
69517812a9042b183ebc818f,CP,adult,1.25,1
573f3168d700ea000ff433a6,CP,adult,1.033334,1
69a77124e0bf5562416bbd50,CP,adult,1.033334,1
5fefefa4c9707d3516361c9c,CP,adult,1.0499999999999998,1
69694af40a5fb63ed7b72849,CP,adult,1.02,0
5ef52a87f04c781600ae4114,CP,adult,1.02,0
69443f6d432f063164327f8e,CP,adult,1.5,1
60b8f2c365ec36a3395896b6,CP,adult,1.25,1
69517812a9042b183ebc818f,CP,adult,1.025,0
69694af40a5fb63ed7b72849,CP,adult,1.025,0
60ff186560b3d8631d11f5f7,CP,adult,1.5,1
66c3366a3b5834b89124e85a,CP,adult,1.25,1
69dfd6548334412db2f468cf,CP,adult,1.025,0
5fefefa4c9707d3516361c9c,CP,adult,1.025,1
573f3168d700ea000ff433a6,CP,adult,1.025,0
69443f6d432f063164327f8e,CP,adult,1.3333333333333333,1
63174af7d57182f9bf90c094,CP,adult,1.25,1
5ffc9acaaacffc0cb55ba3ab,CP,adult,1.0333333333333334,0
5685ddee333cbd000c4e4cd7,CP,adult,1.5,1
60b8f2c365ec36a3395896b6,CP,adult,1.025,0
61490f8d7e62aaaea93feaf4,CP,adult,1.5,0
69dfd6548334412db2f468cf,CP,adult,1.333334,1
60ff186560b3d8631d11f5f7,CP,adult,1.02,1
6995ebe917abe5d36a3b17e0,CP,adult,1.5,1
6612d5d5abf4df0d84f44b3e,CP,adult,1.333332857142857,1
5ef52a87f04c781600ae4114,CP,adult,1.25,1
5dd2d8126ac608000a330132,CP,adult,1.05,0
63af557b3d4f219c3226b7d6,CP,adult,1.025,1
69443f6d432f063164327f8e,CP,adult,1.25,1
60ff186560b3d8631d11f5f7,CP,adult,1.05,1
61490f8d7e62aaaea93feaf4,CP,adult,1.25,0
63174af7d57182f9bf90c094,CP,adult,1.02,0
6612d5d5abf4df0d84f44b3e,CP,adult,1.0333333333333334,1
69517812a9042b183ebc818f,CP,adult,1.5,1
5fefefa4c9707d3516361c9c,CP,adult,1.025,1
6317ff092d6b47344b7d1ec5,CP,adult,1.025,0
69443f6d432f063164327f8e,CP,adult,1.025,0
6995ebe917abe5d36a3b17e0,CP,adult,1.5,1
63174af7d57182f9bf90c094,CP,adult,1.25,1
6978de0358edaccb1d2b58b6,CP,adult,1.02,0
5fefefa4c9707d3516361c9c,CP,adult,1.333334,1
69517812a9042b183ebc818f,CP,adult,1.5,1
6571d21081e5b7f488282b0c,CP,adult,1.033334,1
5685ddee333cbd000c4e4cd7,CP,adult,1.02,0
5ef52a87f04c781600ae4114,CP,adult,1.5,1
67d1f6824f74bd16996512c0,CP,adult,1.05,0
5d31dc6e42678e001a0bdedd,CP,adult,1.3333333333333333,1
61490f8d7e62aaaea93feaf4,CP,adult,1.3333333333333333,1
5fefefa4c9707d3516361c9c,CP,adult,1.033334,0
5b9e2f45f07414000105160b,CP,adult,1.3333333333333333,1
69443f6d432f063164327f8e,CP,adult,1.0333333333333334,0
598f22af33481c000164d359,CP,adult,1.025,0
69dfd6548334412db2f468cf,CP,adult,1.25,1
63af557b3d4f219c3226b7d6,CP,adult,1.5,1
67d1f6824f74bd16996512c0,CP,adult,1.02,1
5b9e2f45f07414000105160b,CP,adult,1.25,0
676ae3e650a28a06d8486941,CP,adult,1.5,1
69517812a9042b183ebc818f,CP,adult,1.5,1
69a77124e0bf5562416bbd50,CP,adult,1.05,0
69bc9120bf934fb513230785,CP,adult,1.05,0
69dd52eb4170af5eac4bd1e8,CP,adult,1.025,1
676ae3e650a28a06d8486941,CP,adult,1.033332857142857,0
598f22af33481c000164d359,CP,adult,1.0499999999999998,1
63af557b3d4f219c3226b7d6,CP,adult,1.25,1
5e076480c4e1550e2114f006,CP,adult,1.02,0
5685ddee333cbd000c4e4cd7,CP,adult,1.0499999999999998,1
5ef52a87f04c781600ae4114,CP,adult,1.025,0
69dd52eb4170af5eac4bd1e8,CP,adult,1.05,0
5d31dc6e42678e001a0bdedd,CP,adult,1.025,1
69dfd6548334412db2f468cf,CP,adult,1.25,1
6612d5d5abf4df0d84f44b3e,CP,adult,1.25,1
676ae3e650a28a06d8486941,CP,adult,1.025,0
5ec43020306f252ea5d83f6f,CP,adult,1.033332857142857,1
69443f6d432f063164327f8e,CP,adult,1.02,1
6317ff092d6b47344b7d1ec5,CP,adult,1.025,1
598f22af33481c000164d359,CP,adult,1.025,1
69bc9120bf934fb513230785,CP,adult,1.05,1
6978de0358edaccb1d2b58b6,CP,adult,1.025,1
5ffc9acaaacffc0cb55ba3ab,CP,adult,1.033334,0
5ec43020306f252ea5d83f6f,CP,adult,1.25,1
573f3168d700ea000ff433a6,CP,adult,1.25,1
69a77124e0bf5562416bbd50,CP,adult,1.033334,1
676ae3e650a28a06d8486941,CP,adult,1.02,0
63174af7d57182f9bf90c094,CP,adult,1.02,0
5ef52a87f04c781600ae4114,CP,adult,1.02,1
5d31dc6e42678e001a0bdedd,CP,adult,1.05,1
5ffc9acaaacffc0cb55ba3ab,CP,adult,1.02,0
5e076480c4e1550e2114f006,CP,adult,1.02,0
6612d5d5abf4df0d84f44b3e,CP,adult,1.5,1
69dd52eb4170af5eac4bd1e8,CP,adult,1.02,0
60ff186560b3d8631d11f5f7,CP,adult,1.02,0
63af557b3d4f219c3226b7d6,CP,adult,1.05,0
5fefefa4c9707d3516361c9c,CP,adult,1.05,1
67d1f6824f74bd16996512c0,CP,adult,1.0499999999999998,1
5ec43020306f252ea5d83f6f,CP,adult,1.25,1
69517812a9042b183ebc818f,CP,adult,1.5,1
69dd52eb4170af5eac4bd1e8,CP,adult,1.333332857142857,1
6978de0358edaccb1d2b58b6,CP,adult,1.033332857142857,1
5b9e2f45f07414000105160b,CP,adult,1.0333333333333334,1
69b2eaab584f6399e281f2ca,CP,adult,1.25,1
69bc9120bf934fb513230785,CP,adult,1.05,0
69dfd6548334412db2f468cf,CP,adult,1.0333333333333334,1
69dd52eb4170af5eac4bd1e8,CP,adult,1.033332857142857,1
6612d5d5abf4df0d84f44b3e,CP,adult,1.025,0
67d1f6824f74bd16996512c0,CP,adult,1.0333333333333334,1
69694af40a5fb63ed7b72849,CP,adult,1.25,1
5e076480c4e1550e2114f006,CP,adult,1.05,1
5fefefa4c9707d3516361c9c,CP,adult,1.25,1
69dfd6548334412db2f468cf,CP,adult,1.25,1
6978de0358edaccb1d2b58b6,CP,adult,1.025,0
60ff186560b3d8631d11f5f7,CP,adult,1.5,1
598f22af33481c000164d359,CP,adult,1.025,0
6612d5d5abf4df0d84f44b3e,CP,adult,1.02,1
5685ddee333cbd000c4e4cd7,CP,adult,1.3333333333333333,1
6995ebe917abe5d36a3b17e0,CP,adult,1.05,1
60b8f2c365ec36a3395896b6,CP,adult,1.025,0
573f3168d700ea000ff433a6,CP,adult,1.025,1
5ffc9acaaacffc0cb55ba3ab,CP,adult,1.033334,0
5dd2d8126ac608000a330132,CP,adult,1.5,1
5ec43020306f252ea5d83f6f,CP,adult,1.033334,1
69694af40a5fb63ed7b72849,CP,adult,1.05,0
69bc9120bf934fb513230785,CP,adult,1.033332857142857,0
598f22af33481c000164d359,CP,adult,1.05,0
60b8f2c365ec36a3395896b6,CP,adult,1.5,1
5ffc9acaaacffc0cb55ba3ab,CP,adult,1.033334,1
63af557b3d4f219c3226b7d6,CP,adult,1.033332857142857,0
61490f8d7e62aaaea93feaf4,CP,adult,1.5,1
69694af40a5fb63ed7b72849,CP,adult,1.5,1
69dd52eb4170af5eac4bd1e8,CP,adult,1.05,1
63174af7d57182f9bf90c094,CP,adult,1.025,1
6995ebe917abe5d36a3b17e0,CP,adult,1.0333333333333334,0
69dfd6548334412db2f468cf,CP,adult,1.25,1
60ff186560b3d8631d11f5f7,CP,adult,1.025,1
69694af40a5fb63ed7b72849,CP,adult,1.025,0
6612d5d5abf4df0d84f44b3e,CP,adult,1.25,1
5685ddee333cbd000c4e4cd7,CP,adult,1.025,0
6317ff092d6b47344b7d1ec5,CP,adult,1.0499999999999998,0
61490f8d7e62aaaea93feaf4,CP,adult,1.25,1
69bc9120bf934fb513230785,CP,adult,1.033332857142857,1
6995ebe917abe5d36a3b17e0,CP,adult,1.05,1
573f3168d700ea000ff433a6,CP,adult,1.05,1
5fefefa4c9707d3516361c9c,CP,adult,1.0333333333333334,0
5ec43020306f252ea5d83f6f,CP,adult,1.02,0
598f22af33481c000164d359,CP,adult,1.05,0
69443f6d432f063164327f8e,CP,adult,1.25,1
60b8f2c365ec36a3395896b6,CP,adult,1.25,1
5d31dc6e42678e001a0bdedd,CP,adult,1.02,0
69694af40a5fb63ed7b72849,CP,adult,1.5,1
6995ebe917abe5d36a3b17e0,CP,adult,1.25,1
69bc9120bf934fb513230785,CP,adult,1.02,0
61490f8d7e62aaaea93feaf4,CP,adult,1.333334,1
69443f6d432f063164327f8e,CP,adult,1.3333333333333333,1
5d31dc6e42678e001a0bdedd,CP,adult,1.02,1
69a77124e0bf5562416bbd50,CP,adult,1.02,0
61490f8d7e62aaaea93feaf4,CP,adult,1.0499999999999998,1
5ef52a87f04c781600ae4114,CP,adult,1.25,1
5e076480c4e1550e2114f006,CP,adult,1.025,1
60ff186560b3d8631d11f5f7,CP,adult,1.25,0
5ffc9acaaacffc0cb55ba3ab,CP,adult,1.025,1
5685ddee333cbd000c4e4cd7,CP,adult,1.025,0
63174af7d57182f9bf90c094,CP,adult,1.02,1
69a77124e0bf5562416bbd50,CP,adult,1.5,1
5ec43020306f252ea5d83f6f,CP,adult,1.0499999999999998,1
69b2eaab584f6399e281f2ca,CP,adult,1.5,1
5d31dc6e42678e001a0bdedd,CP,adult,1.025,1
69517812a9042b183ebc818f,CP,adult,1.05,1
5dd2d8126ac608000a330132,CP,adult,1.5,1
5ec43020306f252ea5d83f6f,CP,adult,1.25,1
5ef52a87f04c781600ae4114,CP,adult,1.02,1
5d31dc6e42678e001a0bdedd,CP,adult,1.02,0
69b2eaab584f6399e281f2ca,CP,adult,1.0499999999999998,1
5b9e2f45f07414000105160b,CP,adult,1.25,1
69dfd6548334412db2f468cf,CP,adult,1.5,1
61490f8d7e62aaaea93feaf4,CP,adult,1.5,0
676ae3e650a28a06d8486941,CP,adult,1.3333333333333333,1
573f3168d700ea000ff433a6,CP,adult,1.5,1
60ff186560b3d8631d11f5f7,CP,adult,1.0499999999999998,1
69b2eaab584f6399e281f2ca,CP,adult,1.25,1
69a77124e0bf5562416bbd50,CP,adult,1.033332857142857,0
5b9e2f45f07414000105160b,CP,adult,1.033334,0
5e076480c4e1550e2114f006,CP,adult,1.025,0
573f3168d700ea000ff433a6,CP,adult,1.25,1
5dd2d8126ac608000a330132,CP,adult,1.025,1
60b8f2c365ec36a3395896b6,CP,adult,1.25,1
676ae3e650a28a06d8486941,CP,adult,1.02,1
69b2eaab584f6399e281f2ca,CP,adult,1.5,1
63af557b3d4f219c3226b7d6,CP,adult,1.025,1
5e076480c4e1550e2114f006,CP,adult,1.0499999999999998,0
69517812a9042b183ebc818f,CP,adult,1.5,1
69dd52eb4170af5eac4bd1e8,CP,adult,1.0333333333333334,0
60b8f2c365ec36a3395896b6,CP,adult,1.3333333333333333,1
5dd2d8126ac608000a330132,CP,adult,1.333332857142857,1
69b2eaab584f6399e281f2ca,CP,adult,1.25,1
69694af40a5fb63ed7b72849,CP,adult,1.02,0
6978de0358edaccb1d2b58b6,CP,adult,1.033332857142857,0
5685ddee333cbd000c4e4cd7,CP,adult,1.02,1
63174af7d57182f9bf90c094,CP,adult,1.25,1
573f3168d700ea000ff433a6,CP,adult,1.033334,0
5ef52a87f04c781600ae4114,CP,adult,1.025,1
5b9e2f45f07414000105160b,CP,adult,1.033332857142857,1
5ffc9acaaacffc0cb55ba3ab,CP,adult,1.02,1
6612d5d5abf4df0d84f44b3e,CP,adult,1.5,1
69dfd6548334412db2f468cf,CP,adult,1.5,1
63174af7d57182f9bf90c094,CP,adult,1.02,1
69694af40a5fb63ed7b72849,CP,adult,1.25,1
5fefefa4c9707d3516361c9c,CP,adult,1.5,1
5ec43020306f252ea5d83f6f,CP,adult,1.025,0
69517812a9042b183ebc818f,CP,adult,1.25,1
5dd2d8126ac608000a330132,CP,adult,1.05,1
573f3168d700ea000ff433a6,CP,adult,1.02,1
598f22af33481c000164d359,CP,adult,1.033334,1
69bc9120bf934fb513230785,CP,adult,1.05,1
5ffc9acaaacffc0cb55ba3ab,CP,adult,1.5,1
5685ddee333cbd000c4e4cd7,CP,adult,1.033332857142857,1
573f3168d700ea000ff433a6,CP,adult,1.025,0
67d1f6824f74bd16996512c0,CP,adult,1.025,1
69dfd6548334412db2f468cf,CP,adult,1.02,1
61490f8d7e62aaaea93feaf4,CP,adult,1.5,1
69dfd6548334412db2f468cf,CP,adult,1.025,0
676ae3e650a28a06d8486941,CP,adult,1.0333333333333334,1
69b2eaab584f6399e281f2ca,CP,adult,1.25,1
5dd2d8126ac608000a330132,CP,adult,1.0333333333333334,0
5e076480c4e1550e2114f006,CP,adult,1.0333333333333334,0
598f22af33481c000164d359,CP,adult,1.333332857142857,1
5685ddee333cbd000c4e4cd7,CP,adult,1.025,0
573f3168d700ea000ff433a6,CP,adult,1.0499999999999998,1
60b8f2c365ec36a3395896b6,CP,adult,1.0499999999999998,1
6995ebe917abe5d36a3b17e0,CP,adult,1.333334,1
6629658113ec221fd75635bb,CP,adult,1.033332857142857,0
598f22af33481c000164d359,CP,adult,1.5,1
69443f6d432f063164327f8e,CP,adult,1.5,1
5d31dc6e42678e001a0bdedd,CP,adult,1.333334,1
6571d21081e5b7f488282b0c,CP,adult,1.033332857142857,0
6629658113ec221fd75635bb,CP,adult,1.5,1
6995ebe917abe5d36a3b17e0,CP,adult,1.333332857142857,1
60b8f2c365ec36a3395896b6,CP,adult,1.033334,1
5b9e2f45f07414000105160b,CP,adult,1.025,1
69dd52eb4170af5eac4bd1e8,CP,adult,1.025,1
69443f6d432f063164327f8e,CP,adult,1.02,1
63174af7d57182f9bf90c094,CP,adult,1.05,1
6629658113ec221fd75635bb,CP,adult,1.25,0
5e076480c4e1550e2114f006,CP,adult,1.5,1
69694af40a5fb63ed7b72849,CP,adult,1.5,1
5685ddee333cbd000c4e4cd7,CP,adult,1.05,1
5ffc9acaaacffc0cb55ba3ab,CP,adult,1.025,0
6978de0358edaccb1d2b58b6,CP,adult,1.025,0
69dfd6548334412db2f468cf,CP,adult,1.02,0
5ec43020306f252ea5d83f6f,CP,adult,1.3333333333333333,1
69dd52eb4170af5eac4bd1e8,CP,adult,1.3333333333333333,1
5fefefa4c9707d3516361c9c,CP,adult,1.02,0
5ffc9acaaacffc0cb55ba3ab,CP,adult,1.025,0
67d1f6824f74bd16996512c0,CP,adult,1.025,1
598f22af33481c000164d359,CP,adult,1.5,1
69dfd6548334412db2f468cf,CP,adult,1.033332857142857,1
6978de0358edaccb1d2b58b6,CP,adult,1.0333333333333334,1
6995ebe917abe5d36a3b17e0,CP,adult,1.3333333333333333,1
5ee5defbfe74a3000d106f51,CP,adult,1.25,1
69bc9120bf934fb513230785,CP,adult,1.5,1
63ed0392b8b24c34aaf26310,CP,adult,1.02,0
5b0710e7a84dcf0001beee8a,CP,adult,1.025,1
698d20a041b53d5f1d94a807,CP,adult,1.033332857142857,0
5c2bb9cc8c35040001a59dde,CP,adult,1.333332857142857,1
69d5801af14cddbf0b60b59d,CP,adult,1.0333333333333334,1
646e4572cbed17f6bbacec12,CP,adult,1.033334,1
593871d4536c28000168c04c,CP,adult,1.5,1
69921bde43e69fd5d60ea256,CP,adult,1.025,1
65cb86a7e667e637599a3af3,CP,adult,1.25,0
5edeea354d54cb1a825aa8f9,CP,adult,1.3333333333333333,1
5b4991de56e0140001acb76b,CP,adult,1.02,1
6053e01a6a8e8516ba7d47a7,CP,adult,1.025,1
5ee5defbfe74a3000d106f51,CP,adult,1.25,1
63174af7d57182f9bf90c094,CP,adult,1.033332857142857,0
6629658113ec221fd75635bb,CP,adult,1.3333333333333333,1
5fefefa4c9707d3516361c9c,CP,adult,1.25,0
5d31dc6e42678e001a0bdedd,CP,adult,1.02,1
69bc9120bf934fb513230785,CP,adult,1.5,1
573f3168d700ea000ff433a6,CP,adult,1.033334,1
69443f6d432f063164327f8e,CP,adult,1.033332857142857,0
6629658113ec221fd75635bb,CP,adult,1.5,1
5dd2d8126ac608000a330132,CP,adult,1.0499999999999998,1
5d31dc6e42678e001a0bdedd,CP,adult,1.0499999999999998,0
69a77124e0bf5562416bbd50,CP,adult,1.025,1
5b9e2f45f07414000105160b,CP,adult,1.5,1
6612d5d5abf4df0d84f44b3e,CP,adult,1.025,1
60b8f2c365ec36a3395896b6,CP,adult,1.025,0
69dd52eb4170af5eac4bd1e8,CP,adult,1.05,0
5b0710e7a84dcf0001beee8a,CP,adult,1.02,0
69333a16814ace7f717a154c,CP,adult,1.05,0
6571d21081e5b7f488282b0c,CP,adult,1.333334,1
5e076480c4e1550e2114f006,CP,adult,1.333332857142857,1
69ccd28a681130791ee609f3,CP,adult,1.05,0
58584aa98604ae000165e633,CP,adult,1.025,1
63174af7d57182f9bf90c094,CP,adult,1.3333333333333333,1
62c4d5821033848c1dc3667b,CP,adult,1.0333333333333334,1
5b0710e7a84dcf0001beee8a,CP,adult,1.5,1
69d646c077f60a3e2654356b,CP,adult,1.5,1
646e4572cbed17f6bbacec12,CP,adult,1.025,0
698d20a041b53d5f1d94a807,CP,adult,1.333332857142857,1
5ee5defbfe74a3000d106f51,CP,adult,1.02,1
63174af7d57182f9bf90c094,CP,adult,1.033332857142857,1
69bc9120bf934fb513230785,CP,adult,1.5,1
5b4991de56e0140001acb76b,CP,adult,1.02,1
66a926551ab3748f5d5348aa,CP,adult,1.0499999999999998,0
6053e01a6a8e8516ba7d47a7,CP,adult,1.02,0
67d1f6824f74bd16996512c0,CP,adult,1.033332857142857,1
63ed0392b8b24c34aaf26310,CP,adult,1.033334,1
67a6c90646c86497e696b432,CP,adult,1.033332857142857,1
698d20a041b53d5f1d94a807,CP,adult,1.033334,1
69d5801af14cddbf0b60b59d,CP,adult,1.25,1
69a6dcc891788001618382c4,CP,adult,1.05,0
69333a16814ace7f717a154c,CP,adult,1.25,1
65cb86a7e667e637599a3af3,CP,adult,1.0499999999999998,1
69e1854db4ea42aaa31d6448,CP,adult,1.333334,1
6629497a938b0963356f7002,CP,adult,1.033334,1
5dd2d8126ac608000a330132,CP,adult,1.3333333333333333,1
69ccd28a681130791ee609f3,CP,adult,1.25,1
69a6dcc891788001618382c4,CP,adult,1.333332857142857,1
6629658113ec221fd75635bb,CP,adult,1.0499999999999998,0
5e20add2c4cd040512b39d63,CP,adult,1.033332857142857,0
6978de0358edaccb1d2b58b6,CP,adult,1.05,0
69333a16814ace7f717a154c,CP,adult,1.3333333333333333,1
67d1f6824f74bd16996512c0,CP,adult,1.025,0
6562177a48308eebbb6359ea,CP,adult,1.05,1
60dfd857e293a99dd577f4c8,CP,adult,1.5,1
62cbf51439a76e8fccd8a495,CP,adult,1.3333333333333333,1
69a77124e0bf5562416bbd50,CP,adult,1.033334,1
69dd52eb4170af5eac4bd1e8,CP,adult,1.0499999999999998,0
69517812a9042b183ebc818f,CP,adult,1.5,1
63174af7d57182f9bf90c094,CP,adult,1.05,1
5e076480c4e1550e2114f006,CP,adult,1.02,1
60ff186560b3d8631d11f5f7,CP,adult,1.333332857142857,1
573f3168d700ea000ff433a6,CP,adult,1.025,0
69b2eaab584f6399e281f2ca,CP,adult,1.02,1
69517812a9042b183ebc818f,CP,adult,1.333334,1
63174af7d57182f9bf90c094,CP,adult,1.025,1
5d31dc6e42678e001a0bdedd,CP,adult,1.5,1
5e076480c4e1550e2114f006,CP,adult,1.033334,0
573f3168d700ea000ff433a6,CP,adult,1.025,0
698d20a041b53d5f1d94a807,CP,adult,1.025,1
69a77124e0bf5562416bbd50,CP,adult,1.25,1
6053e01a6a8e8516ba7d47a7,CP,adult,1.02,1
593871d4536c28000168c04c,CP,adult,1.0333333333333334,1
6629658113ec221fd75635bb,CP,adult,1.033334,0
60b8f2c365ec36a3395896b6,CP,adult,1.5,1
69b0b5440140899f769646c2,CP,adult,1.02,1
67d1f6824f74bd16996512c0,CP,adult,1.5,1
63ed0392b8b24c34aaf26310,CP,adult,1.05,1
69c973228d8daa01395a213f,CP,adult,1.5,1
5edeea354d54cb1a825aa8f9,CP,adult,1.033332857142857,0
5e20add2c4cd040512b39d63,CP,adult,1.025,1
60dfd857e293a99dd577f4c8,CP,adult,1.0333333333333334,0
69a6dcc891788001618382c4,CP,adult,1.25,1
5c2bb9cc8c35040001a59dde,CP,adult,1.3333333333333333,1
69333a16814ace7f717a154c,CP,adult,1.02,1
60b8f2c365ec36a3395896b6,CP,adult,1.3333333333333333,1
69e1854db4ea42aaa31d6448,CP,adult,1.5,1
58584aa98604ae000165e633,CP,adult,1.025,1
5e076480c4e1550e2114f006,CP,adult,1.0333333333333334,0
593871d4536c28000168c04c,CP,adult,1.25,1
69bc9120bf934fb513230785,CP,adult,1.5,1
69a77124e0bf5562416bbd50,CP,adult,1.25,1
5edeea354d54cb1a825aa8f9,CP,adult,1.02,1
62cbf51439a76e8fccd8a495,CP,adult,1.3333333333333333,1
646e4572cbed17f6bbacec12,CP,adult,1.033334,1
62c4d5821033848c1dc3667b,CP,adult,1.05,1
5e076480c4e1550e2114f006,CP,adult,1.5,1
58584aa98604ae000165e633,CP,adult,1.033334,0
67a6c90646c86497e696b432,CP,adult,1.033334,1
69a77124e0bf5562416bbd50,CP,adult,1.3333333333333333,1
674cca92742faa4642a6e9c7,CP,adult,1.0499999999999998,1
69c973228d8daa01395a213f,CP,adult,1.333334,1
69bc9120bf934fb513230785,CP,adult,1.25,1
66a926551ab3748f5d5348aa,CP,adult,1.5,1
69e1854db4ea42aaa31d6448,CP,adult,1.05,1
6995ebe917abe5d36a3b17e0,CP,adult,1.25,1
5b9e2f45f07414000105160b,CP,adult,1.025,0
60b8f2c365ec36a3395896b6,CP,adult,1.033334,1
69b2eaab584f6399e281f2ca,CP,adult,1.033334,1
598f22af33481c000164d359,CP,adult,1.25,1
5ee5defbfe74a3000d106f51,CP,adult,1.033334,1
5b0710e7a84dcf0001beee8a,CP,adult,1.25,1
5685ddee333cbd000c4e4cd7,CP,adult,1.333334,1
69bc9120bf934fb513230785,CP,adult,1.05,0
69694af40a5fb63ed7b72849,CP,adult,1.5,1
69443f6d432f063164327f8e,CP,adult,1.025,1
6629658113ec221fd75635bb,CP,adult,1.5,1
5ec43020306f252ea5d83f6f,CP,adult,1.0499999999999998,1
5685ddee333cbd000c4e4cd7,CP,adult,1.3333333333333333,1
69bc9120bf934fb513230785,CP,adult,1.05,0
69a77124e0bf5562416bbd50,CP,adult,1.5,1
6995ebe917abe5d36a3b17e0,CP,adult,1.5,1
5dd2d8126ac608000a330132,CP,adult,1.25,1
5fefefa4c9707d3516361c9c,CP,adult,1.5,1
5ffc9acaaacffc0cb55ba3ab,CP,adult,1.033334,0
60ff186560b3d8631d11f5f7,CP,adult,1.025,1
69443f6d432f063164327f8e,CP,adult,1.25,1
5b9e2f45f07414000105160b,CP,adult,1.05,0
6612d5d5abf4df0d84f44b3e,CP,adult,1.0333333333333334,1
69b2eaab584f6399e281f2ca,CP,adult,1.033334,1
69694af40a5fb63ed7b72849,CP,adult,1.3333333333333333,1
69dfd6548334412db2f468cf,CP,adult,1.5,1
6629658113ec221fd75635bb,CP,adult,1.5,1
69517812a9042b183ebc818f,CP,adult,1.25,1
69dd52eb4170af5eac4bd1e8,CP,adult,1.333334,1
6571d21081e5b7f488282b0c,CP,adult,1.033332857142857,1
5e076480c4e1550e2114f006,CP,adult,1.5,1
5d31dc6e42678e001a0bdedd,CP,adult,1.025,0
5ec43020306f252ea5d83f6f,CP,adult,1.0333333333333334,0
69bc9120bf934fb513230785,CP,adult,1.025,0
63174af7d57182f9bf90c094,CP,adult,1.25,1
573f3168d700ea000ff433a6,CP,adult,1.05,1
5685ddee333cbd000c4e4cd7,CP,adult,1.0499999999999998,1
6978de0358edaccb1d2b58b6,CP,adult,1.025,1
5b0710e7a84dcf0001beee8a,CP,adult,1.02,0
60b8f2c365ec36a3395896b6,CP,adult,1.033332857142857,1
67d1f6824f74bd16996512c0,CP,adult,1.033334,0
5ee5defbfe74a3000d106f51,CP,adult,1.0333333333333334,0
6995ebe917abe5d36a3b17e0,CP,adult,1.033334,0
69a77124e0bf5562416bbd50,CP,adult,1.0499999999999998,1
5fefefa4c9707d3516361c9c,CP,adult,1.02,1
5b9e2f45f07414000105160b,CP,adult,1.25,1
69dfd6548334412db2f468cf,CP,adult,1.25,1
5ffc9acaaacffc0cb55ba3ab,CP,adult,1.333334,1
69443f6d432f063164327f8e,CP,adult,1.025,0
60ff186560b3d8631d11f5f7,CP,adult,1.25,1
69b2eaab584f6399e281f2ca,CP,adult,1.02,1
69bc9120bf934fb513230785,CP,adult,1.025,0
5e076480c4e1550e2114f006,CP,adult,1.3333333333333333,1
6612d5d5abf4df0d84f44b3e,CP,adult,1.0499999999999998,1
5b0710e7a84dcf0001beee8a,CP,adult,1.033332857142857,0
6995ebe917abe5d36a3b17e0,CP,adult,1.25,1
5ffc9acaaacffc0cb55ba3ab,CP,adult,1.3333333333333333,1
67d1f6824f74bd16996512c0,CP,adult,1.25,1
5e076480c4e1550e2114f006,CP,adult,1.5,1
6612d5d5abf4df0d84f44b3e,CP,adult,1.333334,1
6995ebe917abe5d36a3b17e0,CP,adult,1.25,1
69443f6d432f063164327f8e,CP,adult,1.02,1
5dd2d8126ac608000a330132,CP,adult,1.5,0
5ec43020306f252ea5d83f6f,CP,adult,1.333334,1
69694af40a5fb63ed7b72849,CP,adult,1.5,1
5b9e2f45f07414000105160b,CP,adult,1.25,1
5fefefa4c9707d3516361c9c,CP,adult,1.5,1
69bc9120bf934fb513230785,CP,adult,1.02,0
5d31dc6e42678e001a0bdedd,CP,adult,1.25,1
5dd2d8126ac608000a330132,CP,adult,1.05,1
63174af7d57182f9bf90c094,CP,adult,1.25,1
6571d21081e5b7f488282b0c,CP,adult,1.025,0
5fefefa4c9707d3516361c9c,CP,adult,1.025,0
6995ebe917abe5d36a3b17e0,CP,adult,1.333334,1
5b0710e7a84dcf0001beee8a,CP,adult,1.25,1
5ffc9acaaacffc0cb55ba3ab,CP,adult,1.025,1
69a77124e0bf5562416bbd50,CP,adult,1.25,1
5b9e2f45f07414000105160b,CP,adult,1.02,1
5ec43020306f252ea5d83f6f,CP,adult,1.02,0
69694af40a5fb63ed7b72849,CP,adult,1.25,1
60ff186560b3d8631d11f5f7,CP,adult,1.5,1
5fefefa4c9707d3516361c9c,CP,adult,1.033332857142857,0
5b0710e7a84dcf0001beee8a,CP,adult,1.05,1
69b2eaab584f6399e281f2ca,CP,adult,1.0499999999999998,1
63174af7d57182f9bf90c094,CP,adult,1.025,1
5685ddee333cbd000c4e4cd7,CP,adult,1.5,1
6995ebe917abe5d36a3b17e0,CP,adult,1.0499999999999998,0
69694af40a5fb63ed7b72849,CP,adult,1.25,1
5b0710e7a84dcf0001beee8a,CP,adult,1.333332857142857,1
5ec43020306f252ea5d83f6f,CP,adult,1.333334,0
69bc9120bf934fb513230785,CP,adult,1.5,1
69dfd6548334412db2f468cf,CP,adult,1.5,1
6629658113ec221fd75635bb,CP,adult,1.5,1
674cca92742faa4642a6e9c7,CP,adult,1.02,0
5dd2d8126ac608000a330132,CP,adult,1.25,1
5d31dc6e42678e001a0bdedd,CP,adult,1.033334,0
5ec43020306f252ea5d83f6f,CP,adult,1.5,1
5b9e2f45f07414000105160b,CP,adult,1.25,1
63174af7d57182f9bf90c094,CP,adult,1.025,1
69dfd6548334412db2f468cf,CP,adult,1.025,0
69b2eaab584f6399e281f2ca,CP,adult,1.0499999999999998,1
69694af40a5fb63ed7b72849,CP,adult,1.25,1
573f3168d700ea000ff433a6,CP,adult,1.25,1
69694af40a5fb63ed7b72849,CP,adult,1.02,1
63174af7d57182f9bf90c094,CP,adult,1.0499999999999998,0
69dd52eb4170af5eac4bd1e8,CP,adult,1.5,1
5b9e2f45f07414000105160b,CP,adult,1.025,0
60b8f2c365ec36a3395896b6,CP,adult,1.0333333333333334,1
573f3168d700ea000ff433a6,CP,adult,1.25,1
60ff186560b3d8631d11f5f7,CP,adult,1.5,1
69dd52eb4170af5eac4bd1e8,CP,adult,1.05,1
63174af7d57182f9bf90c094,CP,adult,1.05,1
5ec43020306f252ea5d83f6f,CP,adult,1.025,1
573f3168d700ea000ff433a6,CP,adult,1.5,1
5fefefa4c9707d3516361c9c,CP,adult,1.5,1
5e076480c4e1550e2114f006,CP,adult,1.0333333333333334,1
5ffc9acaaacffc0cb55ba3ab,CP,adult,1.033334,0
5d31dc6e42678e001a0bdedd,CP,adult,1.025,0
60ff186560b3d8631d11f5f7,CP,adult,1.25,1
573f3168d700ea000ff433a6,CP,adult,1.5,1
5ee5defbfe74a3000d106f51,CP,adult,1.0333333333333334,0
5b0710e7a84dcf0001beee8a,CP,adult,1.02,1
5e076480c4e1550e2114f006,CP,adult,1.333332857142857,1
5ffc9acaaacffc0cb55ba3ab,CP,adult,1.25,1
69b2eaab584f6399e281f2ca,CP,adult,1.025,0
67d1f6824f74bd16996512c0,CP,adult,1.25,1
69bc9120bf934fb513230785,CP,adult,1.0499999999999998,1
5e076480c4e1550e2114f006,CP,adult,1.025,1
6629658113ec221fd75635bb,CP,adult,1.5,1
6612d5d5abf4df0d84f44b3e,CP,adult,1.333334,1
69dfd6548334412db2f468cf,CP,adult,1.033332857142857,1
60b8f2c365ec36a3395896b6,CP,adult,1.5,1
5dd2d8126ac608000a330132,CP,adult,1.25,1
5685ddee333cbd000c4e4cd7,CP,adult,1.333332857142857,1
573f3168d700ea000ff433a6,CP,adult,1.5,1
69443f6d432f063164327f8e,CP,adult,1.0333333333333334,0
5ffc9acaaacffc0cb55ba3ab,CP,adult,1.25,1
5ec43020306f252ea5d83f6f,CP,adult,1.333332857142857,1
5b9e2f45f07414000105160b,CP,adult,1.02,0
573f3168d700ea000ff433a6,CP,adult,1.333334,1
6629658113ec221fd75635bb,CP,adult,1.0333333333333334,0
5fefefa4c9707d3516361c9c,CP,adult,1.25,1
60ff186560b3d8631d11f5f7,CP,adult,1.02,1
69a77124e0bf5562416bbd50,CP,adult,1.5,1
5ee5defbfe74a3000d106f51,CP,adult,1.025,0
573f3168d700ea000ff433a6,CP,adult,1.25,0
5e076480c4e1550e2114f006,CP,adult,1.02,0
69694af40a5fb63ed7b72849,CP,adult,1.5,1
69443f6d432f063164327f8e,CP,adult,1.3333333333333333,1
6571d21081e5b7f488282b0c,CP,adult,1.033334,0
69a77124e0bf5562416bbd50,CP,adult,1.3333333333333333,1
6629658113ec221fd75635bb,CP,adult,1.02,0
6995ebe917abe5d36a3b17e0,CP,adult,1.02,0
67d1f6824f74bd16996512c0,CP,adult,1.25,1
5685ddee333cbd000c4e4cd7,CP,adult,1.25,1
5ec43020306f252ea5d83f6f,CP,adult,1.25,1
6629658113ec221fd75635bb,CP,adult,1.025,1
5d31dc6e42678e001a0bdedd,CP,adult,1.033332857142857,1
69dfd6548334412db2f468cf,CP,adult,1.5,1
69bc9120bf934fb513230785,CP,adult,1.025,0
69a77124e0bf5562416bbd50,CP,adult,1.25,1
5d31dc6e42678e001a0bdedd,CP,adult,1.333332857142857,1
69694af40a5fb63ed7b72849,CP,adult,1.0499999999999998,0
69dfd6548334412db2f468cf,CP,adult,1.02,1
5b9e2f45f07414000105160b,CP,adult,1.25,1
5685ddee333cbd000c4e4cd7,CP,adult,1.033332857142857,0
69a77124e0bf5562416bbd50,CP,adult,1.25,1
69bc9120bf934fb513230785,CP,adult,1.025,0
6978de0358edaccb1d2b58b6,CP,adult,1.033334,1
63174af7d57182f9bf90c094,CP,adult,1.02,1
69517812a9042b183ebc818f,CP,adult,1.02,1
6995ebe917abe5d36a3b17e0,CP,adult,1.333332857142857,1
5685ddee333cbd000c4e4cd7,CP,adult,1.25,0
69443f6d432f063164327f8e,CP,adult,1.3333333333333333,1
69a77124e0bf5562416bbd50,CP,adult,1.033332857142857,0
573f3168d700ea000ff433a6,CP,adult,1.333334,1
60ff186560b3d8631d11f5f7,CP,adult,1.5,1
5b9e2f45f07414000105160b,CP,adult,1.05,1
5ee5defbfe74a3000d106f51,CP,adult,1.033334,1
5685ddee333cbd000c4e4cd7,CP,adult,1.02,0
69443f6d432f063164327f8e,CP,adult,1.02,0
69bc9120bf934fb513230785,CP,adult,1.25,1
63174af7d57182f9bf90c094,CP,adult,1.025,1
5ee5defbfe74a3000d106f51,CP,adult,1.025,0
6995ebe917abe5d36a3b17e0,CP,adult,1.5,1
6629658113ec221fd75635bb,CP,adult,1.02,1
67a6c90646c86497e696b432,CP,adult,1.5,1
69a77124e0bf5562416bbd50,CP,adult,1.5,1
6978de0358edaccb1d2b58b6,CP,adult,1.5,1
60b8f2c365ec36a3395896b6,CP,adult,1.025,1
69bc9120bf934fb513230785,CP,adult,1.25,1
674cca92742faa4642a6e9c7,CP,adult,1.25,1
5dd2d8126ac608000a330132,CP,adult,1.0333333333333334,0
69443f6d432f063164327f8e,CP,adult,1.5,1
5ffc9acaaacffc0cb55ba3ab,CP,adult,1.5,1
5d31dc6e42678e001a0bdedd,CP,adult,1.333332857142857,1
63174af7d57182f9bf90c094,CP,adult,1.025,0
5685ddee333cbd000c4e4cd7,CP,adult,1.5,1
69b2eaab584f6399e281f2ca,CP,adult,1.02,0
60b8f2c365ec36a3395896b6,CP,adult,1.05,1
69bc9120bf934fb513230785,CP,adult,1.033332857142857,1
6562177a48308eebbb6359ea,CP,adult,1.0333333333333334,0
573f3168d700ea000ff433a6,CP,adult,1.5,1
5685ddee333cbd000c4e4cd7,CP,adult,1.02,0
60ff186560b3d8631d11f5f7,CP,adult,1.0333333333333334,0
6612d5d5abf4df0d84f44b3e,CP,adult,1.0333333333333334,0
58584aa98604ae000165e633,CP,adult,1.0499999999999998,1
60b8f2c365ec36a3395896b6,CP,adult,1.05,1
5dd2d8126ac608000a330132,CP,adult,1.02,1
69517812a9042b183ebc818f,CP,adult,1.05,1
6978de0358edaccb1d2b58b6,CP,adult,1.02,1
5ee5defbfe74a3000d106f51,CP,adult,1.02,0
5fefefa4c9707d3516361c9c,CP,adult,1.05,0
69443f6d432f063164327f8e,CP,adult,1.5,1
5685ddee333cbd000c4e4cd7,CP,adult,1.033334,0
69b2eaab584f6399e281f2ca,CP,adult,1.025,1
69517812a9042b183ebc818f,CP,adult,1.333332857142857,1
5b0710e7a84dcf0001beee8a,CP,adult,1.033332857142857,1
5ee5defbfe74a3000d106f51,CP,adult,1.02,0
60b8f2c365ec36a3395896b6,CP,adult,1.333334,1
6629658113ec221fd75635bb,CP,adult,1.025,1
69b2eaab584f6399e281f2ca,CP,adult,1.5,1
67d1f6824f74bd16996512c0,CP,adult,1.333334,1
69dfd6548334412db2f468cf,CP,adult,1.25,1
6612d5d5abf4df0d84f44b3e,CP,adult,1.02,0
6629658113ec221fd75635bb,CP,adult,1.5,1
60b8f2c365ec36a3395896b6,CP,adult,1.02,1
69dfd6548334412db2f468cf,CP,adult,1.05,0
5ec43020306f252ea5d83f6f,CP,adult,1.333334,0
69694af40a5fb63ed7b72849,CP,adult,1.05,0
5d31dc6e42678e001a0bdedd,CP,adult,1.25,1
6978de0358edaccb1d2b58b6,CP,adult,1.025,0
573f3168d700ea000ff433a6,CP,adult,1.25,1
69b2eaab584f6399e281f2ca,CP,adult,1.25,1
5d31dc6e42678e001a0bdedd,CP,adult,1.5,1
67d1f6824f74bd16996512c0,CP,adult,1.5,1
5e076480c4e1550e2114f006,CP,adult,1.05,0
69bc9120bf934fb513230785,CP,adult,1.025,0
69dfd6548334412db2f468cf,CP,adult,1.333334,1
6612d5d5abf4df0d84f44b3e,CP,adult,1.02,1
5d31dc6e42678e001a0bdedd,CP,adult,1.25,1
5ee5defbfe74a3000d106f51,CP,adult,1.0499999999999998,0
5e076480c4e1550e2114f006,CP,adult,1.3333333333333333,1
69dfd6548334412db2f468cf,CP,adult,1.25,1
6562177a48308eebbb6359ea,CP,adult,1.333332857142857,1
67a6c90646c86497e696b432,CP,adult,1.02,1
67d1f6824f74bd16996512c0,CP,adult,1.033334,1
6612d5d5abf4df0d84f44b3e,CP,adult,1.5,1
5b9e2f45f07414000105160b,CP,adult,1.025,0
6995ebe917abe5d36a3b17e0,CP,adult,1.3333333333333333,1
58584aa98604ae000165e633,CP,adult,1.02,0
6978de0358edaccb1d2b58b6,CP,adult,1.02,1
5ffc9acaaacffc0cb55ba3ab,CP,adult,1.333332857142857,1
67a6c90646c86497e696b432,CP,adult,1.02,0
5fefefa4c9707d3516361c9c,CP,adult,1.033334,0
5ee5defbfe74a3000d106f51,CP,adult,1.02,0
5b0710e7a84dcf0001beee8a,CP,adult,1.033334,0
5e076480c4e1550e2114f006,CP,adult,1.333334,1
69bc9120bf934fb513230785,CP,adult,1.333332857142857,1
5d31dc6e42678e001a0bdedd,CP,adult,1.5,1
69443f6d432f063164327f8e,CP,adult,1.5,1
5ee5defbfe74a3000d106f51,CP,adult,1.025,0
6562177a48308eebbb6359ea,CP,adult,1.033334,1
573f3168d700ea000ff433a6,CP,adult,1.333332857142857,1
5ec43020306f252ea5d83f6f,CP,adult,1.3333333333333333,1
60b8f2c365ec36a3395896b6,CP,adult,1.5,1
60ff186560b3d8631d11f5f7,CP,adult,1.025,1
5ee5defbfe74a3000d106f51,CP,adult,1.05,1
6629658113ec221fd75635bb,CP,adult,1.0333333333333334,1
674cca92742faa4642a6e9c7,CP,adult,1.02,1
573f3168d700ea000ff433a6,CP,adult,1.5,1
6995ebe917abe5d36a3b17e0,CP,adult,1.333334,1
6612d5d5abf4df0d84f44b3e,CP,adult,1.02,0
67d1f6824f74bd16996512c0,CP,adult,1.5,1
5685ddee333cbd000c4e4cd7,CP,adult,1.05,1
6978de0358edaccb1d2b58b6,CP,adult,1.05,1
6995ebe917abe5d36a3b17e0,CP,adult,1.25,1
5b9e2f45f07414000105160b,CP,adult,1.033334,0
69bc9120bf934fb513230785,CP,adult,1.02,0
6612d5d5abf4df0d84f44b3e,CP,adult,1.025,0
5685ddee333cbd000c4e4cd7,CP,adult,1.025,1
5b9e2f45f07414000105160b,CP,adult,1.3333333333333333,1
69dfd6548334412db2f468cf,CP,adult,1.033334,1
5b0710e7a84dcf0001beee8a,CP,adult,1.02,1
6629658113ec221fd75635bb,CP,adult,1.05,1
674cca92742faa4642a6e9c7,CP,adult,1.05,0
60b8f2c365ec36a3395896b6,CP,adult,1.02,0
6562177a48308eebbb6359ea,CP,adult,1.0499999999999998,1
5fefefa4c9707d3516361c9c,CP,adult,1.25,0
6978de0358edaccb1d2b58b6,CP,adult,1.333332857142857,1
5d31dc6e42678e001a0bdedd,CP,adult,1.025,0
5b0710e7a84dcf0001beee8a,CP,adult,1.05,0
5685ddee333cbd000c4e4cd7,CP,adult,1.5,1
5ee5defbfe74a3000d106f51,CP,adult,1.25,1
5ec43020306f252ea5d83f6f,CP,adult,1.02,0
69dfd6548334412db2f468cf,CP,adult,1.0333333333333334,1
60b8f2c365ec36a3395896b6,CP,adult,1.033332857142857,0
69694af40a5fb63ed7b72849,CP,adult,1.3333333333333333,1
5fefefa4c9707d3516361c9c,CP,adult,1.5,1
69dfd6548334412db2f468cf,CP,adult,1.25,1
573f3168d700ea000ff433a6,CP,adult,1.333332857142857,1
69a77124e0bf5562416bbd50,CP,adult,1.333334,1
5b9e2f45f07414000105160b,CP,adult,1.333332857142857,1
63174af7d57182f9bf90c094,CP,adult,1.05,0
69bc9120bf934fb513230785,CP,adult,1.05,1
5d31dc6e42678e001a0bdedd,CP,adult,1.0499999999999998,0
58584aa98604ae000165e633,CP,adult,1.333334,1
69a77124e0bf5562416bbd50,CP,adult,1.5,1
69dfd6548334412db2f468cf,CP,adult,1.5,1
67a6c90646c86497e696b432,CP,adult,1.025,1
69bc9120bf934fb513230785,CP,adult,1.05,1
5dd2d8126ac608000a330132,CP,adult,1.333332857142857,1
5ec43020306f252ea5d83f6f,CP,adult,1.025,1
69dfd6548334412db2f468cf,CP,adult,1.3333333333333333,1
69443f6d432f063164327f8e,CP,adult,1.25,1
5ee5defbfe74a3000d106f51,CP,adult,1.025,0
573f3168d700ea000ff433a6,CP,adult,1.5,0
69a77124e0bf5562416bbd50,CP,adult,1.033334,1
5d31dc6e42678e001a0bdedd,CP,adult,1.5,1
6571d21081e5b7f488282b0c,CP,adult,1.02,0
674cca92742faa4642a6e9c7,CP,adult,1.025,1
69694af40a5fb63ed7b72849,CP,adult,1.333334,1
6629658113ec221fd75635bb,CP,adult,1.5,1
63174af7d57182f9bf90c094,CP,adult,1.02,1
5fefefa4c9707d3516361c9c,CP,adult,1.333332857142857,1
5ec43020306f252ea5d83f6f,CP,adult,1.05,1
58584aa98604ae000165e633,CP,adult,1.5,1
6978de0358edaccb1d2b58b6,CP,adult,1.25,1
69694af40a5fb63ed7b72849,CP,adult,1.25,1
69b2eaab584f6399e281f2ca,CP,adult,1.02,0
5ee5defbfe74a3000d106f51,CP,adult,1.05,1
60ff186560b3d8631d11f5f7,CP,adult,1.25,1
67a6c90646c86497e696b432,CP,adult,1.02,0
63174af7d57182f9bf90c094,CP,adult,1.02,1
5e076480c4e1550e2114f006,CP,adult,1.05,0
69b2eaab584f6399e281f2ca,CP,adult,1.333334,1
69a77124e0bf5562416bbd50,CP,adult,1.3333333333333333,1
5fefefa4c9707d3516361c9c,CP,adult,1.0333333333333334,0
6562177a48308eebbb6359ea,CP,adult,1.025,1
5b9e2f45f07414000105160b,CP,adult,1.333334,1
5d31dc6e42678e001a0bdedd,CP,adult,1.025,0
63174af7d57182f9bf90c094,CP,adult,1.25,1
5e20add2c4cd040512b39d63,CP,adult,1.0499999999999998,1
69b2eaab584f6399e281f2ca,CP,adult,1.05,1
6978de0358edaccb1d2b58b6,CP,adult,1.0333333333333334,1
674cca92742faa4642a6e9c7,CP,adult,1.025,1
5ffc9acaaacffc0cb55ba3ab,CP,adult,1.0499999999999998,1
5ec43020306f252ea5d83f6f,CP,adult,1.5,1
674cca92742faa4642a6e9c7,CP,adult,1.0499999999999998,1
5dd2d8126ac608000a330132,CP,adult,1.5,1
6629658113ec221fd75635bb,CP,adult,1.5,1
5b0710e7a84dcf0001beee8a,CP,adult,1.25,1
6995ebe917abe5d36a3b17e0,CP,adult,1.025,0
69b2eaab584f6399e281f2ca,CP,adult,1.033334,1
69694af40a5fb63ed7b72849,CP,adult,1.3333333333333333,1
5ffc9acaaacffc0cb55ba3ab,CP,adult,1.05,0
5fefefa4c9707d3516361c9c,CP,adult,1.02,1
6562177a48308eebbb6359ea,CP,adult,1.5,1
69b2eaab584f6399e281f2ca,CP,adult,1.25,1
69694af40a5fb63ed7b72849,CP,adult,1.3333333333333333,1
60b8f2c365ec36a3395896b6,CP,adult,1.5,1
69bc9120bf934fb513230785,CP,adult,1.02,0
63174af7d57182f9bf90c094,CP,adult,1.05,0
58584aa98604ae000165e633,CP,adult,1.025,0
5e076480c4e1550e2114f006,CP,adult,1.25,1
60ff186560b3d8631d11f5f7,CP,adult,1.033332857142857,0
69b2eaab584f6399e281f2ca,CP,adult,1.05,1
5dd2d8126ac608000a330132,CP,adult,1.0333333333333334,1
573f3168d700ea000ff433a6,CP,adult,1.25,1
60b8f2c365ec36a3395896b6,CP,adult,1.033332857142857,1
69a77124e0bf5562416bbd50,CP,adult,1.025,1
5d31dc6e42678e001a0bdedd,CP,adult,1.0499999999999998,1
67a6c90646c86497e696b432,CP,adult,1.025,1
69bc9120bf934fb513230785,CP,adult,1.0333333333333334,1
69443f6d432f063164327f8e,CP,adult,1.025,1
5dd2d8126ac608000a330132,CP,adult,1.0333333333333334,1
5d31dc6e42678e001a0bdedd,CP,adult,1.25,1
5685ddee333cbd000c4e4cd7,CP,adult,1.0333333333333334,0
5ec43020306f252ea5d83f6f,CP,adult,1.02,1
5b9e2f45f07414000105160b,CP,adult,1.25,1
573f3168d700ea000ff433a6,CP,adult,1.3333333333333333,1
6995ebe917abe5d36a3b17e0,CP,adult,1.025,0
69694af40a5fb63ed7b72849,CP,adult,1.333332857142857,1
674cca92742faa4642a6e9c7,CP,adult,1.033332857142857,0
5dd2d8126ac608000a330132,CP,adult,1.025,1
573f3168d700ea000ff433a6,CP,adult,1.333332857142857,1
6571d21081e5b7f488282b0c,CP,adult,1.033334,0
6612d5d5abf4df0d84f44b3e,CP,adult,1.02,0
6629658113ec221fd75635bb,CP,adult,1.3333333333333333,1
67a6c90646c86497e696b432,CP,adult,1.05,1
5ee5defbfe74a3000d106f51,CP,adult,1.02,1
5b0710e7a84dcf0001beee8a,CP,adult,1.25,1
5e076480c4e1550e2114f006,CP,adult,1.025,0
69a77124e0bf5562416bbd50,CP,adult,1.025,1
5dd2d8126ac608000a330132,CP,adult,1.5,1
5fefefa4c9707d3516361c9c,CP,adult,1.3333333333333333,0
67a6c90646c86497e696b432,CP,adult,1.0333333333333334,0
69dfd6548334412db2f468cf,CP,adult,1.02,0
5685ddee333cbd000c4e4cd7,CP,adult,1.05,0
5e076480c4e1550e2114f006,CP,adult,1.25,1
6612d5d5abf4df0d84f44b3e,CP,adult,1.025,1
67d1f6824f74bd16996512c0,CP,adult,1.0499999999999998,1
69443f6d432f063164327f8e,CP,adult,1.333332857142857,1
6978de0358edaccb1d2b58b6,CP,adult,1.025,1
5685ddee333cbd000c4e4cd7,CP,adult,1.05,0
63174af7d57182f9bf90c094,CP,adult,1.05,1
5b0710e7a84dcf0001beee8a,CP,adult,1.02,1
5e076480c4e1550e2114f006,CP,adult,1.5,1
5d31dc6e42678e001a0bdedd,CP,adult,1.333332857142857,1
5b9e2f45f07414000105160b,CP,adult,1.033334,0
5ffc9acaaacffc0cb55ba3ab,CP,adult,1.25,1
5fefefa4c9707d3516361c9c,CP,adult,1.3333333333333333,1
6629658113ec221fd75635bb,CP,adult,1.0333333333333334,1
67a6c90646c86497e696b432,CP,adult,1.05,0
6562177a48308eebbb6359ea,CP,adult,1.025,1
5b0710e7a84dcf0001beee8a,CP,adult,1.025,0
5ec43020306f252ea5d83f6f,CP,adult,1.5,1
69dfd6548334412db2f468cf,CP,adult,1.02,0
69443f6d432f063164327f8e,CP,adult,1.025,0
5ee5defbfe74a3000d106f51,CP,adult,1.02,0
5ffc9acaaacffc0cb55ba3ab,CP,adult,1.025,1
6562177a48308eebbb6359ea,CP,adult,1.033332857142857,1
5e076480c4e1550e2114f006,CP,adult,1.025,1
6995ebe917abe5d36a3b17e0,CP,adult,1.0333333333333334,1
573f3168d700ea000ff433a6,CP,adult,1.3333333333333333,1
67d1f6824f74bd16996512c0,CP,adult,1.025,0
63174af7d57182f9bf90c094,CP,adult,1.25,1
69a77124e0bf5562416bbd50,CP,adult,1.333332857142857,1
6612d5d5abf4df0d84f44b3e,CP,adult,1.5,1
69dfd6548334412db2f468cf,CP,adult,1.0499999999999998,1
6629658113ec221fd75635bb,CP,adult,1.25,1
69443f6d432f063164327f8e,CP,adult,1.333332857142857,1
69bc9120bf934fb513230785,CP,adult,1.033334,1
58584aa98604ae000165e633,CP,adult,1.0499999999999998,1
67d1f6824f74bd16996512c0,CP,adult,1.033332857142857,1
69bc9120bf934fb513230785,CP,adult,1.025,0
6995ebe917abe5d36a3b17e0,CP,adult,1.5,1
60ff186560b3d8631d11f5f7,CP,adult,1.02,0
69443f6d432f063164327f8e,CP,adult,1.033334,1
5685ddee333cbd000c4e4cd7,CP,adult,1.02,1
58584aa98604ae000165e633,CP,adult,1.5,1
573f3168d700ea000ff433a6,CP,adult,1.333334,0
5d31dc6e42678e001a0bdedd,CP,adult,1.0333333333333334,1
5ec43020306f252ea5d83f6f,CP,adult,1.05,1
69bc9120bf934fb513230785,CP,adult,1.5,0
6995ebe917abe5d36a3b17e0,CP,adult,1.5,1
5685ddee333cbd000c4e4cd7,CP,adult,1.02,0
69dfd6548334412db2f468cf,CP,adult,1.0333333333333334,1
69a77124e0bf5562416bbd50,CP,adult,1.25,1
69bc9120bf934fb513230785,CP,adult,1.02,1
593871d4536c28000168c04c,CP,adult,1.02,0
63174af7d57182f9bf90c094,CP,adult,1.25,1
5dd2d8126ac608000a330132,CP,adult,1.033334,1
5685ddee333cbd000c4e4cd7,CP,adult,1.25,0
573f3168d700ea000ff433a6,CP,adult,1.333334,1
5fefefa4c9707d3516361c9c,CP,adult,1.02,0
6571d21081e5b7f488282b0c,CP,adult,1.5,1
5d31dc6e42678e001a0bdedd,CP,adult,1.25,0
5b0710e7a84dcf0001beee8a,CP,adult,1.025,0
5e076480c4e1550e2114f006,CP,adult,1.25,1
60ff186560b3d8631d11f5f7,CP,adult,1.5,1
69dfd6548334412db2f468cf,CP,adult,1.0333333333333334,1
5e20add2c4cd040512b39d63,CP,adult,1.025,0
5ee5defbfe74a3000d106f51,CP,adult,1.05,0
674cca92742faa4642a6e9c7,CP,adult,1.02,0
69694af40a5fb63ed7b72849,CP,adult,1.333334,1
6978de0358edaccb1d2b58b6,CP,adult,1.5,1
6995ebe917abe5d36a3b17e0,CP,adult,1.033332857142857,1
6562177a48308eebbb6359ea,CP,adult,1.333332857142857,1
67d1f6824f74bd16996512c0,CP,adult,1.5,1
593871d4536c28000168c04c,CP,adult,1.025,1
60dfd857e293a99dd577f4c8,CP,adult,1.0499999999999998,1
5dd2d8126ac608000a330132,CP,adult,1.02,0
67a6c90646c86497e696b432,CP,adult,1.05,0
69b2eaab584f6399e281f2ca,CP,adult,1.02,1
698d20a041b53d5f1d94a807,CP,adult,1.5,1
6629497a938b0963356f7002,CP,adult,1.02,0
5b0710e7a84dcf0001beee8a,CP,adult,1.333334,1
5685ddee333cbd000c4e4cd7,CP,adult,1.025,1
69694af40a5fb63ed7b72849,CP,adult,1.025,0
5c2bb9cc8c35040001a59dde,CP,adult,1.25,0
58584aa98604ae000165e633,CP,adult,1.5,1
6978de0358edaccb1d2b58b6,CP,adult,1.5,1
6629497a938b0963356f7002,CP,adult,1.333334,1
69c973228d8daa01395a213f,CP,adult,1.333334,1
69ccd28a681130791ee609f3,CP,adult,1.5,1
69b2eaab584f6399e281f2ca,CP,adult,1.333334,1
5e20add2c4cd040512b39d63,CP,adult,1.05,1
63174af7d57182f9bf90c094,CP,adult,1.25,1
5fefefa4c9707d3516361c9c,CP,adult,1.05,0
69c973228d8daa01395a213f,CP,adult,1.333332857142857,1
5ee5defbfe74a3000d106f51,CP,adult,1.02,1
5685ddee333cbd000c4e4cd7,CP,adult,1.5,1
69921bde43e69fd5d60ea256,CP,adult,1.033332857142857,1
6629658113ec221fd75635bb,CP,adult,1.025,1
6562177a48308eebbb6359ea,CP,adult,1.05,1
67d1f6824f74bd16996512c0,CP,adult,1.25,1
6629658113ec221fd75635bb,CP,adult,1.0499999999999998,1
69b2eaab584f6399e281f2ca,CP,adult,1.033334,1
5ee5defbfe74a3000d106f51,CP,adult,1.25,1
5e076480c4e1550e2114f006,CP,adult,1.025,1
698d20a041b53d5f1d94a807,CP,adult,1.02,1
5b9e2f45f07414000105160b,CP,adult,1.05,0
60b8f2c365ec36a3395896b6,CP,adult,1.05,1
6995ebe917abe5d36a3b17e0,CP,adult,1.333332857142857,1
67a6c90646c86497e696b432,CP,adult,1.0333333333333334,1
69443f6d432f063164327f8e,CP,adult,1.02,0
5ee5defbfe74a3000d106f51,CP,adult,1.25,1
5ec43020306f252ea5d83f6f,CP,adult,1.025,1
6629658113ec221fd75635bb,CP,adult,1.25,1
698d20a041b53d5f1d94a807,CP,adult,1.0333333333333334,1
6995ebe917abe5d36a3b17e0,CP,adult,1.025,1
69c973228d8daa01395a213f,CP,adult,1.333332857142857,1
60b8f2c365ec36a3395896b6,CP,adult,1.02,0
5685ddee333cbd000c4e4cd7,CP,adult,1.25,0
5ec43020306f252ea5d83f6f,CP,adult,1.02,0
69a77124e0bf5562416bbd50,CP,adult,1.0499999999999998,1
698d20a041b53d5f1d94a807,CP,adult,1.02,0
5b0710e7a84dcf0001beee8a,CP,adult,1.05,0
69c973228d8daa01395a213f,CP,adult,1.033334,1
5e20add2c4cd040512b39d63,CP,adult,1.025,1
5685ddee333cbd000c4e4cd7,CP,adult,1.025,1
69bc9120bf934fb513230785,CP,adult,1.3333333333333333,0
60ff186560b3d8631d11f5f7,CP,adult,1.05,0
6629658113ec221fd75635bb,CP,adult,1.02,0
573f3168d700ea000ff433a6,CP,adult,1.5,1
63174af7d57182f9bf90c094,CP,adult,1.333334,1
6612d5d5abf4df0d84f44b3e,CP,adult,1.033332857142857,1
6562177a48308eebbb6359ea,CP,adult,1.033334,1
60b8f2c365ec36a3395896b6,CP,adult,1.333332857142857,1
5e20add2c4cd040512b39d63,CP,adult,1.02,1
5b9e2f45f07414000105160b,CP,adult,1.5,1
6629658113ec221fd75635bb,CP,adult,1.333334,1
5dd2d8126ac608000a330132,CP,adult,1.025,1
60dfd857e293a99dd577f4c8,CP,adult,1.25,1
69bc9120bf934fb513230785,CP,adult,1.5,1
5e076480c4e1550e2114f006,CP,adult,1.25,1
5ee5defbfe74a3000d106f51,CP,adult,1.5,1
6562177a48308eebbb6359ea,CP,adult,1.3333333333333333,1
5b0710e7a84dcf0001beee8a,CP,adult,1.033334,0
60b8f2c365ec36a3395896b6,CP,adult,1.02,1
5b9e2f45f07414000105160b,CP,adult,1.025,1
698d20a041b53d5f1d94a807,CP,adult,1.25,1
5c2bb9cc8c35040001a59dde,CP,adult,1.033334,1
5e076480c4e1550e2114f006,CP,adult,1.3333333333333333,1
69b0b5440140899f769646c2,CP,adult,1.05,1
69443f6d432f063164327f8e,CP,adult,1.333332857142857,1
5b0710e7a84dcf0001beee8a,CP,adult,1.025,1
60b8f2c365ec36a3395896b6,CP,adult,1.5,1
5b9e2f45f07414000105160b,CP,adult,1.05,0
6612d5d5abf4df0d84f44b3e,CP,adult,1.02,1
67a6c90646c86497e696b432,CP,adult,1.02,1
69443f6d432f063164327f8e,CP,adult,1.25,1
573f3168d700ea000ff433a6,CP,adult,1.25,1
6978de0358edaccb1d2b58b6,CP,adult,1.5,1
5ec43020306f252ea5d83f6f,CP,adult,1.02,1
6629658113ec221fd75635bb,CP,adult,1.02,0
6562177a48308eebbb6359ea,CP,adult,1.02,1
58584aa98604ae000165e633,CP,adult,1.033334,1
5e20add2c4cd040512b39d63,CP,adult,1.033332857142857,0
6612d5d5abf4df0d84f44b3e,CP,adult,1.025,0
69694af40a5fb63ed7b72849,CP,adult,1.05,0
69a77124e0bf5562416bbd50,CP,adult,1.05,1
63174af7d57182f9bf90c094,CP,adult,1.02,1
5b9e2f45f07414000105160b,CP,adult,1.033334,0
5dd2d8126ac608000a330132,CP,adult,1.333334,1
67a6c90646c86497e696b432,CP,adult,1.02,1
69443f6d432f063164327f8e,CP,adult,1.0499999999999998,1
69bc9120bf934fb513230785,CP,adult,1.333334,1
6629658113ec221fd75635bb,CP,adult,1.25,1
573f3168d700ea000ff433a6,CP,adult,1.025,1
5fefefa4c9707d3516361c9c,CP,adult,1.025,1
6629497a938b0963356f7002,CP,adult,1.02,0
5ee5defbfe74a3000d106f51,CP,adult,1.333332857142857,1
5ec43020306f252ea5d83f6f,CP,adult,1.0333333333333334,1
5b9e2f45f07414000105160b,CP,adult,1.033334,0
674cca92742faa4642a6e9c7,CP,adult,1.25,1
69694af40a5fb63ed7b72849,CP,adult,1.25,1
69a77124e0bf5562416bbd50,CP,adult,1.033334,1
6995ebe917abe5d36a3b17e0,CP,adult,1.02,1
5e076480c4e1550e2114f006,CP,adult,1.5,1
69bc9120bf934fb513230785,CP,adult,1.5,1
5ee5defbfe74a3000d106f51,CP,adult,1.033334,1
69443f6d432f063164327f8e,CP,adult,1.025,1
69b2eaab584f6399e281f2ca,CP,adult,1.025,0
67a6c90646c86497e696b432,CP,adult,1.25,1
698d20a041b53d5f1d94a807,CP,adult,1.333334,1
5fefefa4c9707d3516361c9c,CP,adult,1.333332857142857,1
69921bde43e69fd5d60ea256,CP,adult,1.333332857142857,1
60ff186560b3d8631d11f5f7,CP,adult,1.25,0
5ec43020306f252ea5d83f6f,CP,adult,1.025,1
69443f6d432f063164327f8e,CP,adult,1.033332857142857,0
6629658113ec221fd75635bb,CP,adult,1.5,1
67a6c90646c86497e696b432,CP,adult,1.5,1
69694af40a5fb63ed7b72849,CP,adult,1.0499999999999998,1
69a77124e0bf5562416bbd50,CP,adult,1.05,1
674cca92742faa4642a6e9c7,CP,adult,1.05,1
6629497a938b0963356f7002,CP,adult,1.5,1
6978de0358edaccb1d2b58b6,CP,adult,1.333334,1
5ec43020306f252ea5d83f6f,CP,adult,1.033332857142857,1
6612d5d5abf4df0d84f44b3e,CP,adult,1.02,1
60ff186560b3d8631d11f5f7,CP,adult,1.25,1
63174af7d57182f9bf90c094,CP,adult,1.05,0
5e20add2c4cd040512b39d63,CP,adult,1.02,1
5fefefa4c9707d3516361c9c,CP,adult,1.5,1
69694af40a5fb63ed7b72849,CP,adult,1.25,1
5b0710e7a84dcf0001beee8a,CP,adult,1.02,0
60ff186560b3d8631d11f5f7,CP,adult,1.333334,1
5d31dc6e42678e001a0bdedd,CP,adult,1.033334,0
674cca92742faa4642a6e9c7,CP,adult,1.033334,1
67d1f6824f74bd16996512c0,CP,adult,1.025,1
69dfd6548334412db2f468cf,CP,adult,1.025,1
69b2eaab584f6399e281f2ca,CP,adult,1.05,0
69bc9120bf934fb513230785,CP,adult,1.25,1
6978de0358edaccb1d2b58b6,CP,adult,1.3333333333333333,1
6562177a48308eebbb6359ea,CP,adult,1.033334,1
573f3168d700ea000ff433a6,CP,adult,1.5,1
5fefefa4c9707d3516361c9c,CP,adult,1.25,0
58584aa98604ae000165e633,CP,adult,1.3333333333333333,1
69b2eaab584f6399e281f2ca,CP,adult,1.0333333333333334,0
6612d5d5abf4df0d84f44b3e,CP,adult,1.025,1
63174af7d57182f9bf90c094,CP,adult,1.025,0
5e076480c4e1550e2114f006,CP,adult,1.0333333333333334,0
69dfd6548334412db2f468cf,CP,adult,1.025,0
60b8f2c365ec36a3395896b6,CP,adult,1.5,1
69443f6d432f063164327f8e,CP,adult,1.05,0
58584aa98604ae000165e633,CP,adult,1.025,0
69ccd28a681130791ee609f3,CP,adult,1.025,0
6978de0358edaccb1d2b58b6,CP,adult,1.0499999999999998,1
5fefefa4c9707d3516361c9c,CP,adult,1.333334,1
5ec43020306f252ea5d83f6f,CP,adult,1.033334,1
69c973228d8daa01395a213f,CP,adult,1.3333333333333333,1
6571d21081e5b7f488282b0c,CP,adult,1.02,1
67d1f6824f74bd16996512c0,CP,adult,1.333334,1
674cca92742faa4642a6e9c7,CP,adult,1.033334,0
69a77124e0bf5562416bbd50,CP,adult,1.5,1
63174af7d57182f9bf90c094,CP,adult,1.033334,0
6995ebe917abe5d36a3b17e0,CP,adult,1.02,1
6612d5d5abf4df0d84f44b3e,CP,adult,1.5,1
5685ddee333cbd000c4e4cd7,CP,adult,1.02,0
593871d4536c28000168c04c,CP,adult,1.05,1
6571d21081e5b7f488282b0c,CP,adult,1.05,1
67d1f6824f74bd16996512c0,CP,adult,1.02,1
69bc9120bf934fb513230785,CP,adult,1.025,0
60dfd857e293a99dd577f4c8,CP,adult,1.333334,1
5dd2d8126ac608000a330132,CP,adult,1.02,1
58584aa98604ae000165e633,CP,adult,1.333334,1
6995ebe917abe5d36a3b17e0,CP,adult,1.033334,1
6562177a48308eebbb6359ea,CP,adult,1.05,1
5b9e2f45f07414000105160b,CP,adult,1.333334,1
5e20add2c4cd040512b39d63,CP,adult,1.5,1
60b8f2c365ec36a3395896b6,CP,adult,1.02,1
67a6c90646c86497e696b432,CP,adult,1.025,1
69a77124e0bf5562416bbd50,CP,adult,1.25,1
5685ddee333cbd000c4e4cd7,CP,adult,1.5,0
5e076480c4e1550e2114f006,CP,adult,1.05,0
6629658113ec221fd75635bb,CP,adult,1.3333333333333333,1
69921bde43e69fd5d60ea256,CP,adult,1.02,1
5e20add2c4cd040512b39d63,CP,adult,1.02,0
5b9e2f45f07414000105160b,CP,adult,1.05,1
69a77124e0bf5562416bbd50,CP,adult,1.5,1
593871d4536c28000168c04c,CP,adult,1.025,1
6562177a48308eebbb6359ea,CP,adult,1.02,0
69bc9120bf934fb513230785,CP,adult,1.333332857142857,1
58584aa98604ae000165e633,CP,adult,1.25,1
5b9e2f45f07414000105160b,CP,adult,1.0499999999999998,0
5b0710e7a84dcf0001beee8a,CP,adult,1.033334,0
69c973228d8daa01395a213f,CP,adult,1.02,1
5ee5defbfe74a3000d106f51,CP,adult,1.025,0
63174af7d57182f9bf90c094,CP,adult,1.0333333333333334,0
5e076480c4e1550e2114f006,CP,adult,1.02,1
69443f6d432f063164327f8e,CP,adult,1.02,0
5dd2d8126ac608000a330132,CP,adult,1.3333333333333333,1
5e20add2c4cd040512b39d63,CP,adult,1.05,1
60dfd857e293a99dd577f4c8,CP,adult,1.05,1
698d20a041b53d5f1d94a807,CP,adult,1.05,0
5ee5defbfe74a3000d106f51,CP,adult,1.0499999999999998,0
593871d4536c28000168c04c,CP,adult,1.02,0
69a77124e0bf5562416bbd50,CP,adult,1.033332857142857,1
6562177a48308eebbb6359ea,CP,adult,1.0499999999999998,0
67a6c90646c86497e696b432,CP,adult,1.5,1
6995ebe917abe5d36a3b17e0,CP,adult,1.033332857142857,0
5ee5defbfe74a3000d106f51,CP,adult,1.025,0
69921bde43e69fd5d60ea256,CP,adult,1.05,0
5b0710e7a84dcf0001beee8a,CP,adult,1.033334,1
69b0b5440140899f769646c2,CP,adult,1.05,0
5e076480c4e1550e2114f006,CP,adult,1.5,1
69e1854db4ea42aaa31d6448,CP,adult,1.05,1
6978de0358edaccb1d2b58b6,CP,adult,1.3333333333333333,1
69bc9120bf934fb513230785,CP,adult,1.033332857142857,1
5b9e2f45f07414000105160b,CP,adult,1.3333333333333333,1
5685ddee333cbd000c4e4cd7,CP,adult,1.25,1
69d5801af14cddbf0b60b59d,CP,adult,1.0333333333333334,1
69b0b5440140899f769646c2,CP,adult,1.3333333333333333,1
58584aa98604ae000165e633,CP,adult,1.25,1
69443f6d432f063164327f8e,CP,adult,1.3333333333333333,1
5ee5defbfe74a3000d106f51,CP,adult,1.02,0
593871d4536c28000168c04c,CP,adult,1.02,1
63174af7d57182f9bf90c094,CP,adult,1.5,1
69bc9120bf934fb513230785,CP,adult,1.5,1
698d20a041b53d5f1d94a807,CP,adult,1.05,0
5ee5defbfe74a3000d106f51,CP,adult,1.02,0
5dd2d8126ac608000a330132,CP,adult,1.333334,1
6978de0358edaccb1d2b58b6,CP,adult,1.333334,1
6562177a48308eebbb6359ea,CP,adult,1.25,1
63174af7d57182f9bf90c094,CP,adult,1.0333333333333334,1
5fefefa4c9707d3516361c9c,CP,adult,1.25,0
5b0710e7a84dcf0001beee8a,CP,adult,1.5,1
69c973228d8daa01395a213f,CP,adult,1.02,1
6629497a938b0963356f7002,CP,adult,1.3333333333333333,1
5685ddee333cbd000c4e4cd7,CP,adult,1.333332857142857,0
69e1854db4ea42aaa31d6448,CP,adult,1.02,1
69443f6d432f063164327f8e,CP,adult,1.25,0
674cca92742faa4642a6e9c7,CP,adult,1.25,1
5fefefa4c9707d3516361c9c,CP,adult,1.25,1
69d5801af14cddbf0b60b59d,CP,adult,1.025,1
6629497a938b0963356f7002,CP,adult,1.3333333333333333,1
60ff186560b3d8631d11f5f7,CP,adult,1.025,1
60b8f2c365ec36a3395896b6,CP,adult,1.033334,0
67d1f6824f74bd16996512c0,CP,adult,1.5,1
6629658113ec221fd75635bb,CP,adult,1.25,0
67a6c90646c86497e696b432,CP,adult,1.025,0
6629497a938b0963356f7002,CP,adult,1.5,1
69921bde43e69fd5d60ea256,CP,adult,1.02,1
69c973228d8daa01395a213f,CP,adult,1.033334,1
5b0710e7a84dcf0001beee8a,CP,adult,1.025,1
69bc9120bf934fb513230785,CP,adult,1.25,1
63174af7d57182f9bf90c094,CP,adult,1.333332857142857,1
69e1854db4ea42aaa31d6448,CP,adult,1.25,1
5fefefa4c9707d3516361c9c,CP,adult,1.25,1
6571d21081e5b7f488282b0c,CP,adult,1.033332857142857,1
69443f6d432f063164327f8e,CP,adult,1.025,1
69ccd28a681130791ee609f3,CP,adult,1.5,1
69c973228d8daa01395a213f,CP,adult,1.5,1
5b9e2f45f07414000105160b,CP,adult,1.02,0
698d20a041b53d5f1d94a807,CP,adult,1.5,0
69b2eaab584f6399e281f2ca,CP,adult,1.3333333333333333,1
67d1f6824f74bd16996512c0,CP,adult,1.02,1
58584aa98604ae000165e633,CP,adult,1.02,1
5e20add2c4cd040512b39d63,CP,adult,1.02,1
69c973228d8daa01395a213f,CP,adult,1.25,1
6629497a938b0963356f7002,CP,adult,1.333334,1
698d20a041b53d5f1d94a807,CP,adult,1.025,0
69921bde43e69fd5d60ea256,CP,adult,1.025,1
6995ebe917abe5d36a3b17e0,CP,adult,1.025,0
69b2eaab584f6399e281f2ca,CP,adult,1.0499999999999998,1
67d1f6824f74bd16996512c0,CP,adult,1.25,1
5e20add2c4cd040512b39d63,CP,adult,1.333334,1
63174af7d57182f9bf90c094,CP,adult,1.033334,0
6978de0358edaccb1d2b58b6,CP,adult,1.5,1
5b9e2f45f07414000105160b,CP,adult,1.025,1
69b2eaab584f6399e281f2ca,CP,adult,1.025,1
69694af40a5fb63ed7b72849,CP,adult,1.5,1
5fefefa4c9707d3516361c9c,CP,adult,1.025,0
674cca92742faa4642a6e9c7,CP,adult,1.033334,1
60dfd857e293a99dd577f4c8,CP,adult,1.5,1
69ccd28a681130791ee609f3,CP,adult,1.033334,0
69443f6d432f063164327f8e,CP,adult,1.5,1
69b0b5440140899f769646c2,CP,adult,1.02,0
6612d5d5abf4df0d84f44b3e,CP,adult,1.5,1
69bc9120bf934fb513230785,CP,adult,1.25,1
60b8f2c365ec36a3395896b6,CP,adult,1.02,0
698d20a041b53d5f1d94a807,CP,adult,1.333334,1
5ee5defbfe74a3000d106f51,CP,adult,1.02,1
60dfd857e293a99dd577f4c8,CP,adult,1.025,1
63174af7d57182f9bf90c094,CP,adult,1.5,1
5dd2d8126ac608000a330132,CP,adult,1.0499999999999998,0
5c2bb9cc8c35040001a59dde,CP,adult,1.025,0
69ccd28a681130791ee609f3,CP,adult,1.3333333333333333,1
6995ebe917abe5d36a3b17e0,CP,adult,1.025,1
69b0b5440140899f769646c2,CP,adult,1.05,0
5e20add2c4cd040512b39d63,CP,adult,1.033332857142857,0
69b2eaab584f6399e281f2ca,CP,adult,1.025,1
5685ddee333cbd000c4e4cd7,CP,adult,1.02,1
69e1854db4ea42aaa31d6448,CP,adult,1.25,1
6978de0358edaccb1d2b58b6,CP,adult,1.3333333333333333,1
5fefefa4c9707d3516361c9c,CP,adult,1.25,1
674cca92742faa4642a6e9c7,CP,adult,1.033334,1
6995ebe917abe5d36a3b17e0,CP,adult,1.0499999999999998,0
69ccd28a681130791ee609f3,CP,adult,1.3333333333333333,1
69b0b5440140899f769646c2,CP,adult,1.3333333333333333,1
58584aa98604ae000165e633,CP,adult,1.025,1
69b2eaab584f6399e281f2ca,CP,adult,1.333334,1
6629658113ec221fd75635bb,CP,adult,1.02,1
5685ddee333cbd000c4e4cd7,CP,adult,1.0499999999999998,1
6629497a938b0963356f7002,CP,adult,1.05,1
6978de0358edaccb1d2b58b6,CP,adult,1.25,1
60dfd857e293a99dd577f4c8,CP,adult,1.02,1
5dd2d8126ac608000a330132,CP,adult,1.025,0
63174af7d57182f9bf90c094,CP,adult,1.333332857142857,1
60b8f2c365ec36a3395896b6,CP,adult,1.025,0
69d5801af14cddbf0b60b59d,CP,adult,1.5,1
6629497a938b0963356f7002,CP,adult,1.5,1
5685ddee333cbd000c4e4cd7,CP,adult,1.3333333333333333,1
6562177a48308eebbb6359ea,CP,adult,1.0333333333333334,1
69443f6d432f063164327f8e,CP,adult,1.5,1
63174af7d57182f9bf90c094,CP,adult,1.033334,0
60ff186560b3d8631d11f5f7,CP,adult,1.025,0
6571d21081e5b7f488282b0c,CP,adult,1.05,0
5dd2d8126ac608000a330132,CP,adult,1.25,1
5b0710e7a84dcf0001beee8a,CP,adult,1.025,1
5e076480c4e1550e2114f006,CP,adult,1.5,1
6612d5d5abf4df0d84f44b3e,CP,adult,1.333334,1
69333a16814ace7f717a154c,CP,adult,1.02,0
67a6c90646c86497e696b432,CP,adult,1.033332857142857,0
69c973228d8daa01395a213f,CP,adult,1.5,0
6629497a938b0963356f7002,CP,adult,1.5,1
5c2bb9cc8c35040001a59dde,CP,adult,1.25,1
58584aa98604ae000165e633,CP,adult,1.5,1
5ec43020306f252ea5d83f6f,CP,adult,1.0333333333333334,1
6995ebe917abe5d36a3b17e0,CP,adult,1.025,1
69d5801af14cddbf0b60b59d,CP,adult,1.5,1
60ff186560b3d8631d11f5f7,CP,adult,1.333332857142857,1
69b2eaab584f6399e281f2ca,CP,adult,1.333332857142857,1
6571d21081e5b7f488282b0c,CP,adult,1.0499999999999998,0
67d1f6824f74bd16996512c0,CP,adult,1.02,1
67a6c90646c86497e696b432,CP,adult,1.02,1
5e076480c4e1550e2114f006,CP,adult,1.3333333333333333,1
6629658113ec221fd75635bb,CP,adult,1.033334,0
6978de0358edaccb1d2b58b6,CP,adult,1.25,1
69921bde43e69fd5d60ea256,CP,adult,1.02,1
6612d5d5abf4df0d84f44b3e,CP,adult,1.5,1
698d20a041b53d5f1d94a807,CP,adult,1.25,1
69a77124e0bf5562416bbd50,CP,adult,1.02,1
69bc9120bf934fb513230785,CP,adult,1.25,0
6562177a48308eebbb6359ea,CP,adult,1.033332857142857,1
5b9e2f45f07414000105160b,CP,adult,1.333334,1
5c2bb9cc8c35040001a59dde,CP,adult,1.05,1
60b8f2c365ec36a3395896b6,CP,adult,1.05,0
69d5801af14cddbf0b60b59d,CP,adult,1.5,1
60ff186560b3d8631d11f5f7,CP,adult,1.05,1
6612d5d5abf4df0d84f44b3e,CP,adult,1.05,1
5e076480c4e1550e2114f006,CP,adult,1.0499999999999998,1
5e20add2c4cd040512b39d63,CP,adult,1.25,1
69bc9120bf934fb513230785,CP,adult,1.033332857142857,1
674cca92742faa4642a6e9c7,CP,adult,1.025,0
5c2bb9cc8c35040001a59dde,CP,adult,1.02,0
5fefefa4c9707d3516361c9c,CP,adult,1.0333333333333334,1
6629658113ec221fd75635bb,CP,adult,1.0333333333333334,1
6612d5d5abf4df0d84f44b3e,CP,adult,1.333332857142857,1
69a77124e0bf5562416bbd50,CP,adult,1.0333333333333334,1
67a6c90646c86497e696b432,CP,adult,1.5,1
5ee5defbfe74a3000d106f51,CP,adult,1.5,1
60b8f2c365ec36a3395896b6,CP,adult,1.5,1
674cca92742faa4642a6e9c7,CP,adult,1.5,1
6629658113ec221fd75635bb,CP,adult,1.025,0
5c2bb9cc8c35040001a59dde,CP,adult,1.02,1
6562177a48308eebbb6359ea,CP,adult,1.25,1
60dfd857e293a99dd577f4c8,CP,adult,1.05,0
69bc9120bf934fb513230785,CP,adult,1.3333333333333333,1
69a77124e0bf5562416bbd50,CP,adult,1.025,0
6629497a938b0963356f7002,CP,adult,1.3333333333333333,1
6629658113ec221fd75635bb,CP,adult,1.3333333333333333,1
674cca92742faa4642a6e9c7,CP,adult,1.25,1
698d20a041b53d5f1d94a807,CP,adult,1.025,1
69d5801af14cddbf0b60b59d,CP,adult,1.033334,1
5c2bb9cc8c35040001a59dde,CP,adult,1.5,1
69921bde43e69fd5d60ea256,CP,adult,1.02,0
69b0b5440140899f769646c2,CP,adult,1.02,0
5ee5defbfe74a3000d106f51,CP,adult,1.25,1
6978de0358edaccb1d2b58b6,CP,adult,1.0499999999999998,1
5685ddee333cbd000c4e4cd7,CP,adult,1.0333333333333334,0
698d20a041b53d5f1d94a807,CP,adult,1.5,1
69d5801af14cddbf0b60b59d,CP,adult,1.3333333333333333,1
69333a16814ace7f717a154c,CP,adult,1.333334,0
5dd2d8126ac608000a330132,CP,adult,1.0333333333333334,1
69bc9120bf934fb513230785,CP,adult,1.333332857142857,1
6629658113ec221fd75635bb,CP,adult,1.033334,1
69e1854db4ea42aaa31d6448,CP,adult,1.0499999999999998,0
58584aa98604ae000165e633,CP,adult,1.25,1
5e076480c4e1550e2114f006,CP,adult,1.0499999999999998,1
6562177a48308eebbb6359ea,CP,adult,1.02,1
5ee5defbfe74a3000d106f51,CP,adult,1.033334,1
69bc9120bf934fb513230785,CP,adult,1.333334,1
5dd2d8126ac608000a330132,CP,adult,1.05,1
69921bde43e69fd5d60ea256,CP,adult,1.02,1
69333a16814ace7f717a154c,CP,adult,1.333332857142857,1
63174af7d57182f9bf90c094,CP,adult,1.05,0
60b8f2c365ec36a3395896b6,CP,adult,1.0499999999999998,1
5e20add2c4cd040512b39d63,CP,adult,1.5,1
6629658113ec221fd75635bb,CP,adult,1.0333333333333334,1
5b0710e7a84dcf0001beee8a,CP,adult,1.3333333333333333,1
69e1854db4ea42aaa31d6448,CP,adult,1.333334,1
69a77124e0bf5562416bbd50,CP,adult,1.025,1
5dd2d8126ac608000a330132,CP,adult,1.333334,1
6629497a938b0963356f7002,CP,adult,1.25,1
6562177a48308eebbb6359ea,CP,adult,1.5,1
5e076480c4e1550e2114f006,CP,adult,1.333332857142857,1
5e20add2c4cd040512b39d63,CP,adult,1.333334,1
69c973228d8daa01395a213f,CP,adult,1.025,0
69bc9120bf934fb513230785,CP,adult,1.02,0
69333a16814ace7f717a154c,CP,adult,1.02,0
5ee5defbfe74a3000d106f51,CP,adult,1.0333333333333334,0
6562177a48308eebbb6359ea,CP,adult,1.02,0
67d1f6824f74bd16996512c0,CP,adult,1.333332857142857,1
69bc9120bf934fb513230785,CP,adult,1.02,0
69c973228d8daa01395a213f,CP,adult,1.025,1
5c2bb9cc8c35040001a59dde,CP,adult,1.033332857142857,1
5685ddee333cbd000c4e4cd7,CP,adult,1.5,1
58584aa98604ae000165e633,CP,adult,1.0333333333333334,1
63174af7d57182f9bf90c094,CP,adult,1.3333333333333333,1
60b8f2c365ec36a3395896b6,CP,adult,1.033334,1
69e1854db4ea42aaa31d6448,CP,adult,1.025,0
69ccd28a681130791ee609f3,CP,adult,1.05,0
69bc9120bf934fb513230785,CP,adult,1.0499999999999998,1
5b0710e7a84dcf0001beee8a,CP,adult,1.3333333333333333,1
63174af7d57182f9bf90c094,CP,adult,1.3333333333333333,1
69333a16814ace7f717a154c,CP,adult,1.02,1
58584aa98604ae000165e633,CP,adult,1.025,1
67d1f6824f74bd16996512c0,CP,adult,1.5,1
67a6c90646c86497e696b432,CP,adult,1.5,1
60dfd857e293a99dd577f4c8,CP,adult,1.02,0
674cca92742faa4642a6e9c7,CP,adult,1.025,1
6562177a48308eebbb6359ea,CP,adult,1.3333333333333333,1
5ee5defbfe74a3000d106f51,CP,adult,1.3333333333333333,1
6571d21081e5b7f488282b0c,CP,adult,1.333332857142857,1
5e20add2c4cd040512b39d63,CP,adult,1.5,1
69c973228d8daa01395a213f,CP,adult,1.5,1
69921bde43e69fd5d60ea256,CP,adult,1.0333333333333334,1
6978de0358edaccb1d2b58b6,CP,adult,1.25,1
69ccd28a681130791ee609f3,CP,adult,1.5,1
5e20add2c4cd040512b39d63,CP,adult,1.05,1
69333a16814ace7f717a154c,CP,adult,1.5,1
69c973228d8daa01395a213f,CP,adult,1.05,0
60dfd857e293a99dd577f4c8,CP,adult,1.025,0
6612d5d5abf4df0d84f44b3e,CP,adult,1.5,1
69b0b5440140899f769646c2,CP,adult,1.02,1
6562177a48308eebbb6359ea,CP,adult,1.333334,1
5ee5defbfe74a3000d106f51,CP,adult,1.3333333333333333,0
6571d21081e5b7f488282b0c,CP,adult,1.25,1
60dfd857e293a99dd577f4c8,CP,adult,1.5,1
69333a16814ace7f717a154c,CP,adult,1.333334,1
6978de0358edaccb1d2b58b6,CP,adult,1.0499999999999998,0
63174af7d57182f9bf90c094,CP,adult,1.025,1
69bc9120bf934fb513230785,CP,adult,1.02,0
69b0b5440140899f769646c2,CP,adult,1.025,0
69d5801af14cddbf0b60b59d,CP,adult,1.5,1
5685ddee333cbd000c4e4cd7,CP,adult,1.5,1
6571d21081e5b7f488282b0c,CP,adult,1.0499999999999998,0
6978de0358edaccb1d2b58b6,CP,adult,1.333334,1
5dd2d8126ac608000a330132,CP,adult,1.25,1
5e20add2c4cd040512b39d63,CP,adult,1.333334,1
69b0b5440140899f769646c2,CP,adult,1.02,0
69333a16814ace7f717a154c,CP,adult,1.25,1
69c973228d8daa01395a213f,CP,adult,1.05,1
5e076480c4e1550e2114f006,CP,adult,1.25,1
5e20add2c4cd040512b39d63,CP,adult,1.3333333333333333,1
5dd2d8126ac608000a330132,CP,adult,1.025,0
6629497a938b0963356f7002,CP,adult,1.5,1
5b9e2f45f07414000105160b,CP,adult,1.5,1
69c973228d8daa01395a213f,CP,adult,1.333332857142857,1
6629658113ec221fd75635bb,CP,adult,1.0333333333333334,1
60b8f2c365ec36a3395896b6,CP,adult,1.025,1
5e076480c4e1550e2114f006,CP,adult,1.0333333333333334,1
63174af7d57182f9bf90c094,CP,adult,1.033334,1
5b0710e7a84dcf0001beee8a,CP,adult,1.333332857142857,1
5c2bb9cc8c35040001a59dde,CP,adult,1.025,0
69a77124e0bf5562416bbd50,CP,adult,1.5,1
6612d5d5abf4df0d84f44b3e,CP,adult,1.25,1
67a6c90646c86497e696b432,CP,adult,1.025,1
698d20a041b53d5f1d94a807,CP,adult,1.033332857142857,1
60b8f2c365ec36a3395896b6,CP,adult,1.0499999999999998,1
69b2eaab584f6399e281f2ca,CP,adult,1.5,1
69443f6d432f063164327f8e,CP,adult,1.02,0
6629497a938b0963356f7002,CP,adult,1.05,1
69ccd28a681130791ee609f3,CP,adult,1.5,1
69e1854db4ea42aaa31d6448,CP,adult,1.5,1
69a77124e0bf5562416bbd50,CP,adult,1.0499999999999998,0
69bc9120bf934fb513230785,CP,adult,1.025,0
58584aa98604ae000165e633,CP,adult,1.025,1
674cca92742faa4642a6e9c7,CP,adult,1.5,1
698d20a041b53d5f1d94a807,CP,adult,1.033334,0
69c973228d8daa01395a213f,CP,adult,1.5,1
5ee5defbfe74a3000d106f51,CP,adult,1.033332857142857,0
5685ddee333cbd000c4e4cd7,CP,adult,1.25,0
69921bde43e69fd5d60ea256,CP,adult,1.025,1
67d1f6824f74bd16996512c0,CP,adult,1.02,1
6612d5d5abf4df0d84f44b3e,CP,adult,1.0333333333333334,1
698d20a041b53d5f1d94a807,CP,adult,1.025,1
58584aa98604ae000165e633,CP,adult,1.05,1
62c4d5821033848c1dc3667b,CP,adult,1.05,1
5b0710e7a84dcf0001beee8a,CP,adult,1.025,0
60dfd857e293a99dd577f4c8,CP,adult,1.25,1
63174af7d57182f9bf90c094,CP,adult,1.333334,1
5e076480c4e1550e2114f006,CP,adult,1.25,1
69ccd28a681130791ee609f3,CP,adult,1.02,0
69921bde43e69fd5d60ea256,CP,adult,1.033334,0
60b8f2c365ec36a3395896b6,CP,adult,1.333334,1
6571d21081e5b7f488282b0c,CP,adult,1.5,0
698d20a041b53d5f1d94a807,CP,adult,1.033334,0
593871d4536c28000168c04c,CP,adult,1.0499999999999998,1
5ee5defbfe74a3000d106f51,CP,adult,1.25,1
62c4d5821033848c1dc3667b,CP,adult,1.0333333333333334,1
5685ddee333cbd000c4e4cd7,CP,adult,1.333332857142857,1
69b2eaab584f6399e281f2ca,CP,adult,1.333332857142857,1
6562177a48308eebbb6359ea,CP,adult,1.05,0
69443f6d432f063164327f8e,CP,adult,1.0499999999999998,0
6612d5d5abf4df0d84f44b3e,CP,adult,1.05,1
69a77124e0bf5562416bbd50,CP,adult,1.02,1
69bc9120bf934fb513230785,CP,adult,1.5,1
69b2eaab584f6399e281f2ca,CP,adult,1.5,1
6629497a938b0963356f7002,CP,adult,1.5,1
69443f6d432f063164327f8e,CP,adult,1.3333333333333333,1
593871d4536c28000168c04c,CP,adult,1.05,1
69b0b5440140899f769646c2,CP,adult,1.25,1
5685ddee333cbd000c4e4cd7,CP,adult,1.0333333333333334,0
63174af7d57182f9bf90c094,CP,adult,1.025,0
67d1f6824f74bd16996512c0,CP,adult,1.025,1
674cca92742faa4642a6e9c7,CP,adult,1.05,1
69d5801af14cddbf0b60b59d,CP,adult,1.025,0
5b0710e7a84dcf0001beee8a,CP,adult,1.025,0
6629658113ec221fd75635bb,CP,adult,1.0499999999999998,0
5c2bb9cc8c35040001a59dde,CP,adult,1.033334,0
6978de0358edaccb1d2b58b6,CP,adult,1.333334,1
5685ddee333cbd000c4e4cd7,CP,adult,1.033332857142857,1
67a6c90646c86497e696b432,CP,adult,1.05,0
5e076480c4e1550e2114f006,CP,adult,1.25,1
69d5801af14cddbf0b60b59d,CP,adult,1.333332857142857,1
62c4d5821033848c1dc3667b,CP,adult,1.02,1
6629497a938b0963356f7002,CP,adult,1.25,1
5c2bb9cc8c35040001a59dde,CP,adult,1.02,1
69ccd28a681130791ee609f3,CP,adult,1.02,0
593871d4536c28000168c04c,CP,adult,1.25,1
67a6c90646c86497e696b432,CP,adult,1.033332857142857,0
60b8f2c365ec36a3395896b6,CP,adult,1.333332857142857,1
6629658113ec221fd75635bb,CP,adult,1.025,1
674cca92742faa4642a6e9c7,CP,adult,1.025,0
69e1854db4ea42aaa31d6448,CP,adult,1.333334,1
69a77124e0bf5562416bbd50,CP,adult,1.025,1
6629497a938b0963356f7002,CP,adult,1.25,1
67a6c90646c86497e696b432,CP,adult,1.25,1
6612d5d5abf4df0d84f44b3e,CP,adult,1.25,1
69d5801af14cddbf0b60b59d,CP,adult,1.05,1
6629658113ec221fd75635bb,CP,adult,1.333332857142857,1
674cca92742faa4642a6e9c7,CP,adult,1.333334,1
69a77124e0bf5562416bbd50,CP,adult,1.25,1
60dfd857e293a99dd577f4c8,CP,adult,1.02,0
69e1854db4ea42aaa31d6448,CP,adult,1.02,1
5e076480c4e1550e2114f006,CP,adult,1.05,0
69c973228d8daa01395a213f,CP,adult,1.02,0
69d5801af14cddbf0b60b59d,CP,adult,1.5,1
6571d21081e5b7f488282b0c,CP,adult,1.5,1
63174af7d57182f9bf90c094,CP,adult,1.05,1
60b8f2c365ec36a3395896b6,CP,adult,1.05,1
69921bde43e69fd5d60ea256,CP,adult,1.025,0
69bc9120bf934fb513230785,CP,adult,1.25,1
69a77124e0bf5562416bbd50,CP,adult,1.0499999999999998,0
69c973228d8daa01395a213f,CP,adult,1.5,1
6978de0358edaccb1d2b58b6,CP,adult,1.5,1
60dfd857e293a99dd577f4c8,CP,adult,1.05,0
6629658113ec221fd75635bb,CP,adult,1.333332857142857,1
62c4d5821033848c1dc3667b,CP,adult,1.333332857142857,1
5c2bb9cc8c35040001a59dde,CP,adult,1.025,0
69e1854db4ea42aaa31d6448,CP,adult,1.05,0
674cca92742faa4642a6e9c7,CP,adult,1.02,0
5edeea354d54cb1a825aa8f9,CP,adult,1.05,1
69bc9120bf934fb513230785,CP,adult,1.033334,1
63174af7d57182f9bf90c094,CP,adult,1.025,1
698d20a041b53d5f1d94a807,CP,adult,1.02,0
63ed0392b8b24c34aaf26310,CP,adult,1.5,1
69c973228d8daa01395a213f,CP,adult,1.05,1
69921bde43e69fd5d60ea256,CP,adult,1.033334,0
6562177a48308eebbb6359ea,CP,adult,1.25,1
67d1f6824f74bd16996512c0,CP,adult,1.333334,1
63174af7d57182f9bf90c094,CP,adult,1.3333333333333333,1
69333a16814ace7f717a154c,CP,adult,1.05,1
6629497a938b0963356f7002,CP,adult,1.02,1
60b8f2c365ec36a3395896b6,CP,adult,1.25,1
69e1854db4ea42aaa31d6448,CP,adult,1.033334,0
6562177a48308eebbb6359ea,CP,adult,1.25,0
6606d4f4acdc3a6b8200c0ee,CP,adult,1.033332857142857,0
5c2bb9cc8c35040001a59dde,CP,adult,1.0499999999999998,1
6978de0358edaccb1d2b58b6,CP,adult,1.5,1
69d5801af14cddbf0b60b59d,CP,adult,1.333332857142857,1
646e4572cbed17f6bbacec12,CP,adult,1.25,1
69e1854db4ea42aaa31d6448,CP,adult,1.025,1
6562177a48308eebbb6359ea,CP,adult,1.033332857142857,0
69bc9120bf934fb513230785,CP,adult,1.333332857142857,1
5b4991de56e0140001acb76b,CP,adult,1.5,1
6629497a938b0963356f7002,CP,adult,1.02,1
674cca92742faa4642a6e9c7,CP,adult,1.02,0
69d5801af14cddbf0b60b59d,CP,adult,1.02,1
69a77124e0bf5562416bbd50,CP,adult,1.05,1
69921bde43e69fd5d60ea256,CP,adult,1.02,1
6562177a48308eebbb6359ea,CP,adult,1.5,1
5b0710e7a84dcf0001beee8a,CP,adult,1.033332857142857,1
5dd2d8126ac608000a330132,CP,adult,1.05,1
67a6c90646c86497e696b432,CP,adult,1.25,1
6612d5d5abf4df0d84f44b3e,CP,adult,1.25,1
6629658113ec221fd75635bb,CP,adult,1.02,0
646e4572cbed17f6bbacec12,CP,adult,1.02,1
69b0b5440140899f769646c2,CP,adult,1.033334,1
69e1854db4ea42aaa31d6448,CP,adult,1.25,1
5b0710e7a84dcf0001beee8a,CP,adult,1.05,0
69ccd28a681130791ee609f3,CP,adult,1.025,1
63174af7d57182f9bf90c094,CP,adult,1.5,1
646e4572cbed17f6bbacec12,CP,adult,1.0499999999999998,1
698d20a041b53d5f1d94a807,CP,adult,1.02,0
5e20add2c4cd040512b39d63,CP,adult,1.025,1
69b0b5440140899f769646c2,CP,adult,1.05,0
69c973228d8daa01395a213f,CP,adult,1.025,1
6629497a938b0963356f7002,CP,adult,1.0499999999999998,0
6562177a48308eebbb6359ea,CP,adult,1.033332857142857,1
5ee5defbfe74a3000d106f51,CP,adult,1.5,1
6978de0358edaccb1d2b58b6,CP,adult,1.5,1
67a6c90646c86497e696b432,CP,adult,1.0499999999999998,0
5e20add2c4cd040512b39d63,CP,adult,1.333332857142857,1
60dfd857e293a99dd577f4c8,CP,adult,1.025,0
69333a16814ace7f717a154c,CP,adult,1.02,0
69e1854db4ea42aaa31d6448,CP,adult,1.0499999999999998,1
6606d4f4acdc3a6b8200c0ee,CP,adult,1.5,1
646e4572cbed17f6bbacec12,CP,adult,1.05,1
5b0710e7a84dcf0001beee8a,CP,adult,1.0499999999999998,1
6978de0358edaccb1d2b58b6,CP,adult,1.25,1
69d5801af14cddbf0b60b59d,CP,adult,1.5,1
5e076480c4e1550e2114f006,CP,adult,1.05,0
69c973228d8daa01395a213f,CP,adult,1.25,1
63ed0392b8b24c34aaf26310,CP,adult,1.25,1
5ee5defbfe74a3000d106f51,CP,adult,1.05,0
6629658113ec221fd75635bb,CP,adult,1.05,1
63174af7d57182f9bf90c094,CP,adult,1.333332857142857,0
69d646c077f60a3e2654356b,CP,adult,1.25,1
6629497a938b0963356f7002,CP,adult,1.3333333333333333,1
5e20add2c4cd040512b39d63,CP,adult,1.333334,1
69c973228d8daa01395a213f,CP,adult,1.02,1
60dfd857e293a99dd577f4c8,CP,adult,1.5,1
5ee5defbfe74a3000d106f51,CP,adult,1.25,1
5dd2d8126ac608000a330132,CP,adult,1.0499999999999998,1
5c2bb9cc8c35040001a59dde,CP,adult,1.333332857142857,1
6606d4f4acdc3a6b8200c0ee,CP,adult,1.025,0
69333a16814ace7f717a154c,CP,adult,1.25,1
67a6c90646c86497e696b432,CP,adult,1.0333333333333334,1
5e076480c4e1550e2114f006,CP,adult,1.02,0
6978de0358edaccb1d2b58b6,CP,adult,1.25,1
6629658113ec221fd75635bb,CP,adult,1.25,1
69ccd28a681130791ee609f3,CP,adult,1.3333333333333333,1
6571d21081e5b7f488282b0c,CP,adult,1.5,0
69bc9120bf934fb513230785,CP,adult,1.033334,1
6978de0358edaccb1d2b58b6,CP,adult,1.05,1
5e20add2c4cd040512b39d63,CP,adult,1.02,0
5ee5defbfe74a3000d106f51,CP,adult,1.5,1
674cca92742faa4642a6e9c7,CP,adult,1.5,1
62c4d5821033848c1dc3667b,CP,adult,1.5,1
5e076480c4e1550e2114f006,CP,adult,1.025,1
5dd2d8126ac608000a330132,CP,adult,1.3333333333333333,1
5ee5defbfe74a3000d106f51,CP,adult,1.0499999999999998,1
69bc9120bf934fb513230785,CP,adult,1.3333333333333333,0
60b8f2c365ec36a3395896b6,CP,adult,1.25,1
69921bde43e69fd5d60ea256,CP,adult,1.025,1
5e076480c4e1550e2114f006,CP,adult,1.5,1
58584aa98604ae000165e633,CP,adult,1.333334,1
646e4572cbed17f6bbacec12,CP,adult,1.025,1
5dd2d8126ac608000a330132,CP,adult,1.02,0
6629497a938b0963356f7002,CP,adult,1.25,1
69b0b5440140899f769646c2,CP,adult,1.25,1
60b8f2c365ec36a3395896b6,CP,adult,1.25,1
62c4d5821033848c1dc3667b,CP,adult,1.02,1
5ee5defbfe74a3000d106f51,CP,adult,1.25,1
69bc9120bf934fb513230785,CP,adult,1.033334,1
69d646c077f60a3e2654356b,CP,adult,1.0499999999999998,1
67a6c90646c86497e696b432,CP,adult,1.25,1
698d20a041b53d5f1d94a807,CP,adult,1.25,1
5dd2d8126ac608000a330132,CP,adult,1.25,1
69a77124e0bf5562416bbd50,CP,adult,1.3333333333333333,1
646e4572cbed17f6bbacec12,CP,adult,1.02,1
69921bde43e69fd5d60ea256,CP,adult,1.025,1
67d1f6824f74bd16996512c0,CP,adult,1.333334,1
674cca92742faa4642a6e9c7,CP,adult,1.5,1
67a6c90646c86497e696b432,CP,adult,1.02,1
5dd2d8126ac608000a330132,CP,adult,1.025,1
646e4572cbed17f6bbacec12,CP,adult,1.033332857142857,1
69c973228d8daa01395a213f,CP,adult,1.05,0
6629497a938b0963356f7002,CP,adult,1.25,1
6606d4f4acdc3a6b8200c0ee,CP,adult,1.25,1
5e20add2c4cd040512b39d63,CP,adult,1.5,1
6629658113ec221fd75635bb,CP,adult,1.25,1
69921bde43e69fd5d60ea256,CP,adult,1.033332857142857,0
60dfd857e293a99dd577f4c8,CP,adult,1.02,0
69ccd28a681130791ee609f3,CP,adult,1.333332857142857,1
5b4991de56e0140001acb76b,CP,adult,1.5,1
69b0b5440140899f769646c2,CP,adult,1.333334,1
69bc9120bf934fb513230785,CP,adult,1.25,0
63174af7d57182f9bf90c094,CP,adult,1.333334,1
6562177a48308eebbb6359ea,CP,adult,1.25,1
6629497a938b0963356f7002,CP,adult,1.033332857142857,1
69333a16814ace7f717a154c,CP,adult,1.05,0
67d1f6824f74bd16996512c0,CP,adult,1.333332857142857,1
698d20a041b53d5f1d94a807,CP,adult,1.0499999999999998,1
5c2bb9cc8c35040001a59dde,CP,adult,1.25,1
58584aa98604ae000165e633,CP,adult,1.02,1
6629497a938b0963356f7002,CP,adult,1.25,1
6562177a48308eebbb6359ea,CP,adult,1.02,0
69333a16814ace7f717a154c,CP,adult,1.333334,1
67a6c90646c86497e696b432,CP,adult,1.02,0
69d5801af14cddbf0b60b59d,CP,adult,1.3333333333333333,1
593871d4536c28000168c04c,CP,adult,1.033332857142857,0
67d1f6824f74bd16996512c0,CP,adult,1.05,1
69a77124e0bf5562416bbd50,CP,adult,1.5,1
69333a16814ace7f717a154c,CP,adult,1.0333333333333334,0
5b0710e7a84dcf0001beee8a,CP,adult,1.25,1
6629658113ec221fd75635bb,CP,adult,1.0499999999999998,1
69d5801af14cddbf0b60b59d,CP,adult,1.025,1
5e076480c4e1550e2114f006,CP,adult,1.333334,1
69a77124e0bf5562416bbd50,CP,adult,1.3333333333333333,1
69ccd28a681130791ee609f3,CP,adult,1.25,0
5c2bb9cc8c35040001a59dde,CP,adult,1.3333333333333333,1
674cca92742faa4642a6e9c7,CP,adult,1.25,1
6629658113ec221fd75635bb,CP,adult,1.25,1
593871d4536c28000168c04c,CP,adult,1.25,1
58584aa98604ae000165e633,CP,adult,1.033334,0
5e20add2c4cd040512b39d63,CP,adult,1.05,1
69bc9120bf934fb513230785,CP,adult,1.25,1
60dfd857e293a99dd577f4c8,CP,adult,1.025,0
5edeea354d54cb1a825aa8f9,CP,adult,1.0333333333333334,1
69b0b5440140899f769646c2,CP,adult,1.05,0
62c4d5821033848c1dc3667b,CP,adult,1.033332857142857,0
5b0710e7a84dcf0001beee8a,CP,adult,1.02,1
5b4991de56e0140001acb76b,CP,adult,1.033332857142857,1
69b0b5440140899f769646c2,CP,adult,1.5,1
62c4d5821033848c1dc3667b,CP,adult,1.02,0
62cbf51439a76e8fccd8a495,CP,adult,1.025,1
69d646c077f60a3e2654356b,CP,adult,1.333332857142857,1
5b0710e7a84dcf0001beee8a,CP,adult,1.033334,1
5ee5defbfe74a3000d106f51,CP,adult,1.025,0
63174af7d57182f9bf90c094,CP,adult,1.5,1
674cca92742faa4642a6e9c7,CP,adult,1.02,0
6562177a48308eebbb6359ea,CP,adult,1.333334,1
5c2bb9cc8c35040001a59dde,CP,adult,1.05,1
69c973228d8daa01395a213f,CP,adult,1.3333333333333333,1
66a926551ab3748f5d5348aa,CP,adult,1.0499999999999998,0
5ee5defbfe74a3000d106f51,CP,adult,1.033332857142857,0
6606d4f4acdc3a6b8200c0ee,CP,adult,1.5,1
69d646c077f60a3e2654356b,CP,adult,1.25,1
6571d21081e5b7f488282b0c,CP,adult,1.25,0
69a6dcc891788001618382c4,CP,adult,1.033332857142857,0
6629497a938b0963356f7002,CP,adult,1.0333333333333334,1
6606d4f4acdc3a6b8200c0ee,CP,adult,1.25,1
67a6c90646c86497e696b432,CP,adult,1.333334,1
5b0710e7a84dcf0001beee8a,CP,adult,1.02,0
60dfd857e293a99dd577f4c8,CP,adult,1.333334,1
58584aa98604ae000165e633,CP,adult,1.025,1
6629497a938b0963356f7002,CP,adult,1.25,1
6629658113ec221fd75635bb,CP,adult,1.025,0
698d20a041b53d5f1d94a807,CP,adult,1.333334,1
5edeea354d54cb1a825aa8f9,CP,adult,1.05,1
60dfd857e293a99dd577f4c8,CP,adult,1.025,0
69d646c077f60a3e2654356b,CP,adult,1.25,1
69e1854db4ea42aaa31d6448,CP,adult,1.025,0
69a6dcc891788001618382c4,CP,adult,1.0333333333333334,0
69921bde43e69fd5d60ea256,CP,adult,1.05,1
5c2bb9cc8c35040001a59dde,CP,adult,1.025,0
69b0b5440140899f769646c2,CP,adult,1.033332857142857,1
6562177a48308eebbb6359ea,CP,adult,1.5,1
5ee5defbfe74a3000d106f51,CP,adult,1.025,1
5e20add2c4cd040512b39d63,CP,adult,1.333332857142857,1
5b4991de56e0140001acb76b,CP,adult,1.5,1
593871d4536c28000168c04c,CP,adult,1.02,0
5dd2d8126ac608000a330132,CP,adult,1.025,1
65cb86a7e667e637599a3af3,CP,adult,1.033332857142857,1
62c4d5821033848c1dc3667b,CP,adult,1.25,1
69b0b5440140899f769646c2,CP,adult,1.25,1
5ee5defbfe74a3000d106f51,CP,adult,1.5,1
58584aa98604ae000165e633,CP,adult,1.0499999999999998,1
69a77124e0bf5562416bbd50,CP,adult,1.333332857142857,1
67d1f6824f74bd16996512c0,CP,adult,1.033334,1
60dfd857e293a99dd577f4c8,CP,adult,1.25,1
5b0710e7a84dcf0001beee8a,CP,adult,1.02,1
65cb86a7e667e637599a3af3,CP,adult,1.05,1
6053e01a6a8e8516ba7d47a7,CP,adult,1.25,1
5f2ea9c0a638c92312e4ae5c,CP,adult,1.25,1
69921bde43e69fd5d60ea256,CP,adult,1.033334,1
5e076480c4e1550e2114f006,CP,adult,1.25,1
62cbf51439a76e8fccd8a495,CP,adult,1.02,0
69a77124e0bf5562416bbd50,CP,adult,1.5,1
6571d21081e5b7f488282b0c,CP,adult,1.033332857142857,0
6629658113ec221fd75635bb,CP,adult,1.333332857142857,1
5b4991de56e0140001acb76b,CP,adult,1.02,0
5edeea354d54cb1a825aa8f9,CP,adult,1.025,1
5b0710e7a84dcf0001beee8a,CP,adult,1.05,1
6978de0358edaccb1d2b58b6,CP,adult,1.5,1
5f2ea9c0a638c92312e4ae5c,CP,adult,1.02,1
69a6dcc891788001618382c4,CP,adult,1.0499999999999998,0
69b0b5440140899f769646c2,CP,adult,1.025,0
5e076480c4e1550e2114f006,CP,adult,1.0333333333333334,1
698d20a041b53d5f1d94a807,CP,adult,1.25,1
69d646c077f60a3e2654356b,CP,adult,1.333334,1
69a77124e0bf5562416bbd50,CP,adult,1.333334,1
5dd2d8126ac608000a330132,CP,adult,1.02,1
69e1854db4ea42aaa31d6448,CP,adult,1.25,1
674cca92742faa4642a6e9c7,CP,adult,1.333332857142857,1
69a6dcc891788001618382c4,CP,adult,1.02,0
67d1f6824f74bd16996512c0,CP,adult,1.05,1
69b0b5440140899f769646c2,CP,adult,1.025,1
62c4d5821033848c1dc3667b,CP,adult,1.3333333333333333,1
6053e01a6a8e8516ba7d47a7,CP,adult,1.25,1
69a77124e0bf5562416bbd50,CP,adult,1.25,1
5e20add2c4cd040512b39d63,CP,adult,1.25,1
69c973228d8daa01395a213f,CP,adult,1.025,1
5ee5defbfe74a3000d106f51,CP,adult,1.05,0
5dd2d8126ac608000a330132,CP,adult,1.5,1
69333a16814ace7f717a154c,CP,adult,1.033332857142857,1
6629658113ec221fd75635bb,CP,adult,1.025,1
674cca92742faa4642a6e9c7,CP,adult,1.02,0
67d1f6824f74bd16996512c0,CP,adult,1.033334,0
5e076480c4e1550e2114f006,CP,adult,1.333334,1
646e4572cbed17f6bbacec12,CP,adult,1.025,0
69a77124e0bf5562416bbd50,CP,adult,1.25,1
5edeea354d54cb1a825aa8f9,CP,adult,1.02,0
69333a16814ace7f717a154c,CP,adult,1.025,0
69a6dcc891788001618382c4,CP,adult,1.025,1
66a926551ab3748f5d5348aa,CP,adult,1.033332857142857,1
63ed0392b8b24c34aaf26310,CP,adult,1.05,0
5c2bb9cc8c35040001a59dde,CP,adult,1.025,0
5f2ea9c0a638c92312e4ae5c,CP,adult,1.02,0
69c973228d8daa01395a213f,CP,adult,1.0499999999999998,0
5e076480c4e1550e2114f006,CP,adult,1.25,1
6562177a48308eebbb6359ea,CP,adult,1.033334,1
62cbf51439a76e8fccd8a495,CP,adult,1.033334,1
69a6dcc891788001618382c4,CP,adult,1.025,0
66a926551ab3748f5d5348aa,CP,adult,1.25,1
5b4991de56e0140001acb76b,CP,adult,1.5,1
6629658113ec221fd75635bb,CP,adult,1.025,1
63ed0392b8b24c34aaf26310,CP,adult,1.05,1
5dd2d8126ac608000a330132,CP,adult,1.3333333333333333,1
5ee5defbfe74a3000d106f51,CP,adult,1.5,1
69e1854db4ea42aaa31d6448,CP,adult,1.033334,0
62c4d5821033848c1dc3667b,CP,adult,1.02,1
69a6dcc891788001618382c4,CP,adult,1.0333333333333334,1
58584aa98604ae000165e633,CP,adult,1.3333333333333333,1
5e20add2c4cd040512b39d63,CP,adult,1.02,1
593871d4536c28000168c04c,CP,adult,1.333332857142857,1
65cb86a7e667e637599a3af3,CP,adult,1.25,1
69d5801af14cddbf0b60b59d,CP,adult,1.3333333333333333,1
674cca92742faa4642a6e9c7,CP,adult,1.333332857142857,1
6571d21081e5b7f488282b0c,CP,adult,1.05,1
62cbf51439a76e8fccd8a495,CP,adult,1.033332857142857,0
62c4d5821033848c1dc3667b,CP,adult,1.02,0
69333a16814ace7f717a154c,CP,adult,1.333334,1
5e20add2c4cd040512b39d63,CP,adult,1.025,1
5c2bb9cc8c35040001a59dde,CP,adult,1.02,0
6978de0358edaccb1d2b58b6,CP,adult,1.3333333333333333,1
62cbf51439a76e8fccd8a495,CP,adult,1.02,1
69c973228d8daa01395a213f,CP,adult,1.02,1
646e4572cbed17f6bbacec12,CP,adult,1.025,1
66a926551ab3748f5d5348aa,CP,adult,1.025,1
5b4991de56e0140001acb76b,CP,adult,1.025,1
65cb86a7e667e637599a3af3,CP,adult,1.02,1
5e076480c4e1550e2114f006,CP,adult,1.05,1
6562177a48308eebbb6359ea,CP,adult,1.0499999999999998,1
67a6c90646c86497e696b432,CP,adult,1.333334,1
62cbf51439a76e8fccd8a495,CP,adult,1.333334,1
6606d4f4acdc3a6b8200c0ee,CP,adult,1.5,0
646e4572cbed17f6bbacec12,CP,adult,1.0499999999999998,1
63174af7d57182f9bf90c094,CP,adult,1.0333333333333334,0
65cb86a7e667e637599a3af3,CP,adult,1.02,1
698d20a041b53d5f1d94a807,CP,adult,1.025,0
6571d21081e5b7f488282b0c,CP,adult,1.0499999999999998,1
62cbf51439a76e8fccd8a495,CP,adult,1.25,0
69e1854db4ea42aaa31d6448,CP,adult,1.02,0
6606d4f4acdc3a6b8200c0ee,CP,adult,1.05,1
6053e01a6a8e8516ba7d47a7,CP,adult,1.25,1
6978de0358edaccb1d2b58b6,CP,adult,1.25,0
63174af7d57182f9bf90c094,CP,adult,1.5,1
674cca92742faa4642a6e9c7,CP,adult,1.3333333333333333,1
698d20a041b53d5f1d94a807,CP,adult,1.333332857142857,1
67a6c90646c86497e696b432,CP,adult,1.0333333333333334,0
6629497a938b0963356f7002,CP,adult,1.3333333333333333,1
69d646c077f60a3e2654356b,CP,adult,1.333332857142857,1
63174af7d57182f9bf90c094,CP,adult,1.5,1
646e4572cbed17f6bbacec12,CP,adult,1.025,1
69b0b5440140899f769646c2,CP,adult,1.5,1
674cca92742faa4642a6e9c7,CP,adult,1.5,1
698d20a041b53d5f1d94a807,CP,adult,1.033334,0
6629497a938b0963356f7002,CP,adult,1.5,1
63174af7d57182f9bf90c094,CP,adult,1.5,1
69d646c077f60a3e2654356b,CP,adult,1.5,1
63ed0392b8b24c34aaf26310,CP,adult,1.25,1
6606d4f4acdc3a6b8200c0ee,CP,adult,1.5,1
5ee5defbfe74a3000d106f51,CP,adult,1.5,1
6562177a48308eebbb6359ea,CP,adult,1.5,1
69333a16814ace7f717a154c,CP,adult,1.025,0
5c2bb9cc8c35040001a59dde,CP,adult,1.033332857142857,1
63ed0392b8b24c34aaf26310,CP,adult,1.0499999999999998,1
69ccd28a681130791ee609f3,CP,adult,1.333332857142857,1
6562177a48308eebbb6359ea,CP,adult,1.5,1
69d5801af14cddbf0b60b59d,CP,adult,1.5,1
5ee5defbfe74a3000d106f51,CP,adult,1.25,1
69921bde43e69fd5d60ea256,CP,adult,1.02,0
69333a16814ace7f717a154c,CP,adult,1.5,1
63174af7d57182f9bf90c094,CP,adult,1.033332857142857,1
5c2bb9cc8c35040001a59dde,CP,adult,1.0333333333333334,1
593871d4536c28000168c04c,CP,adult,1.5,1
63ed0392b8b24c34aaf26310,CP,adult,1.033334,0
69ccd28a681130791ee609f3,CP,adult,1.25,1
6978de0358edaccb1d2b58b6,CP,adult,1.5,1
5b0710e7a84dcf0001beee8a,CP,adult,1.05,1
69d5801af14cddbf0b60b59d,CP,adult,1.25,1
66a926551ab3748f5d5348aa,CP,adult,1.25,1
6629497a938b0963356f7002,CP,adult,1.02,1
5b4991de56e0140001acb76b,CP,adult,1.3333333333333333,1
62c4d5821033848c1dc3667b,CP,adult,1.5,1
58584aa98604ae000165e633,CP,adult,1.02,0
67a6c90646c86497e696b432,CP,adult,1.25,1
69c973228d8daa01395a213f,CP,adult,1.25,0
69ccd28a681130791ee609f3,CP,adult,1.25,1
69d646c077f60a3e2654356b,CP,adult,1.333332857142857,1
5b0710e7a84dcf0001beee8a,CP,adult,1.05,1
69d5801af14cddbf0b60b59d,CP,adult,1.25,1
6629497a938b0963356f7002,CP,adult,1.5,1
60dfd857e293a99dd577f4c8,CP,adult,1.025,1
6629658113ec221fd75635bb,CP,adult,1.02,1
69921bde43e69fd5d60ea256,CP,adult,1.05,1
646e4572cbed17f6bbacec12,CP,adult,1.0499999999999998,1
69e1854db4ea42aaa31d6448,CP,adult,1.25,1
69ccd28a681130791ee609f3,CP,adult,1.5,1
69333a16814ace7f717a154c,CP,adult,1.25,0
5e20add2c4cd040512b39d63,CP,adult,1.0333333333333334,1
5edeea354d54cb1a825aa8f9,CP,adult,1.025,0
69d5801af14cddbf0b60b59d,CP,adult,1.02,1
6606d4f4acdc3a6b8200c0ee,CP,adult,1.05,1
6978de0358edaccb1d2b58b6,CP,adult,1.25,1
69c973228d8daa01395a213f,CP,adult,1.0333333333333334,0
6562177a48308eebbb6359ea,CP,adult,1.5,1
66b48f832db507439d6ca2a2,CP,adult,1.5,1
69333a16814ace7f717a154c,CP,adult,1.025,1
67a6c90646c86497e696b432,CP,adult,1.25,1
69ccd28a681130791ee609f3,CP,adult,1.025,0
66a926551ab3748f5d5348aa,CP,adult,1.02,0
67d1f6824f74bd16996512c0,CP,adult,1.25,1
646e4572cbed17f6bbacec12,CP,adult,1.02,1
69b0b5440140899f769646c2,CP,adult,1.033334,0
60dfd857e293a99dd577f4c8,CP,adult,1.033332857142857,0
5e076480c4e1550e2114f006,CP,adult,1.5,1
6629497a938b0963356f7002,CP,adult,1.3333333333333333,1
66b48f832db507439d6ca2a2,CP,adult,1.025,0
69a77124e0bf5562416bbd50,CP,adult,1.333334,1
6571d21081e5b7f488282b0c,CP,adult,1.025,1
646e4572cbed17f6bbacec12,CP,adult,1.333332857142857,1
6978de0358edaccb1d2b58b6,CP,adult,1.25,1
6606d4f4acdc3a6b8200c0ee,CP,adult,1.033334,1
6629658113ec221fd75635bb,CP,adult,1.05,1
6571d21081e5b7f488282b0c,CP,adult,1.333332857142857,1
65cb86a7e667e637599a3af3,CP,adult,1.033332857142857,0
62cbf51439a76e8fccd8a495,CP,adult,1.05,1
69d5801af14cddbf0b60b59d,CP,adult,1.05,1
5b4991de56e0140001acb76b,CP,adult,1.02,1
6978de0358edaccb1d2b58b6,CP,adult,1.25,1
66b48f832db507439d6ca2a2,CP,adult,1.033334,0
67a6c90646c86497e696b432,CP,adult,1.25,1
666ca8f24bc3a8e75b8f6ee2,CP,adult,1.02,0
69a6dcc891788001618382c4,CP,adult,1.025,1
6571d21081e5b7f488282b0c,CP,adult,1.02,1
5dd2d8126ac608000a330132,CP,adult,1.05,1
6606d4f4acdc3a6b8200c0ee,CP,adult,1.02,1
646e4572cbed17f6bbacec12,CP,adult,1.05,0
69921bde43e69fd5d60ea256,CP,adult,1.025,1
69a6dcc891788001618382c4,CP,adult,1.5,1
66b48f832db507439d6ca2a2,CP,adult,1.0333333333333334,1
69d646c077f60a3e2654356b,CP,adult,1.02,0
698d20a041b53d5f1d94a807,CP,adult,1.5,1
5ee5defbfe74a3000d106f51,CP,adult,1.3333333333333333,1
62cbf51439a76e8fccd8a495,CP,adult,1.5,1
5e20add2c4cd040512b39d63,CP,adult,1.025,0
69a6dcc891788001618382c4,CP,adult,1.25,1
65cb86a7e667e637599a3af3,CP,adult,1.5,1
69c973228d8daa01395a213f,CP,adult,1.5,1
5dd2d8126ac608000a330132,CP,adult,1.033332857142857,1
5f2ea9c0a638c92312e4ae5c,CP,adult,1.3333333333333333,1
5c2bb9cc8c35040001a59dde,CP,adult,1.02,1
69d5801af14cddbf0b60b59d,CP,adult,1.5,1
674cca92742faa4642a6e9c7,CP,adult,1.0499999999999998,0
5edeea354d54cb1a825aa8f9,CP,adult,1.025,0
5f5452df72345118f58d187b,CP,adult,1.5,1
62c4d5821033848c1dc3667b,CP,adult,1.3333333333333333,1
646e4572cbed17f6bbacec12,CP,adult,1.333334,1
65cb86a7e667e637599a3af3,CP,adult,1.5,1
6053e01a6a8e8516ba7d47a7,CP,adult,1.02,1
69c973228d8daa01395a213f,CP,adult,1.25,1
69b0b5440140899f769646c2,CP,adult,1.033332857142857,1
69921bde43e69fd5d60ea256,CP,adult,1.033334,1
62c4d5821033848c1dc3667b,CP,adult,1.333334,1
69c973228d8daa01395a213f,CP,adult,1.033332857142857,1
5ee5defbfe74a3000d106f51,CP,adult,1.3333333333333333,0
65cb86a7e667e637599a3af3,CP,adult,1.033332857142857,1
6744d143eddffd17d345b192,CP,adult,1.05,1
62cbf51439a76e8fccd8a495,CP,adult,1.5,1
5b0710e7a84dcf0001beee8a,CP,adult,1.0499999999999998,1
62c4d5821033848c1dc3667b,CP,adult,1.333334,1
69df23ac93fc5d13e11baf05,CP,adult,1.0499999999999998,1
69c973228d8daa01395a213f,CP,adult,1.05,1
69d646c077f60a3e2654356b,CP,adult,1.5,1
69333a16814ace7f717a154c,CP,adult,1.25,1
674cca92742faa4642a6e9c7,CP,adult,1.033334,0
63ed0392b8b24c34aaf26310,CP,adult,1.025,1
62c4d5821033848c1dc3667b,CP,adult,1.25,1
5f2ea9c0a638c92312e4ae5c,CP,adult,1.033334,1
69c973228d8daa01395a213f,CP,adult,1.25,1
65cb86a7e667e637599a3af3,CP,adult,1.025,1
6562177a48308eebbb6359ea,CP,adult,1.333334,1
69e1854db4ea42aaa31d6448,CP,adult,1.25,1
6744d143eddffd17d345b192,CP,adult,1.02,1
66b48f832db507439d6ca2a2,CP,adult,1.05,0
698d20a041b53d5f1d94a807,CP,adult,1.025,0
67a6c90646c86497e696b432,CP,adult,1.333332857142857,1
69333a16814ace7f717a154c,CP,adult,1.5,1
6562177a48308eebbb6359ea,CP,adult,1.025,1
69ba05f19ad964237758de7b,CP,adult,1.0499999999999998,0
63ed0392b8b24c34aaf26310,CP,adult,1.5,1
5dd2d8126ac608000a330132,CP,adult,1.25,1
67d1f6824f74bd16996512c0,CP,adult,1.033334,1
69921bde43e69fd5d60ea256,CP,adult,1.02,0
67a6c90646c86497e696b432,CP,adult,1.5,1
5f2ea9c0a638c92312e4ae5c,CP,adult,1.025,0
5b4991de56e0140001acb76b,CP,adult,1.333332857142857,1
5c2bb9cc8c35040001a59dde,CP,adult,1.033332857142857,1
66b48f832db507439d6ca2a2,CP,adult,1.0333333333333334,0
69d646c077f60a3e2654356b,CP,adult,1.333334,1
6629497a938b0963356f7002,CP,adult,1.02,1
6562177a48308eebbb6359ea,CP,adult,1.333332857142857,1
6629658113ec221fd75635bb,CP,adult,1.025,0
5f5452df72345118f58d187b,CP,adult,1.05,1
5e20add2c4cd040512b39d63,CP,adult,1.3333333333333333,1
69a6dcc891788001618382c4,CP,adult,1.25,1
6744d143eddffd17d345b192,CP,adult,1.025,1
69ba05f19ad964237758de7b,CP,adult,1.333334,1
5b0710e7a84dcf0001beee8a,CP,adult,1.333334,1
698d20a041b53d5f1d94a807,CP,adult,1.025,0
69e1854db4ea42aaa31d6448,CP,adult,1.05,0
69333a16814ace7f717a154c,CP,adult,1.25,1
63ed0392b8b24c34aaf26310,CP,adult,1.5,1
69921bde43e69fd5d60ea256,CP,adult,1.25,0
674cca92742faa4642a6e9c7,CP,adult,1.033334,0
5dd2d8126ac608000a330132,CP,adult,1.025,1
63174af7d57182f9bf90c094,CP,adult,1.5,1
67a6c90646c86497e696b432,CP,adult,1.0499999999999998,0
66a926551ab3748f5d5348aa,CP,adult,1.5,1
69d646c077f60a3e2654356b,CP,adult,1.5,1
69ccd28a681130791ee609f3,CP,adult,1.025,0
69d5801af14cddbf0b60b59d,CP,adult,1.025,0
674cca92742faa4642a6e9c7,CP,adult,1.25,1
67d1f6824f74bd16996512c0,CP,adult,1.25,1
5f2ea9c0a638c92312e4ae5c,CP,adult,1.05,1
69e1854db4ea42aaa31d6448,CP,adult,1.02,0
60dfd857e293a99dd577f4c8,CP,adult,1.25,0
593871d4536c28000168c04c,CP,adult,1.333332857142857,1
5ee5defbfe74a3000d106f51,CP,adult,1.333332857142857,1
5dd2d8126ac608000a330132,CP,adult,1.02,1
69a6dcc891788001618382c4,CP,adult,1.333332857142857,1
5b7bc048338a93000155167e,CP,adult,1.25,1
5b0710e7a84dcf0001beee8a,CP,adult,1.02,1
698d20a041b53d5f1d94a807,CP,adult,1.033334,1
5ee5defbfe74a3000d106f51,CP,adult,1.5,1
5e20add2c4cd040512b39d63,CP,adult,1.25,1
62cbf51439a76e8fccd8a495,CP,adult,1.02,0
5c2bb9cc8c35040001a59dde,CP,adult,1.025,0
6629658113ec221fd75635bb,CP,adult,1.025,0
63ed0392b8b24c34aaf26310,CP,adult,1.025,0
5ee5defbfe74a3000d106f51,CP,adult,1.0499999999999998,1
5b7bc048338a93000155167e,CP,adult,1.025,0
6629497a938b0963356f7002,CP,adult,1.0333333333333334,1
5e20add2c4cd040512b39d63,CP,adult,1.25,1
5b4991de56e0140001acb76b,CP,adult,1.25,1
6744d143eddffd17d345b192,CP,adult,1.05,1
593871d4536c28000168c04c,CP,adult,1.25,1
6053e01a6a8e8516ba7d47a7,CP,adult,1.333334,1
674cca92742faa4642a6e9c7,CP,adult,1.25,1
6562177a48308eebbb6359ea,CP,adult,1.5,1
6629658113ec221fd75635bb,CP,adult,1.3333333333333333,1
5edeea354d54cb1a825aa8f9,CP,adult,1.333334,1
69ccd28a681130791ee609f3,CP,adult,1.033332857142857,1
69df23ac93fc5d13e11baf05,CP,adult,1.05,1
6053e01a6a8e8516ba7d47a7,CP,adult,1.0499999999999998,0
6571d21081e5b7f488282b0c,CP,adult,1.02,1
646e4572cbed17f6bbacec12,CP,adult,1.033334,0
63ed0392b8b24c34aaf26310,CP,adult,1.02,0
65cb86a7e667e637599a3af3,CP,adult,1.033334,1
69d646c077f60a3e2654356b,CP,adult,1.5,1
646d238ec077fb64c0294bd8,CP,adult,1.333334,1
6629658113ec221fd75635bb,CP,adult,1.02,1
5f2ea9c0a638c92312e4ae5c,CP,adult,1.5,1
5b4991de56e0140001acb76b,CP,adult,1.02,1
69333a16814ace7f717a154c,CP,adult,1.5,1
67c74ce85a53a3888145adfd,CP,adult,1.02,0
67d1f6824f74bd16996512c0,CP,adult,1.333334,1
62cbf51439a76e8fccd8a495,CP,adult,1.5,1
67a6c90646c86497e696b432,CP,adult,1.5,1
698d20a041b53d5f1d94a807,CP,adult,1.333334,1
69e1854db4ea42aaa31d6448,CP,adult,1.02,1
6053e01a6a8e8516ba7d47a7,CP,adult,1.0333333333333334,1
58584aa98604ae000165e633,CP,adult,1.3333333333333333,1
5e20add2c4cd040512b39d63,CP,adult,1.0499999999999998,1
5b4991de56e0140001acb76b,CP,adult,1.025,0
63ed0392b8b24c34aaf26310,CP,adult,1.0333333333333334,1
6562177a48308eebbb6359ea,CP,adult,1.025,1
6629497a938b0963356f7002,CP,adult,1.0333333333333334,1
5edeea354d54cb1a825aa8f9,CP,adult,1.25,1
69a6dcc891788001618382c4,CP,adult,1.02,0
63174af7d57182f9bf90c094,CP,adult,1.5,1
69b0b5440140899f769646c2,CP,adult,1.025,0
698d20a041b53d5f1d94a807,CP,adult,1.5,1
66b48f832db507439d6ca2a2,CP,adult,1.02,1
69921bde43e69fd5d60ea256,CP,adult,1.0499999999999998,0
67a6c90646c86497e696b432,CP,adult,1.0333333333333334,1
69a77124e0bf5562416bbd50,CP,adult,1.0333333333333334,1
66a926551ab3748f5d5348aa,CP,adult,1.033334,1
646e4572cbed17f6bbacec12,CP,adult,1.05,0
6053e01a6a8e8516ba7d47a7,CP,adult,1.333334,1
5e20add2c4cd040512b39d63,CP,adult,1.3333333333333333,1
6571d21081e5b7f488282b0c,CP,adult,1.5,0
6629497a938b0963356f7002,CP,adult,1.025,0
58584aa98604ae000165e633,CP,adult,1.25,1
6562177a48308eebbb6359ea,CP,adult,1.25,1
63174af7d57182f9bf90c094,CP,adult,1.5,1
69e1854db4ea42aaa31d6448,CP,adult,1.033334,1
6629658113ec221fd75635bb,CP,adult,1.3333333333333333,1
6606d4f4acdc3a6b8200c0ee,CP,adult,1.05,0
60dfd857e293a99dd577f4c8,CP,adult,1.333332857142857,1
6744d143eddffd17d345b192,CP,adult,1.0333333333333334,0
69b0b5440140899f769646c2,CP,adult,1.25,1
6571d21081e5b7f488282b0c,CP,adult,1.25,1
5edeea354d54cb1a825aa8f9,CP,adult,1.5,1
646e4572cbed17f6bbacec12,CP,adult,1.025,0
69921bde43e69fd5d60ea256,CP,adult,1.05,0
67d1f6824f74bd16996512c0,CP,adult,1.025,1
69df23ac93fc5d13e11baf05,CP,adult,1.333334,1
6629497a938b0963356f7002,CP,adult,1.02,0
593871d4536c28000168c04c,CP,adult,1.3333333333333333,1
69333a16814ace7f717a154c,CP,adult,1.5,1
66a926551ab3748f5d5348aa,CP,adult,1.025,0
69ccd28a681130791ee609f3,CP,adult,1.033334,1
69d646c077f60a3e2654356b,CP,adult,1.05,1
5b4991de56e0140001acb76b,CP,adult,1.05,1
6053e01a6a8e8516ba7d47a7,CP,adult,1.05,1
69d5801af14cddbf0b60b59d,CP,adult,1.333334,1
60dfd857e293a99dd577f4c8,CP,adult,1.5,1
5b0710e7a84dcf0001beee8a,CP,adult,1.5,1
58584aa98604ae000165e633,CP,adult,1.333332857142857,1
69b0b5440140899f769646c2,CP,adult,1.5,1
62c4d5821033848c1dc3667b,CP,adult,1.025,1
65cb86a7e667e637599a3af3,CP,adult,1.25,1
69e1854db4ea42aaa31d6448,CP,adult,1.5,1
6629658113ec221fd75635bb,CP,adult,1.02,1
66a926551ab3748f5d5348aa,CP,adult,1.02,1
69d5801af14cddbf0b60b59d,CP,adult,1.3333333333333333,1
5b0710e7a84dcf0001beee8a,CP,adult,1.333332857142857,1
6629497a938b0963356f7002,CP,adult,1.025,0
58584aa98604ae000165e633,CP,adult,1.02,0
69c973228d8daa01395a213f,CP,adult,1.02,0
5b7bc048338a93000155167e,CP,adult,1.25,1
63ed0392b8b24c34aaf26310,CP,adult,1.25,1
69ba05f19ad964237758de7b,CP,adult,1.0499999999999998,1
69b0b5440140899f769646c2,CP,adult,1.333334,1
69921bde43e69fd5d60ea256,CP,adult,1.025,1
62c4d5821033848c1dc3667b,CP,adult,1.025,1
5b11afecc85dc40001621432,CP,adult,1.025,0
593871d4536c28000168c04c,CP,adult,1.5,1
6606d4f4acdc3a6b8200c0ee,CP,adult,1.0333333333333334,1
6629497a938b0963356f7002,CP,adult,1.02,1
666ca8f24bc3a8e75b8f6ee2,CP,adult,1.3333333333333333,1
67a6c90646c86497e696b432,CP,adult,1.5,1
69c973228d8daa01395a213f,CP,adult,1.025,1
5dd2d8126ac608000a330132,CP,adult,1.25,1
60dfd857e293a99dd577f4c8,CP,adult,1.5,1
5e20add2c4cd040512b39d63,CP,adult,1.033334,0
69333a16814ace7f717a154c,CP,adult,1.5,1
6629497a938b0963356f7002,CP,adult,1.05,1
6629658113ec221fd75635bb,CP,adult,1.0499999999999998,1
69d646c077f60a3e2654356b,CP,adult,1.025,0
5b0710e7a84dcf0001beee8a,CP,adult,1.25,1
69e1854db4ea42aaa31d6448,CP,adult,1.0499999999999998,1
62c4d5821033848c1dc3667b,CP,adult,1.033334,0
5e20add2c4cd040512b39d63,CP,adult,1.05,1
58584aa98604ae000165e633,CP,adult,1.5,1
62cbf51439a76e8fccd8a495,CP,adult,1.5,1
69c973228d8daa01395a213f,CP,adult,1.02,0
5c2bb9cc8c35040001a59dde,CP,adult,1.05,0
69b0b5440140899f769646c2,CP,adult,1.5,1
69d646c077f60a3e2654356b,CP,adult,1.05,1
65cb86a7e667e637599a3af3,CP,adult,1.0499999999999998,1
6562177a48308eebbb6359ea,CP,adult,1.333334,1
593871d4536c28000168c04c,CP,adult,1.25,1
5a0f46bb7542890001aa7503,CP,adult,1.025,1
63ed0392b8b24c34aaf26310,CP,adult,1.05,1
66b48f832db507439d6ca2a2,CP,adult,1.05,0
674cca92742faa4642a6e9c7,CP,adult,1.3333333333333333,1
65cb86a7e667e637599a3af3,CP,adult,1.3333333333333333,0
6562177a48308eebbb6359ea,CP,adult,1.25,1
69a6dcc891788001618382c4,CP,adult,1.5,1
5f2ea9c0a638c92312e4ae5c,CP,adult,1.25,1
69ccd28a681130791ee609f3,CP,adult,1.02,0
63ed0392b8b24c34aaf26310,CP,adult,1.25,1
69df23ac93fc5d13e11baf05,CP,adult,1.05,0
6744d143eddffd17d345b192,CP,adult,1.0333333333333334,0
674cca92742faa4642a6e9c7,CP,adult,1.025,1
5f2ea9c0a638c92312e4ae5c,CP,adult,1.05,1
5b11afecc85dc40001621432,CP,adult,1.033332857142857,1
69df23ac93fc5d13e11baf05,CP,adult,1.333332857142857,1
5c2bb9cc8c35040001a59dde,CP,adult,1.02,0
6606d4f4acdc3a6b8200c0ee,CP,adult,1.25,0
5edeea354d54cb1a825aa8f9,CP,adult,1.02,1
62c4d5821033848c1dc3667b,CP,adult,1.033334,1
69333a16814ace7f717a154c,CP,adult,1.025,1
60dfd857e293a99dd577f4c8,CP,adult,1.025,0
646e4572cbed17f6bbacec12,CP,adult,1.033334,0
6571d21081e5b7f488282b0c,CP,adult,1.25,1
66a926551ab3748f5d5348aa,CP,adult,1.25,1
646d238ec077fb64c0294bd8,CP,adult,1.25,1
698d20a041b53d5f1d94a807,CP,adult,1.02,1
674cca92742faa4642a6e9c7,CP,adult,1.5,1
60dfd857e293a99dd577f4c8,CP,adult,1.02,1
5b4991de56e0140001acb76b,CP,adult,1.25,1
5ee5defbfe74a3000d106f51,CP,adult,1.5,1
5b7bc048338a93000155167e,CP,adult,1.333332857142857,1
66b48f832db507439d6ca2a2,CP,adult,1.02,0
69b0b5440140899f769646c2,CP,adult,1.05,1
69ccd28a681130791ee609f3,CP,adult,1.025,0
69df23ac93fc5d13e11baf05,CP,adult,1.025,1
5b11afecc85dc40001621432,CP,adult,1.033332857142857,0
6606d4f4acdc3a6b8200c0ee,CP,adult,1.25,1
58584aa98604ae000165e633,CP,adult,1.333332857142857,1
6562177a48308eebbb6359ea,CP,adult,1.5,1
69d5801af14cddbf0b60b59d,CP,adult,1.5,0
593871d4536c28000168c04c,CP,adult,1.5,1
698d20a041b53d5f1d94a807,CP,adult,1.25,1
5edeea354d54cb1a825aa8f9,CP,adult,1.02,0
65cb86a7e667e637599a3af3,CP,adult,1.333334,1
69ccd28a681130791ee609f3,CP,adult,1.02,0
69921bde43e69fd5d60ea256,CP,adult,1.0333333333333334,0
646e4572cbed17f6bbacec12,CP,adult,1.25,1
674cca92742faa4642a6e9c7,CP,adult,1.02,0
5b0710e7a84dcf0001beee8a,CP,adult,1.5,1
646d238ec077fb64c0294bd8,CP,adult,1.02,0
5f2ea9c0a638c92312e4ae5c,CP,adult,1.02,1
5ee5defbfe74a3000d106f51,CP,adult,1.333334,0
69c973228d8daa01395a213f,CP,adult,1.02,1
646e4572cbed17f6bbacec12,CP,adult,1.25,0
5c2bb9cc8c35040001a59dde,CP,adult,1.25,1
69d646c077f60a3e2654356b,CP,adult,1.0333333333333334,1
646e4572cbed17f6bbacec12,CP,adult,1.02,0
650b03136ab3d4c832d98b71,CP,adult,1.05,1
5ee5defbfe74a3000d106f51,CP,adult,1.333332857142857,0
646d238ec077fb64c0294bd8,CP,adult,1.05,1
6571d21081e5b7f488282b0c,CP,adult,1.05,1
69c973228d8daa01395a213f,CP,adult,1.5,1
62cbf51439a76e8fccd8a495,CP,adult,1.025,0
69ccd28a681130791ee609f3,CP,adult,1.025,1
646e4572cbed17f6bbacec12,CP,adult,1.05,0
646d238ec077fb64c0294bd8,CP,adult,1.0333333333333334,0
69b0b5440140899f769646c2,CP,adult,1.25,1
69a6dcc891788001618382c4,CP,adult,1.5,1
65cb86a7e667e637599a3af3,CP,adult,1.025,1
5b11afecc85dc40001621432,CP,adult,1.025,1
69e1854db4ea42aaa31d6448,CP,adult,1.5,1
6606d4f4acdc3a6b8200c0ee,CP,adult,1.033334,1
69d5801af14cddbf0b60b59d,CP,adult,1.025,0
6744d143eddffd17d345b192,CP,adult,1.02,0
5b0710e7a84dcf0001beee8a,CP,adult,1.5,1
67a6c90646c86497e696b432,CP,adult,1.025,0
62cbf51439a76e8fccd8a495,CP,adult,1.25,1
69e1854db4ea42aaa31d6448,CP,adult,1.02,0
58584aa98604ae000165e633,CP,adult,1.02,0
67d1f6824f74bd16996512c0,CP,adult,1.05,0
6571d21081e5b7f488282b0c,CP,adult,1.02,1
6562177a48308eebbb6359ea,CP,adult,1.025,1
69921bde43e69fd5d60ea256,CP,adult,1.033334,0
62cbf51439a76e8fccd8a495,CP,adult,1.02,1
5ee5defbfe74a3000d106f51,CP,adult,1.05,1
6571d21081e5b7f488282b0c,CP,adult,1.25,0
69a6dcc891788001618382c4,CP,adult,1.0499999999999998,0
66b48f832db507439d6ca2a2,CP,adult,1.5,1
6744d143eddffd17d345b192,CP,adult,1.0499999999999998,1
6571d21081e5b7f488282b0c,CP,adult,1.025,0
5c2bb9cc8c35040001a59dde,CP,adult,1.25,1
646e4572cbed17f6bbacec12,CP,adult,1.25,1
5f2ea9c0a638c92312e4ae5c,CP,adult,1.025,0
69333a16814ace7f717a154c,CP,adult,1.333334,1
6571d21081e5b7f488282b0c,CP,adult,1.025,0
66a926551ab3748f5d5348aa,CP,adult,1.02,1
6629497a938b0963356f7002,CP,adult,1.025,0
67a6c90646c86497e696b432,CP,adult,1.5,1
5f5452df72345118f58d187b,CP,adult,1.3333333333333333,1
5b7bc048338a93000155167e,CP,adult,1.333332857142857,1
5e20add2c4cd040512b39d63,CP,adult,1.5,1
58584aa98604ae000165e633,CP,adult,1.0499999999999998,1
60dfd857e293a99dd577f4c8,CP,adult,1.02,0
66a926551ab3748f5d5348aa,CP,adult,1.25,1
67c74ce85a53a3888145adfd,CP,adult,1.3333333333333333,1
69e1854db4ea42aaa31d6448,CP,adult,1.3333333333333333,1
5f5452df72345118f58d187b,CP,adult,1.0333333333333334,1
69ba05f19ad964237758de7b,CP,adult,1.025,0
62c4d5821033848c1dc3667b,CP,adult,1.025,1
69921bde43e69fd5d60ea256,CP,adult,1.02,1
66b48f832db507439d6ca2a2,CP,adult,1.025,0
65cb86a7e667e637599a3af3,CP,adult,1.25,1
5b7bc048338a93000155167e,CP,adult,1.02,1
646d238ec077fb64c0294bd8,CP,adult,1.0499999999999998,0
69df23ac93fc5d13e11baf05,CP,adult,1.5,1
5b11afecc85dc40001621432,CP,adult,1.05,1
60dfd857e293a99dd577f4c8,CP,adult,1.25,0
6629658113ec221fd75635bb,CP,adult,1.02,0
66a926551ab3748f5d5348aa,CP,adult,1.3333333333333333,1
69d5801af14cddbf0b60b59d,CP,adult,1.3333333333333333,1
5edeea354d54cb1a825aa8f9,CP,adult,1.0499999999999998,1
69ba05f19ad964237758de7b,CP,adult,1.033332857142857,1
69df23ac93fc5d13e11baf05,CP,adult,1.02,0
6629658113ec221fd75635bb,CP,adult,1.25,1
5b11afecc85dc40001621432,CP,adult,1.05,0
69921bde43e69fd5d60ea256,CP,adult,1.333334,1
5dd2d8126ac608000a330132,CP,adult,1.5,1
69d5801af14cddbf0b60b59d,CP,adult,1.05,0
5b4991de56e0140001acb76b,CP,adult,1.05,1
69333a16814ace7f717a154c,CP,adult,1.025,0
62cbf51439a76e8fccd8a495,CP,adult,1.05,1
6606d4f4acdc3a6b8200c0ee,CP,adult,1.025,0
5edeea354d54cb1a825aa8f9,CP,adult,1.05,1
67c74ce85a53a3888145adfd,CP,adult,1.333334,1
69d5801af14cddbf0b60b59d,CP,adult,1.0333333333333334,0
5b4991de56e0140001acb76b,CP,adult,1.033332857142857,1
646e4572cbed17f6bbacec12,CP,adult,1.02,1
62cbf51439a76e8fccd8a495,CP,adult,1.0499999999999998,1
60dfd857e293a99dd577f4c8,CP,adult,1.5,1
5ee5defbfe74a3000d106f51,CP,adult,1.333334,0
69921bde43e69fd5d60ea256,CP,adult,1.02,0
5a0f46bb7542890001aa7503,CP,adult,1.0499999999999998,1
6562177a48308eebbb6359ea,CP,adult,1.0499999999999998,1
67c74ce85a53a3888145adfd,CP,adult,1.5,1
69b0b5440140899f769646c2,CP,adult,1.5,1
6053e01a6a8e8516ba7d47a7,CP,adult,1.0333333333333334,1
6629658113ec221fd75635bb,CP,adult,1.05,1
69921bde43e69fd5d60ea256,CP,adult,1.025,0
69ccd28a681130791ee609f3,CP,adult,1.025,1
6562177a48308eebbb6359ea,CP,adult,1.02,0
6571d21081e5b7f488282b0c,CP,adult,1.333332857142857,1
5edeea354d54cb1a825aa8f9,CP,adult,1.333334,1
69d5801af14cddbf0b60b59d,CP,adult,1.033334,1
69df23ac93fc5d13e11baf05,CP,adult,1.02,0
63ed0392b8b24c34aaf26310,CP,adult,1.5,1
69a6dcc891788001618382c4,CP,adult,1.05,1
5ee5defbfe74a3000d106f51,CP,adult,1.025,1
646e4572cbed17f6bbacec12,CP,adult,1.0333333333333334,0
646d238ec077fb64c0294bd8,CP,adult,1.25,1
5b11afecc85dc40001621432,CP,adult,1.02,0
69b0b5440140899f769646c2,CP,adult,1.05,1
67c74ce85a53a3888145adfd,CP,adult,1.5,1
63ed0392b8b24c34aaf26310,CP,adult,1.033334,1
69333a16814ace7f717a154c,CP,adult,1.3333333333333333,1
69ba05f19ad964237758de7b,CP,adult,1.02,0
5b4991de56e0140001acb76b,CP,adult,1.0333333333333334,1
69a6dcc891788001618382c4,CP,adult,1.05,1
6562177a48308eebbb6359ea,CP,adult,1.02,1
63ed0392b8b24c34aaf26310,CP,adult,1.025,1
5dd2d8126ac608000a330132,CP,adult,1.02,0
66a926551ab3748f5d5348aa,CP,adult,1.033332857142857,1
6744d143eddffd17d345b192,CP,adult,1.02,1
5b4991de56e0140001acb76b,CP,adult,1.025,0
69333a16814ace7f717a154c,CP,adult,1.05,1
62c4d5821033848c1dc3667b,CP,adult,1.025,0
6053e01a6a8e8516ba7d47a7,CP,adult,1.025,1
69a6dcc891788001618382c4,CP,adult,1.25,1
6629497a938b0963356f7002,CP,adult,1.025,1
6571d21081e5b7f488282b0c,CP,adult,1.0333333333333334,0
67d1f6824f74bd16996512c0,CP,adult,1.033332857142857,1
67a6c90646c86497e696b432,CP,adult,1.02,0
666ca8f24bc3a8e75b8f6ee2,CP,adult,1.02,0
5b0710e7a84dcf0001beee8a,CP,adult,1.5,1
6629658113ec221fd75635bb,CP,adult,1.05,0
6629497a938b0963356f7002,CP,adult,1.033334,1
60dfd857e293a99dd577f4c8,CP,adult,1.033332857142857,0
5a0f46bb7542890001aa7503,CP,adult,1.02,0
5b7bc048338a93000155167e,CP,adult,1.025,1
6053e01a6a8e8516ba7d47a7,CP,adult,1.033334,1
5dd2d8126ac608000a330132,CP,adult,1.025,1
6562177a48308eebbb6359ea,CP,adult,1.02,1
5f2ea9c0a638c92312e4ae5c,CP,adult,1.025,0
69ba05f19ad964237758de7b,CP,adult,1.02,1
5e20add2c4cd040512b39d63,CP,adult,1.05,0
63ed0392b8b24c34aaf26310,CP,adult,1.02,1
67a6c90646c86497e696b432,CP,adult,1.02,1
6744d143eddffd17d345b192,CP,adult,1.02,0
5b7bc048338a93000155167e,CP,adult,1.033334,0
6629497a938b0963356f7002,CP,adult,1.033332857142857,0
5b0710e7a84dcf0001beee8a,CP,adult,1.3333333333333333,1
6786e8177bc067f2f666d77c,CP,adult,1.5,1
69333a16814ace7f717a154c,CP,adult,1.033334,0
65cb86a7e667e637599a3af3,CP,adult,1.02,1
5b11afecc85dc40001621432,CP,adult,1.025,0
69e1854db4ea42aaa31d6448,CP,adult,1.025,1
5b4991de56e0140001acb76b,CP,adult,1.333332857142857,1
69b0b5440140899f769646c2,CP,adult,1.025,0
5b0710e7a84dcf0001beee8a,CP,adult,1.25,1
66b48f832db507439d6ca2a2,CP,adult,1.25,1
69921bde43e69fd5d60ea256,CP,adult,1.033332857142857,1
69333a16814ace7f717a154c,CP,adult,1.025,0
593871d4536c28000168c04c,CP,adult,1.025,0
666ca8f24bc3a8e75b8f6ee2,CP,adult,1.02,0
674cca92742faa4642a6e9c7,CP,adult,1.0333333333333334,0
5edeea354d54cb1a825aa8f9,CP,adult,1.3333333333333333,1
5b7bc048338a93000155167e,CP,adult,1.0499999999999998,0
5c2bb9cc8c35040001a59dde,CP,adult,1.0499999999999998,0
646e4572cbed17f6bbacec12,CP,adult,1.033332857142857,1
5ee5defbfe74a3000d106f51,CP,adult,1.033332857142857,1
5ee5defbfe74a3000d106f51,CP,adult,1.025,0
5f5452df72345118f58d187b,CP,adult,1.05,0
6606d4f4acdc3a6b8200c0ee,CP,adult,1.333334,1
66b48f832db507439d6ca2a2,CP,adult,1.025,0
5a0f46bb7542890001aa7503,CP,adult,1.333332857142857,1
67c74ce85a53a3888145adfd,CP,adult,1.05,1
67d1f6824f74bd16996512c0,CP,adult,1.25,1
698d20a041b53d5f1d94a807,CP,adult,1.3333333333333333,1
69e1854db4ea42aaa31d6448,CP,adult,1.025,0
650b03136ab3d4c832d98b71,CP,adult,1.05,0
6606d4f4acdc3a6b8200c0ee,CP,adult,1.025,1
62cbf51439a76e8fccd8a495,CP,adult,1.033332857142857,0
6786e8177bc067f2f666d77c,CP,adult,1.25,1
6744d143eddffd17d345b192,CP,adult,1.025,1
69b0b5440140899f769646c2,CP,adult,1.033334,1
698d20a041b53d5f1d94a807,CP,adult,1.05,1
6571d21081e5b7f488282b0c,CP,adult,1.025,0
5e20add2c4cd040512b39d63,CP,adult,1.02,0
69c973228d8daa01395a213f,CP,adult,1.0499999999999998,1
5b11afecc85dc40001621432,CP,adult,1.025,1
58584aa98604ae000165e633,CP,adult,1.25,0
5c2bb9cc8c35040001a59dde,CP,adult,1.5,1
69e1854db4ea42aaa31d6448,CP,adult,1.5,1
69d646c077f60a3e2654356b,CP,adult,1.033334,0
5b0710e7a84dcf0001beee8a,CP,adult,1.025,0
6571d21081e5b7f488282b0c,CP,adult,1.333332857142857,0
6606d4f4acdc3a6b8200c0ee,CP,adult,1.02,1
5c2bb9cc8c35040001a59dde,CP,adult,1.333332857142857,1
69a6dcc891788001618382c4,CP,adult,1.02,0
69d5801af14cddbf0b60b59d,CP,adult,1.02,1
5f2ea9c0a638c92312e4ae5c,CP,adult,1.05,0
66b48f832db507439d6ca2a2,CP,adult,1.333332857142857,0
62c4d5821033848c1dc3667b,CP,adult,1.02,1
5a0f46bb7542890001aa7503,CP,adult,1.05,0
67a6c90646c86497e696b432,CP,adult,1.05,0
698d20a041b53d5f1d94a807,CP,adult,1.025,1
65cb86a7e667e637599a3af3,CP,adult,1.02,1
58584aa98604ae000165e633,CP,adult,1.05,0
69e1854db4ea42aaa31d6448,CP,adult,1.025,0
66a926551ab3748f5d5348aa,CP,adult,1.02,0
6744d143eddffd17d345b192,CP,adult,1.02,1
69a6dcc891788001618382c4,CP,adult,1.5,1
5f5452df72345118f58d187b,CP,adult,1.0499999999999998,1
69df23ac93fc5d13e11baf05,CP,adult,1.02,1
67a6c90646c86497e696b432,CP,adult,1.05,1
69b0b5440140899f769646c2,CP,adult,1.05,1
6786e8177bc067f2f666d77c,CP,adult,1.05,0
6629658113ec221fd75635bb,CP,adult,1.25,0
593871d4536c28000168c04c,CP,adult,1.02,1
69df23ac93fc5d13e11baf05,CP,adult,1.333334,1
674cca92742faa4642a6e9c7,CP,adult,1.0333333333333334,1
5b4991de56e0140001acb76b,CP,adult,1.25,1
69d646c077f60a3e2654356b,CP,adult,1.3333333333333333,1
698d20a041b53d5f1d94a807,CP,adult,1.25,1
58584aa98604ae000165e633,CP,adult,1.25,1
60dfd857e293a99dd577f4c8,CP,adult,1.333334,1
69ba05f19ad964237758de7b,CP,adult,1.3333333333333333,1
5c2bb9cc8c35040001a59dde,CP,adult,1.05,1
69a6dcc891788001618382c4,CP,adult,1.02,0
6744d143eddffd17d345b192,CP,adult,1.02,1
5f2ea9c0a638c92312e4ae5c,CP,adult,1.02,0
6571d21081e5b7f488282b0c,CP,adult,1.5,1
5c2bb9cc8c35040001a59dde,CP,adult,1.0333333333333334,1
67d1f6824f74bd16996512c0,CP,adult,1.02,1
62cbf51439a76e8fccd8a495,CP,adult,1.02,1
69c973228d8daa01395a213f,CP,adult,1.333334,1
6606d4f4acdc3a6b8200c0ee,CP,adult,1.02,1
6629497a938b0963356f7002,CP,adult,1.025,0
5f2ea9c0a638c92312e4ae5c,CP,adult,1.02,1
6562177a48308eebbb6359ea,CP,adult,1.025,0
69d646c077f60a3e2654356b,CP,adult,1.02,1
69921bde43e69fd5d60ea256,CP,adult,1.025,1
650b03136ab3d4c832d98b71,CP,adult,1.02,0
6786e8177bc067f2f666d77c,CP,adult,1.333332857142857,1
6053e01a6a8e8516ba7d47a7,CP,adult,1.025,0
6562177a48308eebbb6359ea,CP,adult,1.025,0
69d5801af14cddbf0b60b59d,CP,adult,1.02,0
62cbf51439a76e8fccd8a495,CP,adult,1.0333333333333334,0
5a9ad69adbdb470001eee577,CP,adult,1.033332857142857,1
5b4991de56e0140001acb76b,CP,adult,1.25,1
58584aa98604ae000165e633,CP,adult,1.02,1
646d238ec077fb64c0294bd8,CP,adult,1.02,0
5b11afecc85dc40001621432,CP,adult,1.025,0
5f2ea9c0a638c92312e4ae5c,CP,adult,1.05,0
69d5801af14cddbf0b60b59d,CP,adult,1.025,1
69c973228d8daa01395a213f,CP,adult,1.02,0
5c2bb9cc8c35040001a59dde,CP,adult,1.02,1
605fbc12c61d8d10250f6e51,CP,adult,1.025,0
650b03136ab3d4c832d98b71,CP,adult,1.02,1
646d238ec077fb64c0294bd8,CP,adult,1.5,1
5a0f46bb7542890001aa7503,CP,adult,1.02,0
69b0b5440140899f769646c2,CP,adult,1.033334,0
69d5801af14cddbf0b60b59d,CP,adult,1.02,0
69c973228d8daa01395a213f,CP,adult,1.0499999999999998,1
646e4572cbed17f6bbacec12,CP,adult,1.333332857142857,1
674cca92742faa4642a6e9c7,CP,adult,1.025,0
67d1f6824f74bd16996512c0,CP,adult,1.0499999999999998,1
698d20a041b53d5f1d94a807,CP,adult,1.025,1
6629497a938b0963356f7002,CP,adult,1.025,1
69333a16814ace7f717a154c,CP,adult,1.025,0
62c4d5821033848c1dc3667b,CP,adult,1.5,1
646d238ec077fb64c0294bd8,CP,adult,1.333334,1
65cb86a7e667e637599a3af3,CP,adult,1.02,1
69e1854db4ea42aaa31d6448,CP,adult,1.025,0
646e4572cbed17f6bbacec12,CP,adult,1.025,0
5f5452df72345118f58d187b,CP,adult,1.033334,0
63ed0392b8b24c34aaf26310,CP,adult,1.25,1
5e20add2c4cd040512b39d63,CP,adult,1.033332857142857,0
6606d4f4acdc3a6b8200c0ee,CP,adult,1.333334,1
62cbf51439a76e8fccd8a495,CP,adult,1.033334,1
69c973228d8daa01395a213f,CP,adult,1.25,1
66a926551ab3748f5d5348aa,CP,adult,1.0333333333333334,1
5a9ad69adbdb470001eee577,CP,adult,1.05,1
6562177a48308eebbb6359ea,CP,adult,1.25,1
62c4d5821033848c1dc3667b,CP,adult,1.02,1
6786e8177bc067f2f666d77c,CP,adult,1.3333333333333333,1
5e20add2c4cd040512b39d63,CP,adult,1.033334,0
5a0f46bb7542890001aa7503,CP,adult,1.033332857142857,1
5b4991de56e0140001acb76b,CP,adult,1.0499999999999998,1
60dfd857e293a99dd577f4c8,CP,adult,1.25,1
698d20a041b53d5f1d94a807,CP,adult,1.033334,0
65cb86a7e667e637599a3af3,CP,adult,1.5,1
5b0710e7a84dcf0001beee8a,CP,adult,1.5,1
62cbf51439a76e8fccd8a495,CP,adult,1.3333333333333333,1
5e20add2c4cd040512b39d63,CP,adult,1.033334,1
69e1854db4ea42aaa31d6448,CP,adult,1.033332857142857,1
6606d4f4acdc3a6b8200c0ee,CP,adult,1.05,0
6744d143eddffd17d345b192,CP,adult,1.033334,1
5f2ea9c0a638c92312e4ae5c,CP,adult,1.3333333333333333,1
698d20a041b53d5f1d94a807,CP,adult,1.0499999999999998,1
65cb86a7e667e637599a3af3,CP,adult,1.033334,1
5f5452df72345118f58d187b,CP,adult,1.0499999999999998,1
69c973228d8daa01395a213f,CP,adult,1.02,1
646e4572cbed17f6bbacec12,CP,adult,1.3333333333333333,1
69b0b5440140899f769646c2,CP,adult,1.25,1
5ee5defbfe74a3000d106f51,CP,adult,1.5,0
6053e01a6a8e8516ba7d47a7,CP,adult,1.5,1
66b48f832db507439d6ca2a2,CP,adult,1.02,1
63f77f79278126e103659cf4,CP,adult,1.025,0
5a9ad69adbdb470001eee577,CP,adult,1.02,1
646e4572cbed17f6bbacec12,CP,adult,1.25,1
5e20add2c4cd040512b39d63,CP,adult,1.3333333333333333,1
69a6dcc891788001618382c4,CP,adult,1.5,1
65cb86a7e667e637599a3af3,CP,adult,1.25,1
6786e8177bc067f2f666d77c,CP,adult,1.25,1
5f2ea9c0a638c92312e4ae5c,CP,adult,1.5,1
60dfd857e293a99dd577f4c8,CP,adult,1.05,1
5f5452df72345118f58d187b,CP,adult,1.3333333333333333,1
69921bde43e69fd5d60ea256,CP,adult,1.5,1
66a926551ab3748f5d5348aa,CP,adult,1.0499999999999998,0
69a6dcc891788001618382c4,CP,adult,1.025,1
5f5452df72345118f58d187b,CP,adult,1.05,1
69c973228d8daa01395a213f,CP,adult,1.5,1
650b03136ab3d4c832d98b71,CP,adult,1.0333333333333334,1
66b48f832db507439d6ca2a2,CP,adult,1.025,0
5b11afecc85dc40001621432,CP,adult,1.02,0
5edeea354d54cb1a825aa8f9,CP,adult,1.025,0
6571d21081e5b7f488282b0c,CP,adult,1.5,0
62cbf51439a76e8fccd8a495,CP,adult,1.02,1
69c973228d8daa01395a213f,CP,adult,1.033334,0
67c74ce85a53a3888145adfd,CP,adult,1.333332857142857,1
650b03136ab3d4c832d98b71,CP,adult,1.025,0
646d238ec077fb64c0294bd8,CP,adult,1.02,1
646e4572cbed17f6bbacec12,CP,adult,1.05,0
674cca92742faa4642a6e9c7,CP,adult,1.3333333333333333,1
6629497a938b0963356f7002,CP,adult,1.025,1
5f5452df72345118f58d187b,CP,adult,1.333334,1
69d646c077f60a3e2654356b,CP,adult,1.0499999999999998,1
6053e01a6a8e8516ba7d47a7,CP,adult,1.025,1
69ba05f19ad964237758de7b,CP,adult,1.25,1
67c74ce85a53a3888145adfd,CP,adult,1.25,1
650b03136ab3d4c832d98b71,CP,adult,1.0333333333333334,0
67a6c90646c86497e696b432,CP,adult,1.5,1
69d5801af14cddbf0b60b59d,CP,adult,1.02,0
66b48f832db507439d6ca2a2,CP,adult,1.033332857142857,1
5a9ad69adbdb470001eee577,CP,adult,1.025,1
58584aa98604ae000165e633,CP,adult,1.0499999999999998,0
67d1f6824f74bd16996512c0,CP,adult,1.5,1
6629497a938b0963356f7002,CP,adult,1.025,1
5b11afecc85dc40001621432,CP,adult,1.05,1
674cca92742faa4642a6e9c7,CP,adult,1.02,1
593871d4536c28000168c04c,CP,adult,1.0333333333333334,0
5ee5defbfe74a3000d106f51,CP,adult,1.333332857142857,1
69d646c077f60a3e2654356b,CP,adult,1.5,1
69e1854db4ea42aaa31d6448,CP,adult,1.025,1
67a6c90646c86497e696b432,CP,adult,1.025,1
69df23ac93fc5d13e11baf05,CP,adult,1.02,0
69a6dcc891788001618382c4,CP,adult,1.333332857142857,1
62cbf51439a76e8fccd8a495,CP,adult,1.033332857142857,1
69ccd28a681130791ee609f3,CP,adult,1.025,0
5b4991de56e0140001acb76b,CP,adult,1.025,1
5b0710e7a84dcf0001beee8a,CP,adult,1.5,1
6562177a48308eebbb6359ea,CP,adult,1.05,1
69df23ac93fc5d13e11baf05,CP,adult,1.333332857142857,1
67d1f6824f74bd16996512c0,CP,adult,1.05,1
67c74ce85a53a3888145adfd,CP,adult,1.5,1
674cca92742faa4642a6e9c7,CP,adult,1.05,1
63f77f79278126e103659cf4,CP,adult,1.025,1
6053e01a6a8e8516ba7d47a7,CP,adult,1.05,1
66a926551ab3748f5d5348aa,CP,adult,1.333334,1
69ba05f19ad964237758de7b,CP,adult,1.02,1
5a0f46bb7542890001aa7503,CP,adult,1.0499999999999998,1
60dfd857e293a99dd577f4c8,CP,adult,1.0333333333333334,1
6571d21081e5b7f488282b0c,CP,adult,1.25,1
63ed0392b8b24c34aaf26310,CP,adult,1.333332857142857,1
5c2bb9cc8c35040001a59dde,CP,adult,1.05,1
5b7bc048338a93000155167e,CP,adult,1.05,1
6629497a938b0963356f7002,CP,adult,1.033334,1
5edeea354d54cb1a825aa8f9,CP,adult,1.02,1
6606d4f4acdc3a6b8200c0ee,CP,adult,1.25,1
69333a16814ace7f717a154c,CP,adult,1.5,1
674cca92742faa4642a6e9c7,CP,adult,1.25,1
6786e8177bc067f2f666d77c,CP,adult,1.25,1
5f5452df72345118f58d187b,CP,adult,1.3333333333333333,1
69ba05f19ad964237758de7b,CP,adult,1.025,1
69921bde43e69fd5d60ea256,CP,adult,1.5,1
69333a16814ace7f717a154c,CP,adult,1.5,1
69ccd28a681130791ee609f3,CP,adult,1.0333333333333334,1
58584aa98604ae000165e633,CP,adult,1.333334,1
5c43b8f45aca820001f73cee,CP,adult,1.02,1
66b48f832db507439d6ca2a2,CP,adult,1.333334,1
6744d143eddffd17d345b192,CP,adult,1.033334,1
69ba05f19ad964237758de7b,CP,adult,1.25,1
6562177a48308eebbb6359ea,CP,adult,1.5,1
5c2bb9cc8c35040001a59dde,CP,adult,1.02,0
6786e8177bc067f2f666d77c,CP,adult,1.0499999999999998,1
62c4d5821033848c1dc3667b,CP,adult,1.333332857142857,1
69c973228d8daa01395a213f,CP,adult,1.333332857142857,0
674cca92742faa4642a6e9c7,CP,adult,1.333332857142857,1
69b0b5440140899f769646c2,CP,adult,1.02,1
69921bde43e69fd5d60ea256,CP,adult,1.05,0
6744d143eddffd17d345b192,CP,adult,1.025,1
67a6c90646c86497e696b432,CP,adult,1.25,1
65cb86a7e667e637599a3af3,CP,adult,1.025,1
605fbc12c61d8d10250f6e51,CP,adult,1.025,1
69e1854db4ea42aaa31d6448,CP,adult,1.025,1
674cca92742faa4642a6e9c7,CP,adult,1.5,1
5edeea354d54cb1a825aa8f9,CP,adult,1.025,1
69d5801af14cddbf0b60b59d,CP,adult,1.25,1
66a926551ab3748f5d5348aa,CP,adult,1.025,0
6744d143eddffd17d345b192,CP,adult,1.05,1
65cb86a7e667e637599a3af3,CP,adult,1.0499999999999998,0
6053e01a6a8e8516ba7d47a7,CP,adult,1.0333333333333334,1
605fbc12c61d8d10250f6e51,CP,adult,1.033334,1
5f2ea9c0a638c92312e4ae5c,CP,adult,1.05,1
6606d4f4acdc3a6b8200c0ee,CP,adult,1.0333333333333334,1
5a9ad69adbdb470001eee577,CP,adult,1.033332857142857,1
5b4991de56e0140001acb76b,CP,adult,1.033334,1
65cb86a7e667e637599a3af3,CP,adult,1.05,1
5f5452df72345118f58d187b,CP,adult,1.25,1
5c2bb9cc8c35040001a59dde,CP,adult,1.02,1
6562177a48308eebbb6359ea,CP,adult,1.025,1
650b03136ab3d4c832d98b71,CP,adult,1.05,1
6629497a938b0963356f7002,CP,adult,1.05,0
5f2ea9c0a638c92312e4ae5c,CP,adult,1.033334,1
62c4d5821033848c1dc3667b,CP,adult,1.05,0
5b4991de56e0140001acb76b,CP,adult,1.25,1
67c74ce85a53a3888145adfd,CP,adult,1.033332857142857,1
69b0b5440140899f769646c2,CP,adult,1.02,1
69a6dcc891788001618382c4,CP,adult,1.05,1
69333a16814ace7f717a154c,CP,adult,1.05,0
66b48f832db507439d6ca2a2,CP,adult,1.033332857142857,0
62c4d5821033848c1dc3667b,CP,adult,1.5,1
6571d21081e5b7f488282b0c,CP,adult,1.25,0
69ba05f19ad964237758de7b,CP,adult,1.3333333333333333,1
5e20add2c4cd040512b39d63,CP,adult,1.02,1
650b03136ab3d4c832d98b71,CP,adult,1.02,1
63ed0392b8b24c34aaf26310,CP,adult,1.033334,0
6744d143eddffd17d345b192,CP,adult,1.05,1
698d20a041b53d5f1d94a807,CP,adult,1.05,0
69d646c077f60a3e2654356b,CP,adult,1.02,1
6629497a938b0963356f7002,CP,adult,1.05,0
5ff8f853d424e61d827a6995,CP,adult,1.033334,0
62cbf51439a76e8fccd8a495,CP,adult,1.025,1
593871d4536c28000168c04c,CP,adult,1.025,0
6606d4f4acdc3a6b8200c0ee,CP,adult,1.0499999999999998,1
62c4d5821033848c1dc3667b,CP,adult,1.025,0
5b7bc048338a93000155167e,CP,adult,1.025,1
69e1854db4ea42aaa31d6448,CP,adult,1.5,1
5b4991de56e0140001acb76b,CP,adult,1.033332857142857,0
69333a16814ace7f717a154c,CP,adult,1.0499999999999998,1
5e20add2c4cd040512b39d63,CP,adult,1.25,0
698d20a041b53d5f1d94a807,CP,adult,1.5,1
69e1854db4ea42aaa31d6448,CP,adult,1.0499999999999998,1
646d238ec077fb64c0294bd8,CP,adult,1.02,0
69333a16814ace7f717a154c,CP,adult,1.333334,1
5b11afecc85dc40001621432,CP,adult,1.025,0
593871d4536c28000168c04c,CP,adult,1.02,1
5e20add2c4cd040512b39d63,CP,adult,1.5,1
69c973228d8daa01395a213f,CP,adult,1.033334,1
63ed0392b8b24c34aaf26310,CP,adult,1.25,1
6606d4f4acdc3a6b8200c0ee,CP,adult,1.5,1
69921bde43e69fd5d60ea256,CP,adult,1.3333333333333333,1
5a0f46bb7542890001aa7503,CP,adult,1.0333333333333334,1
69d8501df44c01f3dd2ebc20,CP,adult,1.02,0
62cbf51439a76e8fccd8a495,CP,adult,1.025,1
6786e8177bc067f2f666d77c,CP,adult,1.25,1
5f5452df72345118f58d187b,CP,adult,1.0499999999999998,1
62c4d5821033848c1dc3667b,CP,adult,1.02,1
6562177a48308eebbb6359ea,CP,adult,1.05,0
5edeea354d54cb1a825aa8f9,CP,adult,1.033334,1
69a6dcc891788001618382c4,CP,adult,1.333332857142857,1
6786e8177bc067f2f666d77c,CP,adult,1.025,0
58584aa98604ae000165e633,CP,adult,1.033332857142857,0
646d238ec077fb64c0294bd8,CP,adult,1.333334,1
5b0710e7a84dcf0001beee8a,CP,adult,1.25,1
69ba05f19ad964237758de7b,CP,adult,1.5,1
6053e01a6a8e8516ba7d47a7,CP,adult,1.02,0
69333a16814ace7f717a154c,CP,adult,1.033332857142857,0
69c973228d8daa01395a213f,CP,adult,1.033332857142857,0
646d238ec077fb64c0294bd8,CP,adult,1.5,1
67a6c90646c86497e696b432,CP,adult,1.025,1
66a926551ab3748f5d5348aa,CP,adult,1.3333333333333333,1
646e4572cbed17f6bbacec12,CP,adult,1.5,1
5b0710e7a84dcf0001beee8a,CP,adult,1.033332857142857,1
69921bde43e69fd5d60ea256,CP,adult,1.05,1
67d1f6824f74bd16996512c0,CP,adult,1.5,1
6562177a48308eebbb6359ea,CP,adult,1.333332857142857,1
5a0f46bb7542890001aa7503,CP,adult,1.033334,0
60dfd857e293a99dd577f4c8,CP,adult,1.333334,1
65cb86a7e667e637599a3af3,CP,adult,1.05,1
62c4d5821033848c1dc3667b,CP,adult,1.333332857142857,1
69e1854db4ea42aaa31d6448,CP,adult,1.5,1
66a926551ab3748f5d5348aa,CP,adult,1.02,0
67a6c90646c86497e696b432,CP,adult,1.3333333333333333,1
5edeea354d54cb1a825aa8f9,CP,adult,1.5,1
67c74ce85a53a3888145adfd,CP,adult,1.3333333333333333,1
5b11afecc85dc40001621432,CP,adult,1.02,0
63ed0392b8b24c34aaf26310,CP,adult,1.3333333333333333,1
698d20a041b53d5f1d94a807,CP,adult,1.5,1
67c74ce85a53a3888145adfd,CP,adult,1.025,1
6629497a938b0963356f7002,CP,adult,1.0333333333333334,1
69d646c077f60a3e2654356b,CP,adult,1.025,1
5b0710e7a84dcf0001beee8a,CP,adult,1.5,1
65cb86a7e667e637599a3af3,CP,adult,1.02,0
67c74ce85a53a3888145adfd,CP,adult,1.5,1
6606d4f4acdc3a6b8200c0ee,CP,adult,1.02,1
650b03136ab3d4c832d98b71,CP,adult,1.25,1
60dfd857e293a99dd577f4c8,CP,adult,1.333334,1
69ba05f19ad964237758de7b,CP,adult,1.02,1
5b4991de56e0140001acb76b,CP,adult,1.05,1
69a6dcc891788001618382c4,CP,adult,1.0333333333333334,0
67c74ce85a53a3888145adfd,CP,adult,1.02,0
62c4d5821033848c1dc3667b,CP,adult,1.02,1
6629497a938b0963356f7002,CP,adult,1.25,1
650b03136ab3d4c832d98b71,CP,adult,1.25,1
5b4991de56e0140001acb76b,CP,adult,1.5,1
69333a16814ace7f717a154c,CP,adult,1.25,0
58584aa98604ae000165e633,CP,adult,1.033332857142857,1
646d238ec077fb64c0294bd8,CP,adult,1.0333333333333334,0
5b11afecc85dc40001621432,CP,adult,1.025,0
69e1854db4ea42aaa31d6448,CP,adult,1.333332857142857,1
5ff8f853d424e61d827a6995,CP,adult,1.5,1
69921bde43e69fd5d60ea256,CP,adult,1.333332857142857,1
62cbf51439a76e8fccd8a495,CP,adult,1.25,1
6744d143eddffd17d345b192,CP,adult,1.033334,1
593871d4536c28000168c04c,CP,adult,1.05,1
69e1854db4ea42aaa31d6448,CP,adult,1.02,0
6571d21081e5b7f488282b0c,CP,adult,1.5,0
5e20add2c4cd040512b39d63,CP,adult,1.0333333333333334,1
62c4d5821033848c1dc3667b,CP,adult,1.0499999999999998,1
69ccd28a681130791ee609f3,CP,adult,1.025,1
69df23ac93fc5d13e11baf05,CP,adult,1.3333333333333333,1
5ff8f853d424e61d827a6995,CP,adult,1.02,1
69a6dcc891788001618382c4,CP,adult,1.25,1
69df23ac93fc5d13e11baf05,CP,adult,1.5,1
63ed0392b8b24c34aaf26310,CP,adult,1.5,1
5a0f46bb7542890001aa7503,CP,adult,1.025,0
58584aa98604ae000165e633,CP,adult,1.05,1
5c43b8f45aca820001f73cee,CP,adult,1.05,1
63f77f79278126e103659cf4,CP,adult,1.025,1
6053e01a6a8e8516ba7d47a7,CP,adult,1.5,1
62cbf51439a76e8fccd8a495,CP,adult,1.333334,1
6571d21081e5b7f488282b0c,CP,adult,1.02,0
646e4572cbed17f6bbacec12,CP,adult,1.3333333333333333,1
69df23ac93fc5d13e11baf05,CP,adult,1.25,1
5f2ea9c0a638c92312e4ae5c,CP,adult,1.3333333333333333,1
69ccd28a681130791ee609f3,CP,adult,1.025,0
66b48f832db507439d6ca2a2,CP,adult,1.25,0
5c43b8f45aca820001f73cee,CP,adult,1.05,1
69a6dcc891788001618382c4,CP,adult,1.02,1
69d646c077f60a3e2654356b,CP,adult,1.25,1
5b0710e7a84dcf0001beee8a,CP,adult,1.25,0
5b7bc048338a93000155167e,CP,adult,1.333334,1
650b03136ab3d4c832d98b71,CP,adult,1.033332857142857,1
66b48f832db507439d6ca2a2,CP,adult,1.0499999999999998,0
69df23ac93fc5d13e11baf05,CP,adult,1.02,0
6751acc5dc78128951a34f1f,CP,adult,1.05,0
66a926551ab3748f5d5348aa,CP,adult,1.025,1
646e4572cbed17f6bbacec12,CP,adult,1.0333333333333334,1
69b0b5440140899f769646c2,CP,adult,1.25,0
605fbc12c61d8d10250f6e51,CP,adult,1.333332857142857,1
63ed0392b8b24c34aaf26310,CP,adult,1.05,0
6606d4f4acdc3a6b8200c0ee,CP,adult,1.025,0
674cca92742faa4642a6e9c7,CP,adult,1.025,0
6571d21081e5b7f488282b0c,CP,adult,1.333332857142857,0
6751acc5dc78128951a34f1f,CP,adult,1.0499999999999998,1
5f5452df72345118f58d187b,CP,adult,1.25,1
67c74ce85a53a3888145adfd,CP,adult,1.25,1
666ca8f24bc3a8e75b8f6ee2,CP,adult,1.025,1
650b03136ab3d4c832d98b71,CP,adult,1.25,1
5b0710e7a84dcf0001beee8a,CP,adult,1.3333333333333333,1
69b1b573bb2e49d76c8a4a57,CP,adult,1.033334,0
674cca92742faa4642a6e9c7,CP,adult,1.25,1
63ed0392b8b24c34aaf26310,CP,adult,1.05,0
67a6c90646c86497e696b432,CP,adult,1.025,1
60dfd857e293a99dd577f4c8,CP,adult,1.5,1
69df23ac93fc5d13e11baf05,CP,adult,1.025,1
6629497a938b0963356f7002,CP,adult,1.3333333333333333,1
646d238ec077fb64c0294bd8,CP,adult,1.25,0
6786e8177bc067f2f666d77c,CP,adult,1.5,1
674cca92742faa4642a6e9c7,CP,adult,1.025,1
5b4991de56e0140001acb76b,CP,adult,1.0499999999999998,0
5a0f46bb7542890001aa7503,CP,adult,1.0333333333333334,1
69d5801af14cddbf0b60b59d,CP,adult,1.02,0
69b1b573bb2e49d76c8a4a57,CP,adult,1.0499999999999998,0
69ba05f19ad964237758de7b,CP,adult,1.025,0
5c43b8f45aca820001f73cee,CP,adult,1.25,1
67a6c90646c86497e696b432,CP,adult,1.25,1
62cbf51439a76e8fccd8a495,CP,adult,1.5,1
5edeea354d54cb1a825aa8f9,CP,adult,1.0499999999999998,1
69ccd28a681130791ee609f3,CP,adult,1.02,1
5f2ea9c0a638c92312e4ae5c,CP,adult,1.5,1
646e4572cbed17f6bbacec12,CP,adult,1.5,1
69d5801af14cddbf0b60b59d,CP,adult,1.25,1
6562177a48308eebbb6359ea,CP,adult,1.25,0
69d646c077f60a3e2654356b,CP,adult,1.025,1
5b7bc048338a93000155167e,CP,adult,1.05,1
5b0710e7a84dcf0001beee8a,CP,adult,1.3333333333333333,1
5f5452df72345118f58d187b,CP,adult,1.25,1
60dfd857e293a99dd577f4c8,CP,adult,1.333332857142857,1
6562177a48308eebbb6359ea,CP,adult,1.25,1
6571d21081e5b7f488282b0c,CP,adult,1.3333333333333333,0
67d1f6824f74bd16996512c0,CP,adult,1.05,1
5c2bb9cc8c35040001a59dde,CP,adult,1.025,1
67c74ce85a53a3888145adfd,CP,adult,1.02,1
5e20add2c4cd040512b39d63,CP,adult,1.05,0
63ed0392b8b24c34aaf26310,CP,adult,1.333332857142857,1
6629497a938b0963356f7002,CP,adult,1.5,1
674cca92742faa4642a6e9c7,CP,adult,1.3333333333333333,1
69d5801af14cddbf0b60b59d,CP,adult,1.025,1
5a0f46bb7542890001aa7503,CP,adult,1.0333333333333334,0
60dfd857e293a99dd577f4c8,CP,adult,1.033334,1
69d646c077f60a3e2654356b,CP,adult,1.05,1
698d20a041b53d5f1d94a807,CP,adult,1.25,1
69c973228d8daa01395a213f,CP,adult,1.025,1
62cbf51439a76e8fccd8a495,CP,adult,1.05,1
5ff8f853d424e61d827a6995,CP,adult,1.02,1
5b4991de56e0140001acb76b,CP,adult,1.05,1
66a926551ab3748f5d5348aa,CP,adult,1.333332857142857,1
5a0f46bb7542890001aa7503,CP,adult,1.0333333333333334,0
69a6dcc891788001618382c4,CP,adult,1.5,1
69c973228d8daa01395a213f,CP,adult,1.25,1
5c2bb9cc8c35040001a59dde,CP,adult,1.25,0
5e20add2c4cd040512b39d63,CP,adult,1.02,1
6629497a938b0963356f7002,CP,adult,1.025,0
646e4572cbed17f6bbacec12,CP,adult,1.033332857142857,1
6786e8177bc067f2f666d77c,CP,adult,1.333334,1
67c74ce85a53a3888145adfd,CP,adult,1.025,1
69d5801af14cddbf0b60b59d,CP,adult,1.05,1
6562177a48308eebbb6359ea,CP,adult,1.025,0
5b11afecc85dc40001621432,CP,adult,1.02,0
5c2bb9cc8c35040001a59dde,CP,adult,1.05,0
650b03136ab3d4c832d98b71,CP,adult,1.3333333333333333,1
698d20a041b53d5f1d94a807,CP,adult,1.02,1
67c74ce85a53a3888145adfd,CP,adult,1.05,0
69e1854db4ea42aaa31d6448,CP,adult,1.02,0
6751acc5dc78128951a34f1f,CP,adult,1.025,0
67c869872204b85d6c4c0749,CP,adult,1.02,1
646e4572cbed17f6bbacec12,CP,adult,1.02,0
6629497a938b0963356f7002,CP,adult,1.0333333333333334,0
605fbc12c61d8d10250f6e51,CP,adult,1.025,1
6786e8177bc067f2f666d77c,CP,adult,1.033332857142857,0
6744d143eddffd17d345b192,CP,adult,1.25,1
666ca8f24bc3a8e75b8f6ee2,CP,adult,1.025,1
605fbc12c61d8d10250f6e51,CP,adult,1.5,1
5a9ad69adbdb470001eee577,CP,adult,1.05,0
67d1f6824f74bd16996512c0,CP,adult,1.025,1
5f5452df72345118f58d187b,CP,adult,1.25,1
6629497a938b0963356f7002,CP,adult,1.02,0
66b48f832db507439d6ca2a2,CP,adult,1.02,1
5ff8f853d424e61d827a6995,CP,adult,1.5,1
5c2bb9cc8c35040001a59dde,CP,adult,1.025,0
6786e8177bc067f2f666d77c,CP,adult,1.3333333333333333,1
5a9ad69adbdb470001eee577,CP,adult,1.5,1
698d20a041b53d5f1d94a807,CP,adult,1.02,0
69ba05f19ad964237758de7b,CP,adult,1.033332857142857,1
5ff8f853d424e61d827a6995,CP,adult,1.25,1
69b0b5440140899f769646c2,CP,adult,1.0333333333333334,1
63f77f79278126e103659cf4,CP,adult,1.333334,1
67a6c90646c86497e696b432,CP,adult,1.333334,1
646e4572cbed17f6bbacec12,CP,adult,1.5,1
698d20a041b53d5f1d94a807,CP,adult,1.0333333333333334,1
69ba05f19ad964237758de7b,CP,adult,1.025,0
69333a16814ace7f717a154c,CP,adult,1.25,0
63f77f79278126e103659cf4,CP,adult,1.5,1
5c43b8f45aca820001f73cee,CP,adult,1.02,1
67d1f6824f74bd16996512c0,CP,adult,1.333332857142857,1
67a6c90646c86497e696b432,CP,adult,1.033334,0
67c74ce85a53a3888145adfd,CP,adult,1.25,1
5b11afecc85dc40001621432,CP,adult,1.05,1
69921bde43e69fd5d60ea256,CP,adult,1.5,1
66b48f832db507439d6ca2a2,CP,adult,1.333332857142857,1
5c43b8f45aca820001f73cee,CP,adult,1.3333333333333333,1
6744d143eddffd17d345b192,CP,adult,1.033332857142857,1
63f77f79278126e103659cf4,CP,adult,1.5,1
6786e8177bc067f2f666d77c,CP,adult,1.033334,1
60dfd857e293a99dd577f4c8,CP,adult,1.25,1
69b0b5440140899f769646c2,CP,adult,1.025,1
5b11afecc85dc40001621432,CP,adult,1.033334,1
698d20a041b53d5f1d94a807,CP,adult,1.02,1
69333a16814ace7f717a154c,CP,adult,1.5,1
6606d4f4acdc3a6b8200c0ee,CP,adult,1.333332857142857,1
5edeea354d54cb1a825aa8f9,CP,adult,1.25,1
6053e01a6a8e8516ba7d47a7,CP,adult,1.02,1
6571d21081e5b7f488282b0c,CP,adult,1.033334,1
63f77f79278126e103659cf4,CP,adult,1.02,0
69ccd28a681130791ee609f3,CP,adult,1.033332857142857,1
62cbf51439a76e8fccd8a495,CP,adult,1.333334,1
646e4572cbed17f6bbacec12,CP,adult,1.3333333333333333,1
5c43b8f45aca820001f73cee,CP,adult,1.02,1
5e20add2c4cd040512b39d63,CP,adult,1.025,1
5f2ea9c0a638c92312e4ae5c,CP,adult,1.0499999999999998,0
5f5452df72345118f58d187b,CP,adult,1.02,0
6562177a48308eebbb6359ea,CP,adult,1.02,0
5a9ad69adbdb470001eee577,CP,adult,1.033334,0
60dfd857e293a99dd577f4c8,CP,adult,1.02,0
69c973228d8daa01395a213f,CP,adult,1.025,0
5ff8f853d424e61d827a6995,CP,adult,1.05,1
6571d21081e5b7f488282b0c,CP,adult,1.333332857142857,1
69b0b5440140899f769646c2,CP,adult,1.333334,1
69b1b573bb2e49d76c8a4a57,CP,adult,1.5,1
646e4572cbed17f6bbacec12,CP,adult,1.025,0
67a6c90646c86497e696b432,CP,adult,1.3333333333333333,1
67d1f6824f74bd16996512c0,CP,adult,1.25,1
58584aa98604ae000165e633,CP,adult,1.5,1
62cbf51439a76e8fccd8a495,CP,adult,1.25,1
5c43b8f45aca820001f73cee,CP,adult,1.25,1
593871d4536c28000168c04c,CP,adult,1.025,0
5f2ea9c0a638c92312e4ae5c,CP,adult,1.5,1
5b4991de56e0140001acb76b,CP,adult,1.025,1
698ea1be50ea8dbf93448cff,CP,adult,1.333334,1
6751acc5dc78128951a34f1f,CP,adult,1.025,1
5a9ad69adbdb470001eee577,CP,adult,1.05,0
67d1f6824f74bd16996512c0,CP,adult,1.02,0
62c4d5821033848c1dc3667b,CP,adult,1.033334,1
69b1b573bb2e49d76c8a4a57,CP,adult,1.05,0
69b0b5440140899f769646c2,CP,adult,1.025,0
65cb86a7e667e637599a3af3,CP,adult,1.333332857142857,1
66b48f832db507439d6ca2a2,CP,adult,1.033334,0
67a6c90646c86497e696b432,CP,adult,1.25,1
69a6dcc891788001618382c4,CP,adult,1.25,1
5b11afecc85dc40001621432,CP,adult,1.02,1
67d1f6824f74bd16996512c0,CP,adult,1.5,1
67c74ce85a53a3888145adfd,CP,adult,1.0333333333333334,1
5e20add2c4cd040512b39d63,CP,adult,1.025,1
69333a16814ace7f717a154c,CP,adult,1.05,1
66b48f832db507439d6ca2a2,CP,adult,1.5,1
69e1854db4ea42aaa31d6448,CP,adult,1.25,0
67a6c90646c86497e696b432,CP,adult,1.05,1
62cbf51439a76e8fccd8a495,CP,adult,1.0333333333333334,0
69b1b573bb2e49d76c8a4a57,CP,adult,1.025,1
5c2bb9cc8c35040001a59dde,CP,adult,1.02,1
5b11afecc85dc40001621432,CP,adult,1.033332857142857,1
65cb86a7e667e637599a3af3,CP,adult,1.25,0
6786e8177bc067f2f666d77c,CP,adult,1.25,0
5f5452df72345118f58d187b,CP,adult,1.033332857142857,1
67c869872204b85d6c4c0749,CP,adult,1.333332857142857,1
69df23ac93fc5d13e11baf05,CP,adult,1.033334,1
69b1b573bb2e49d76c8a4a57,CP,adult,1.02,0
5c2bb9cc8c35040001a59dde,CP,adult,1.033332857142857,1
6629497a938b0963356f7002,CP,adult,1.02,1
63ed0392b8b24c34aaf26310,CP,adult,1.333332857142857,1
58584aa98604ae000165e633,CP,adult,1.02,1
66b48f832db507439d6ca2a2,CP,adult,1.333334,1
698ea1be50ea8dbf93448cff,CP,adult,1.5,1
605fbc12c61d8d10250f6e51,CP,adult,1.02,1
67a6c90646c86497e696b432,CP,adult,1.3333333333333333,1
69921bde43e69fd5d60ea256,CP,adult,1.5,1
69d646c077f60a3e2654356b,CP,adult,1.025,0
69a6dcc891788001618382c4,CP,adult,1.333332857142857,1
65cb86a7e667e637599a3af3,CP,adult,1.0499999999999998,1
698d20a041b53d5f1d94a807,CP,adult,1.02,1
69e1854db4ea42aaa31d6448,CP,adult,1.0333333333333334,0
66b48f832db507439d6ca2a2,CP,adult,1.333334,1
5b11afecc85dc40001621432,CP,adult,1.0333333333333334,0
5e20add2c4cd040512b39d63,CP,adult,1.0333333333333334,0
6751acc5dc78128951a34f1f,CP,adult,1.025,1
5edeea354d54cb1a825aa8f9,CP,adult,1.25,1
5b7bc048338a93000155167e,CP,adult,1.025,0
5a9ad69adbdb470001eee577,CP,adult,1.05,1
69e1854db4ea42aaa31d6448,CP,adult,1.0499999999999998,0
646d238ec077fb64c0294bd8,CP,adult,1.5,1
6571d21081e5b7f488282b0c,CP,adult,1.02,0
69921bde43e69fd5d60ea256,CP,adult,1.25,0
5ff8f853d424e61d827a6995,CP,adult,1.25,1
66b48f832db507439d6ca2a2,CP,adult,1.025,1
5f5452df72345118f58d187b,CP,adult,1.02,1
69e1854db4ea42aaa31d6448,CP,adult,1.25,1
69c973228d8daa01395a213f,CP,adult,1.3333333333333333,1
69333a16814ace7f717a154c,CP,adult,1.25,1
5ff8f853d424e61d827a6995,CP,adult,1.3333333333333333,1
69921bde43e69fd5d60ea256,CP,adult,1.25,1
6571d21081e5b7f488282b0c,CP,adult,1.25,0
6606d4f4acdc3a6b8200c0ee,CP,adult,1.5,1
69d646c077f60a3e2654356b,CP,adult,1.033332857142857,1
6053e01a6a8e8516ba7d47a7,CP,adult,1.25,1
698ea1be50ea8dbf93448cff,CP,adult,1.0333333333333334,1
62cbf51439a76e8fccd8a495,CP,adult,1.025,1
62c4d5821033848c1dc3667b,CP,adult,1.5,1
5c2bb9cc8c35040001a59dde,CP,adult,1.033332857142857,1
69921bde43e69fd5d60ea256,CP,adult,1.0499999999999998,1
650b03136ab3d4c832d98b71,CP,adult,1.025,0
6606d4f4acdc3a6b8200c0ee,CP,adult,1.5,1
5b0710e7a84dcf0001beee8a,CP,adult,1.05,1
698ea1be50ea8dbf93448cff,CP,adult,1.02,0
6053e01a6a8e8516ba7d47a7,CP,adult,1.333332857142857,1
5a0f46bb7542890001aa7503,CP,adult,1.025,0
69c973228d8daa01395a213f,CP,adult,1.25,1
69921bde43e69fd5d60ea256,CP,adult,1.3333333333333333,1
69ba05f19ad964237758de7b,CP,adult,1.5,1
698d20a041b53d5f1d94a807,CP,adult,1.0499999999999998,0
66b48f832db507439d6ca2a2,CP,adult,1.3333333333333333,1
698ea1be50ea8dbf93448cff,CP,adult,1.05,1
67a6c90646c86497e696b432,CP,adult,1.3333333333333333,1
5ff8f853d424e61d827a6995,CP,adult,1.3333333333333333,1
63f77f79278126e103659cf4,CP,adult,1.25,1
66a926551ab3748f5d5348aa,CP,adult,1.033332857142857,0
5edeea354d54cb1a825aa8f9,CP,adult,1.05,0
698d20a041b53d5f1d94a807,CP,adult,1.25,1
5b11afecc85dc40001621432,CP,adult,1.033334,1
5f5452df72345118f58d187b,CP,adult,1.25,1
69333a16814ace7f717a154c,CP,adult,1.033332857142857,0
69c973228d8daa01395a213f,CP,adult,1.25,1
674cca92742faa4642a6e9c7,CP,adult,1.025,0
6786e8177bc067f2f666d77c,CP,adult,1.5,1
6606d4f4acdc3a6b8200c0ee,CP,adult,1.3333333333333333,1
62cbf51439a76e8fccd8a495,CP,adult,1.05,0
69ccd28a681130791ee609f3,CP,adult,1.05,0
67d1f6824f74bd16996512c0,CP,adult,1.02,0
6629497a938b0963356f7002,CP,adult,1.25,1
5c2bb9cc8c35040001a59dde,CP,adult,1.333332857142857,1
69d5801af14cddbf0b60b59d,CP,adult,1.05,1
65cb86a7e667e637599a3af3,CP,adult,1.333332857142857,1
6562177a48308eebbb6359ea,CP,adult,1.02,1
69ba05f19ad964237758de7b,CP,adult,1.333332857142857,1
62c4d5821033848c1dc3667b,CP,adult,1.02,0
605fbc12c61d8d10250f6e51,CP,adult,1.05,1
69d646c077f60a3e2654356b,CP,adult,1.02,0
6744d143eddffd17d345b192,CP,adult,1.033334,1
65cb86a7e667e637599a3af3,CP,adult,1.025,1
66a926551ab3748f5d5348aa,CP,adult,1.025,1
5a0f46bb7542890001aa7503,CP,adult,1.02,1
69a6dcc891788001618382c4,CP,adult,1.0333333333333334,1
5b7bc048338a93000155167e,CP,adult,1.033332857142857,1
69ba05f19ad964237758de7b,CP,adult,1.02,0
605fbc12c61d8d10250f6e51,CP,adult,1.02,1
63ed0392b8b24c34aaf26310,CP,adult,1.5,1
5b0710e7a84dcf0001beee8a,CP,adult,1.033334,0
6744d143eddffd17d345b192,CP,adult,1.0499999999999998,1
5edeea354d54cb1a825aa8f9,CP,adult,1.5,1
63f77f79278126e103659cf4,CP,adult,1.5,1
58584aa98604ae000165e633,CP,adult,1.025,0
66a926551ab3748f5d5348aa,CP,adult,1.025,0
69df23ac93fc5d13e11baf05,CP,adult,1.025,1
63ed0392b8b24c34aaf26310,CP,adult,1.5,1
698d20a041b53d5f1d94a807,CP,adult,1.0499999999999998,1
5b4991de56e0140001acb76b,CP,adult,1.333332857142857,1
674cca92742faa4642a6e9c7,CP,adult,1.0499999999999998,1
6562177a48308eebbb6359ea,CP,adult,1.025,1
6571d21081e5b7f488282b0c,CP,adult,1.3333333333333333,0
69d5801af14cddbf0b60b59d,CP,adult,1.033334,0
67c74ce85a53a3888145adfd,CP,adult,1.025,1
58584aa98604ae000165e633,CP,adult,1.025,1
67d1f6824f74bd16996512c0,CP,adult,1.5,1
6606d4f4acdc3a6b8200c0ee,CP,adult,1.05,1
69b0b5440140899f769646c2,CP,adult,1.033332857142857,1
5b0710e7a84dcf0001beee8a,CP,adult,1.25,1
674cca92742faa4642a6e9c7,CP,adult,1.02,1
5f2ea9c0a638c92312e4ae5c,CP,adult,1.02,0
69c973228d8daa01395a213f,CP,adult,1.0333333333333334,1
69d5801af14cddbf0b60b59d,CP,adult,1.25,1
6571d21081e5b7f488282b0c,CP,adult,1.05,1
593871d4536c28000168c04c,CP,adult,1.02,1
5e20add2c4cd040512b39d63,CP,adult,1.25,1
646e4572cbed17f6bbacec12,CP,adult,1.25,1
67c869872204b85d6c4c0749,CP,adult,1.333334,1
666ca8f24bc3a8e75b8f6ee2,CP,adult,1.025,1
6744d143eddffd17d345b192,CP,adult,1.25,1
69df23ac93fc5d13e11baf05,CP,adult,1.333334,1
6053e01a6a8e8516ba7d47a7,CP,adult,1.333334,1
63f77f79278126e103659cf4,CP,adult,1.02,1
646e4572cbed17f6bbacec12,CP,adult,1.02,1
67c74ce85a53a3888145adfd,CP,adult,1.02,1
674cca92742faa4642a6e9c7,CP,adult,1.5,1
5b7bc048338a93000155167e,CP,adult,1.333332857142857,1
5d4c7d1a2a25e5000114cf3b,CP,adult,1.025,1
5a9ad69adbdb470001eee577,CP,adult,1.02,0
6053e01a6a8e8516ba7d47a7,CP,adult,1.333334,1
65cb86a7e667e637599a3af3,CP,adult,1.033334,0
5f2ea9c0a638c92312e4ae5c,CP,adult,1.02,1
69ccd28a681130791ee609f3,CP,adult,1.02,0
67c869872204b85d6c4c0749,CP,adult,1.05,1
5edeea354d54cb1a825aa8f9,CP,adult,1.05,1
62c4d5821033848c1dc3667b,CP,adult,1.25,1
66a926551ab3748f5d5348aa,CP,adult,1.02,1
605fbc12c61d8d10250f6e51,CP,adult,1.02,1
675230603ce35dd4658c4dd0,CP,adult,1.033332857142857,1
5b4991de56e0140001acb76b,CP,adult,1.0499999999999998,0
6744d143eddffd17d345b192,CP,adult,1.02,0
69921bde43e69fd5d60ea256,CP,adult,1.3333333333333333,1
5a9ad69adbdb470001eee577,CP,adult,1.25,1
67c74ce85a53a3888145adfd,CP,adult,1.025,1
69ccd28a681130791ee609f3,CP,adult,1.033332857142857,0
5c43b8f45aca820001f73cee,CP,adult,1.02,1
650b03136ab3d4c832d98b71,CP,adult,1.0499999999999998,1
69e1854db4ea42aaa31d6448,CP,adult,1.0333333333333334,1
6751acc5dc78128951a34f1f,CP,adult,1.025,1
60dfd857e293a99dd577f4c8,CP,adult,1.333332857142857,1
5b0710e7a84dcf0001beee8a,CP,adult,1.025,1
69b1b573bb2e49d76c8a4a57,CP,adult,1.025,0
5a0f46bb7542890001aa7503,CP,adult,1.0333333333333334,1
5ff8f853d424e61d827a6995,CP,adult,1.02,1
5f5452df72345118f58d187b,CP,adult,1.025,1
698ea1be50ea8dbf93448cff,CP,adult,1.025,1
69333a16814ace7f717a154c,CP,adult,1.3333333333333333,1
69921bde43e69fd5d60ea256,CP,adult,1.333332857142857,1
69ba05f19ad964237758de7b,CP,adult,1.333332857142857,1
6744d143eddffd17d345b192,CP,adult,1.025,1
65cb86a7e667e637599a3af3,CP,adult,1.25,1
69d646c077f60a3e2654356b,CP,adult,1.025,1
69d5801af14cddbf0b60b59d,CP,adult,1.02,0
62cbf51439a76e8fccd8a495,CP,adult,1.5,1
67c869872204b85d6c4c0749,CP,adult,1.5,1
5e20add2c4cd040512b39d63,CP,adult,1.5,1
674cca92742faa4642a6e9c7,CP,adult,1.033334,1
5b11afecc85dc40001621432,CP,adult,1.025,1
5a9ad69adbdb470001eee577,CP,adult,1.333332857142857,1
646d238ec077fb64c0294bd8,CP,adult,1.333332857142857,1
62c4d5821033848c1dc3667b,CP,adult,1.3333333333333333,1
67d1f6824f74bd16996512c0,CP,adult,1.02,1
69d5801af14cddbf0b60b59d,CP,adult,1.25,0
69921bde43e69fd5d60ea256,CP,adult,1.3333333333333333,1
69b1b573bb2e49d76c8a4a57,CP,adult,1.025,0
5e20add2c4cd040512b39d63,CP,adult,1.5,1
675230603ce35dd4658c4dd0,CP,adult,1.033334,0
63ed0392b8b24c34aaf26310,CP,adult,1.02,0
62c4d5821033848c1dc3667b,CP,adult,1.25,1
6053e01a6a8e8516ba7d47a7,CP,adult,1.025,1
67c869872204b85d6c4c0749,CP,adult,1.033332857142857,0
698ea1be50ea8dbf93448cff,CP,adult,1.25,1
666ca8f24bc3a8e75b8f6ee2,CP,adult,1.033332857142857,1
5f2ea9c0a638c92312e4ae5c,CP,adult,1.02,0
674cca92742faa4642a6e9c7,CP,adult,1.5,1
5f5452df72345118f58d187b,CP,adult,1.033332857142857,1
69d646c077f60a3e2654356b,CP,adult,1.033332857142857,1
646d238ec077fb64c0294bd8,CP,adult,1.025,1
5a9ad69adbdb470001eee577,CP,adult,1.333332857142857,1
69a6dcc891788001618382c4,CP,adult,1.333334,1
6629497a938b0963356f7002,CP,adult,1.025,0
5ff8f853d424e61d827a6995,CP,adult,1.25,1
5c43b8f45aca820001f73cee,CP,adult,1.3333333333333333,1
650b03136ab3d4c832d98b71,CP,adult,1.033332857142857,0
60dfd857e293a99dd577f4c8,CP,adult,1.25,1
6751acc5dc78128951a34f1f,CP,adult,1.0499999999999998,0
62cbf51439a76e8fccd8a495,CP,adult,1.0499999999999998,0
69d646c077f60a3e2654356b,CP,adult,1.033332857142857,0
5a0f46bb7542890001aa7503,CP,adult,1.033334,1
62c4d5821033848c1dc3667b,CP,adult,1.0499999999999998,1
646d238ec077fb64c0294bd8,CP,adult,1.3333333333333333,1
65cb86a7e667e637599a3af3,CP,adult,1.025,1
6606d4f4acdc3a6b8200c0ee,CP,adult,1.025,1
67d1f6824f74bd16996512c0,CP,adult,1.333334,1
62cbf51439a76e8fccd8a495,CP,adult,1.5,1
5f2ea9c0a638c92312e4ae5c,CP,adult,1.25,1
5a9ad69adbdb470001eee577,CP,adult,1.3333333333333333,1
69ba05f19ad964237758de7b,CP,adult,1.02,1
6571d21081e5b7f488282b0c,CP,adult,1.02,0
62c4d5821033848c1dc3667b,CP,adult,1.05,0
63ed0392b8b24c34aaf26310,CP,adult,1.033334,0
5edeea354d54cb1a825aa8f9,CP,adult,1.025,0
650b03136ab3d4c832d98b71,CP,adult,1.5,1
646d238ec077fb64c0294bd8,CP,adult,1.02,1
67a6c90646c86497e696b432,CP,adult,1.3333333333333333,1
69c973228d8daa01395a213f,CP,adult,1.25,1
5b0710e7a84dcf0001beee8a,CP,adult,1.5,1
593871d4536c28000168c04c,CP,adult,1.0333333333333334,1
646e4572cbed17f6bbacec12,CP,adult,1.02,1
675230603ce35dd4658c4dd0,CP,adult,1.25,1
60dfd857e293a99dd577f4c8,CP,adult,1.3333333333333333,0
69e1854db4ea42aaa31d6448,CP,adult,1.05,0
69b1b573bb2e49d76c8a4a57,CP,adult,1.02,0
6629497a938b0963356f7002,CP,adult,1.05,1
650b03136ab3d4c832d98b71,CP,adult,1.25,1
605fbc12c61d8d10250f6e51,CP,adult,1.033332857142857,0
5b7bc048338a93000155167e,CP,adult,1.02,1
5ff8f853d424e61d827a6995,CP,adult,1.025,0
62cbf51439a76e8fccd8a495,CP,adult,1.5,1
5b4991de56e0140001acb76b,CP,adult,1.25,1
698d20a041b53d5f1d94a807,CP,adult,1.0499999999999998,1
6629497a938b0963356f7002,CP,adult,1.5,1
69c973228d8daa01395a213f,CP,adult,1.025,1
65cb86a7e667e637599a3af3,CP,adult,1.025,1
646e4572cbed17f6bbacec12,CP,adult,1.25,1
5ff8f853d424e61d827a6995,CP,adult,1.5,1
5edeea354d54cb1a825aa8f9,CP,adult,1.033332857142857,0
5a0f46bb7542890001aa7503,CP,adult,1.02,0
69b1b573bb2e49d76c8a4a57,CP,adult,1.02,0
69d5801af14cddbf0b60b59d,CP,adult,1.0499999999999998,1
5e20add2c4cd040512b39d63,CP,adult,1.5,1
593871d4536c28000168c04c,CP,adult,1.05,0
5b7bc048338a93000155167e,CP,adult,1.02,0
6751acc5dc78128951a34f1f,CP,adult,1.02,1
646e4572cbed17f6bbacec12,CP,adult,1.0499999999999998,1
63f77f79278126e103659cf4,CP,adult,1.02,1
63ed0392b8b24c34aaf26310,CP,adult,1.025,0
5e20add2c4cd040512b39d63,CP,adult,1.025,0
69e1854db4ea42aaa31d6448,CP,adult,1.5,1
69333a16814ace7f717a154c,CP,adult,1.025,1
646e4572cbed17f6bbacec12,CP,adult,1.02,1
6053e01a6a8e8516ba7d47a7,CP,adult,1.025,1
69a6dcc891788001618382c4,CP,adult,1.025,0
69ba05f19ad964237758de7b,CP,adult,1.25,1
69d8501df44c01f3dd2ebc20,CP,adult,1.025,0
5b7bc048338a93000155167e,CP,adult,1.033332857142857,0
6786e8177bc067f2f666d77c,CP,adult,1.05,1
5b4991de56e0140001acb76b,CP,adult,1.025,1
69b0b5440140899f769646c2,CP,adult,1.25,1
67c74ce85a53a3888145adfd,CP,adult,1.02,0
675230603ce35dd4658c4dd0,CP,adult,1.333332857142857,1
6629497a938b0963356f7002,CP,adult,1.05,0
5c2bb9cc8c35040001a59dde,CP,adult,1.333334,1
69d5801af14cddbf0b60b59d,CP,adult,1.3333333333333333,0
5c43b8f45aca820001f73cee,CP,adult,1.25,1
67c869872204b85d6c4c0749,CP,adult,1.3333333333333333,1
5b4991de56e0140001acb76b,CP,adult,1.25,1
6571d21081e5b7f488282b0c,CP,adult,1.333334,1
605fbc12c61d8d10250f6e51,CP,adult,1.3333333333333333,1
69b1b573bb2e49d76c8a4a57,CP,adult,1.05,1
69b0b5440140899f769646c2,CP,adult,1.02,0
5f2ea9c0a638c92312e4ae5c,CP,adult,1.033332857142857,1
69d8501df44c01f3dd2ebc20,CP,adult,1.02,1
5f5452df72345118f58d187b,CP,adult,1.333334,1
6606d4f4acdc3a6b8200c0ee,CP,adult,1.0499999999999998,1
63ed0392b8b24c34aaf26310,CP,adult,1.025,1
6571d21081e5b7f488282b0c,CP,adult,1.25,1
6053e01a6a8e8516ba7d47a7,CP,adult,1.5,1
6786e8177bc067f2f666d77c,CP,adult,1.02,0
5c2bb9cc8c35040001a59dde,CP,adult,1.0499999999999998,1
67c74ce85a53a3888145adfd,CP,adult,1.25,1
63f77f79278126e103659cf4,CP,adult,1.0333333333333334,0
69333a16814ace7f717a154c,CP,adult,1.0499999999999998,1
6606d4f4acdc3a6b8200c0ee,CP,adult,1.25,1
66b48f832db507439d6ca2a2,CP,adult,1.025,1
650b03136ab3d4c832d98b71,CP,adult,1.025,1
5a9ad69adbdb470001eee577,CP,adult,1.5,1
69a6dcc891788001618382c4,CP,adult,1.3333333333333333,1
67c74ce85a53a3888145adfd,CP,adult,1.5,1
69921bde43e69fd5d60ea256,CP,adult,1.0499999999999998,1
63f77f79278126e103659cf4,CP,adult,1.3333333333333333,1
5c43b8f45aca820001f73cee,CP,adult,1.05,1
69333a16814ace7f717a154c,CP,adult,1.0333333333333334,0
60dfd857e293a99dd577f4c8,CP,adult,1.25,1
67a6c90646c86497e696b432,CP,adult,1.333332857142857,1
62cbf51439a76e8fccd8a495,CP,adult,1.3333333333333333,1
58584aa98604ae000165e633,CP,adult,1.02,0
5a0f46bb7542890001aa7503,CP,adult,1.033334,1
6571d21081e5b7f488282b0c,CP,adult,1.5,1
66a926551ab3748f5d5348aa,CP,adult,1.05,1
698d20a041b53d5f1d94a807,CP,adult,1.5,1
69333a16814ace7f717a154c,CP,adult,1.05,1
5edeea354d54cb1a825aa8f9,CP,adult,1.5,1
69c973228d8daa01395a213f,CP,adult,1.5,1
6744d143eddffd17d345b192,CP,adult,1.025,1
646e4572cbed17f6bbacec12,CP,adult,1.0333333333333334,1
69b0b5440140899f769646c2,CP,adult,1.25,1
69d646c077f60a3e2654356b,CP,adult,1.0499999999999998,1
5c43b8f45aca820001f73cee,CP,adult,1.05,0
698ea1be50ea8dbf93448cff,CP,adult,1.025,1
69ba05f19ad964237758de7b,CP,adult,1.02,0
67a6c90646c86497e696b432,CP,adult,1.025,0
6751acc5dc78128951a34f1f,CP,adult,1.025,1
6571d21081e5b7f488282b0c,CP,adult,1.025,0
605fbc12c61d8d10250f6e51,CP,adult,1.025,1
69b0b5440140899f769646c2,CP,adult,1.02,0
69d646c077f60a3e2654356b,CP,adult,1.25,1
698d20a041b53d5f1d94a807,CP,adult,1.05,1
69ba05f19ad964237758de7b,CP,adult,1.5,1
6571d21081e5b7f488282b0c,CP,adult,1.025,1
65cb86a7e667e637599a3af3,CP,adult,1.025,0
650b03136ab3d4c832d98b71,CP,adult,1.025,0
69a6dcc891788001618382c4,CP,adult,1.25,1
67c869872204b85d6c4c0749,CP,adult,1.05,0
6571d21081e5b7f488282b0c,CP,adult,1.5,1
5ff8f853d424e61d827a6995,CP,adult,1.02,1
67696d49d386c9789b03b1da,CP,adult,1.025,0
60e70621e54d41df0e70bfcd,CP,adult,1.02,0
69df23ac93fc5d13e11baf05,CP,adult,1.25,1
646d238ec077fb64c0294bd8,CP,adult,1.25,1
675230603ce35dd4658c4dd0,CP,adult,1.05,1
593871d4536c28000168c04c,CP,adult,1.333334,1
605fbc12c61d8d10250f6e51,CP,adult,1.25,1
5f93aff4d654c619d22b94b9,CP,adult,1.25,1
69d959b8247f8be4f2554ee0,CP,adult,1.05,1
5b7bc048338a93000155167e,CP,adult,1.033332857142857,1
605fbc12c61d8d10250f6e51,CP,adult,1.02,0
593871d4536c28000168c04c,CP,adult,1.25,1
5e5d824268168509ca89806f,CP,adult,1.0333333333333334,1
69d959b8247f8be4f2554ee0,CP,adult,1.5,1
69df23ac93fc5d13e11baf05,CP,adult,1.0333333333333334,1
60314f566c0b9306e3956ebc,CP,adult,1.05,1
5e5d824268168509ca89806f,CP,adult,1.02,0
646d238ec077fb64c0294bd8,CP,adult,1.5,1
5d4c7d1a2a25e5000114cf3b,CP,adult,1.033334,0
60e70621e54d41df0e70bfcd,CP,adult,1.02,1
605fbc12c61d8d10250f6e51,CP,adult,1.05,0
698ea1be50ea8dbf93448cff,CP,adult,1.5,1
5c55a5d2318c6b000118fc36,CP,adult,1.333334,1
60e70621e54d41df0e70bfcd,CP,adult,1.02,1
69a6dcc891788001618382c4,CP,adult,1.333332857142857,1
6786e8177bc067f2f666d77c,CP,adult,1.025,1
67c74ce85a53a3888145adfd,CP,adult,1.05,1
5c43b8f45aca820001f73cee,CP,adult,1.02,0
5b4991de56e0140001acb76b,CP,adult,1.02,1
66b48f832db507439d6ca2a2,CP,adult,1.05,0
65cb86a7e667e637599a3af3,CP,adult,1.02,1
69a6dcc891788001618382c4,CP,adult,1.0499999999999998,0
69df23ac93fc5d13e11baf05,CP,adult,1.05,0
5a0f46bb7542890001aa7503,CP,adult,1.02,0
5f2ea9c0a638c92312e4ae5c,CP,adult,1.025,1
6571d21081e5b7f488282b0c,CP,adult,1.25,1
69e1854db4ea42aaa31d6448,CP,adult,1.02,1
674cca92742faa4642a6e9c7,CP,adult,1.5,1
6786e8177bc067f2f666d77c,CP,adult,1.025,1
69ccd28a681130791ee609f3,CP,adult,1.0333333333333334,1
62cbf51439a76e8fccd8a495,CP,adult,1.25,1
5b4991de56e0140001acb76b,CP,adult,1.5,1
646d238ec077fb64c0294bd8,CP,adult,1.033334,1
5d4c7d1a2a25e5000114cf3b,CP,adult,1.02,1
6606d4f4acdc3a6b8200c0ee,CP,adult,1.025,1
67d1f6824f74bd16996512c0,CP,adult,1.025,0
646e4572cbed17f6bbacec12,CP,adult,1.5,1
69c973228d8daa01395a213f,CP,adult,1.0499999999999998,1
63ed0392b8b24c34aaf26310,CP,adult,1.02,1
69921bde43e69fd5d60ea256,CP,adult,1.25,1
66a926551ab3748f5d5348aa,CP,adult,1.02,1
605fbc12c61d8d10250f6e51,CP,adult,1.02,1
5c43b8f45aca820001f73cee,CP,adult,1.025,1
5ff8f853d424e61d827a6995,CP,adult,1.02,0
6751acc5dc78128951a34f1f,CP,adult,1.5,1
5d4c7d1a2a25e5000114cf3b,CP,adult,1.333334,1
55ac3198fdf99b6de3b68b23,CP,adult,1.02,1
67bcba4cce51e01aa4648b3b,CP,adult,1.033334,0
646d238ec077fb64c0294bd8,CP,adult,1.5,1
5e5d824268168509ca89806f,CP,adult,1.02,1
5e16bce18dffa0c6f76cda9b,CP,adult,1.02,0
5f93aff4d654c619d22b94b9,CP,adult,1.5,1
60e70621e54d41df0e70bfcd,CP,adult,1.02,0
5a9ad69adbdb470001eee577,CP,adult,1.25,1
69b1b573bb2e49d76c8a4a57,CP,adult,1.333334,1
5f93aff4d654c619d22b94b9,CP,adult,1.05,1
63f77f79278126e103659cf4,CP,adult,1.3333333333333333,1
5f464fffdb67840175b5b746,CP,adult,1.02,0
6658c4239af9537eefdfbcc9,CP,adult,1.025,0
67696d49d386c9789b03b1da,CP,adult,1.05,1
5b7bc048338a93000155167e,CP,adult,1.3333333333333333,1
5a9ad69adbdb470001eee577,CP,adult,1.025,1
55ac3198fdf99b6de3b68b23,CP,adult,1.02,1
5e16bce18dffa0c6f76cda9b,CP,adult,1.333332857142857,1
62c4d5821033848c1dc3667b,CP,adult,1.5,1
5ff8f853d424e61d827a6995,CP,adult,1.0499999999999998,1
63f77f79278126e103659cf4,CP,adult,1.033332857142857,1
698ea1be50ea8dbf93448cff,CP,adult,1.5,1
69921bde43e69fd5d60ea256,CP,adult,1.5,1
69ba05f19ad964237758de7b,CP,adult,1.333332857142857,1
67a6c90646c86497e696b432,CP,adult,1.05,0
6751acc5dc78128951a34f1f,CP,adult,1.02,0
69ccd28a681130791ee609f3,CP,adult,1.033334,1
5d4c7d1a2a25e5000114cf3b,CP,adult,1.0333333333333334,1
5f5452df72345118f58d187b,CP,adult,1.033334,0
67c869872204b85d6c4c0749,CP,adult,1.5,1
58584aa98604ae000165e633,CP,adult,1.033334,1
60dfd857e293a99dd577f4c8,CP,adult,1.5,1
69d8501df44c01f3dd2ebc20,CP,adult,1.033332857142857,1
6744d143eddffd17d345b192,CP,adult,1.3333333333333333,1
593871d4536c28000168c04c,CP,adult,1.02,1
5b11afecc85dc40001621432,CP,adult,1.02,1
5f5452df72345118f58d187b,CP,adult,1.02,1
69df23ac93fc5d13e11baf05,CP,adult,1.5,1
5c2bb9cc8c35040001a59dde,CP,adult,1.333334,1
5b7bc048338a93000155167e,CP,adult,1.02,1
6629497a938b0963356f7002,CP,adult,1.0499999999999998,0
58584aa98604ae000165e633,CP,adult,1.02,1
69e1854db4ea42aaa31d6448,CP,adult,1.02,0
66b48f832db507439d6ca2a2,CP,adult,1.033334,0
5ff8f853d424e61d827a6995,CP,adult,1.05,1
62c4d5821033848c1dc3667b,CP,adult,1.0333333333333334,1
5c2bb9cc8c35040001a59dde,CP,adult,1.5,1
698ea1be50ea8dbf93448cff,CP,adult,1.025,0
5a0f46bb7542890001aa7503,CP,adult,1.5,1
69df23ac93fc5d13e11baf05,CP,adult,1.333332857142857,1
5f464fffdb67840175b5b746,CP,adult,1.333334,1
666ca8f24bc3a8e75b8f6ee2,CP,adult,1.25,1
69d959b8247f8be4f2554ee0,CP,adult,1.5,1
5ff8f853d424e61d827a6995,CP,adult,1.25,1
67696d49d386c9789b03b1da,CP,adult,1.3333333333333333,1
593871d4536c28000168c04c,CP,adult,1.25,1
697bc0049bada14424bebac5,CP,adult,1.25,1
5f2ea9c0a638c92312e4ae5c,CP,adult,1.3333333333333333,1
605fbc12c61d8d10250f6e51,CP,adult,1.5,1
6510b799ca6f903d2d4c2d2c,CP,adult,1.5,1
5e5d824268168509ca89806f,CP,adult,1.05,0
5f464fffdb67840175b5b746,CP,adult,1.025,1
593871d4536c28000168c04c,CP,adult,1.0499999999999998,1
5f2ea9c0a638c92312e4ae5c,CP,adult,1.033334,0
698ea1be50ea8dbf93448cff,CP,adult,1.025,0
5a0f46bb7542890001aa7503,CP,adult,1.5,1
5f464fffdb67840175b5b746,CP,adult,1.02,0
6751acc5dc78128951a34f1f,CP,adult,1.05,0
697bc0049bada14424bebac5,CP,adult,1.0499999999999998,0
650b03136ab3d4c832d98b71,CP,adult,1.025,0
5c55a5d2318c6b000118fc36,CP,adult,1.333332857142857,1
67696d49d386c9789b03b1da,CP,adult,1.033332857142857,0
67bcba4cce51e01aa4648b3b,CP,adult,1.033334,1
69b1b573bb2e49d76c8a4a57,CP,adult,1.025,0
5a0f46bb7542890001aa7503,CP,adult,1.5,1
6786e8177bc067f2f666d77c,CP,adult,1.5,1
6744d143eddffd17d345b192,CP,adult,1.25,1
6751acc5dc78128951a34f1f,CP,adult,1.02,0
675230603ce35dd4658c4dd0,CP,adult,1.02,1
5b4991de56e0140001acb76b,CP,adult,1.0333333333333334,0
5f93aff4d654c619d22b94b9,CP,adult,1.25,0
697bc0049bada14424bebac5,CP,adult,1.333332857142857,1
63f77f79278126e103659cf4,CP,adult,1.0499999999999998,1
6751acc5dc78128951a34f1f,CP,adult,1.025,0
650b03136ab3d4c832d98b71,CP,adult,1.02,0
66a926551ab3748f5d5348aa,CP,adult,1.333334,1
67c869872204b85d6c4c0749,CP,adult,1.25,0
67bcba4cce51e01aa4648b3b,CP,adult,1.25,0
650b03136ab3d4c832d98b71,CP,adult,1.25,1
6751acc5dc78128951a34f1f,CP,adult,1.5,1
5a0f46bb7542890001aa7503,CP,adult,1.25,1
646d238ec077fb64c0294bd8,CP,adult,1.25,1
69ba05f19ad964237758de7b,CP,adult,1.033334,1
605fbc12c61d8d10250f6e51,CP,adult,1.0499999999999998,0
69d959b8247f8be4f2554ee0,CP,adult,1.0499999999999998,0
5e5d824268168509ca89806f,CP,adult,1.5,1
5edeea354d54cb1a825aa8f9,CP,adult,1.25,1
666ca8f24bc3a8e75b8f6ee2,CP,adult,1.25,1
67c869872204b85d6c4c0749,CP,adult,1.033332857142857,1
698ea1be50ea8dbf93448cff,CP,adult,1.05,1
593871d4536c28000168c04c,CP,adult,1.25,1
69d959b8247f8be4f2554ee0,CP,adult,1.02,1
5c43b8f45aca820001f73cee,CP,adult,1.3333333333333333,1
5ff8f853d424e61d827a6995,CP,adult,1.0499999999999998,1
5f464fffdb67840175b5b746,CP,adult,1.025,0
5e5d824268168509ca89806f,CP,adult,1.025,0
69d959b8247f8be4f2554ee0,CP,adult,1.0499999999999998,0
5c43b8f45aca820001f73cee,CP,adult,1.25,1
5a0f46bb7542890001aa7503,CP,adult,1.25,1
6510b799ca6f903d2d4c2d2c,CP,adult,1.02,1
67696d49d386c9789b03b1da,CP,adult,1.3333333333333333,1
60e70621e54d41df0e70bfcd,CP,adult,1.02,0
5b11afecc85dc40001621432,CP,adult,1.025,0
697bc0049bada14424bebac5,CP,adult,1.5,1
5c55a5d2318c6b000118fc36,CP,adult,1.333334,1
67696d49d386c9789b03b1da,CP,adult,1.25,1
646d238ec077fb64c0294bd8,CP,adult,1.5,1
6751acc5dc78128951a34f1f,CP,adult,1.5,1
5a0f46bb7542890001aa7503,CP,adult,1.5,1
63f77f79278126e103659cf4,CP,adult,1.033334,1
605fbc12c61d8d10250f6e51,CP,adult,1.3333333333333333,1
5c43b8f45aca820001f73cee,CP,adult,1.05,0
69d959b8247f8be4f2554ee0,CP,adult,1.033332857142857,1
67c869872204b85d6c4c0749,CP,adult,1.025,0
666ca8f24bc3a8e75b8f6ee2,CP,adult,1.0333333333333334,0
605fbc12c61d8d10250f6e51,CP,adult,1.25,1
5a9ad69adbdb470001eee577,CP,adult,1.0499999999999998,0
697bc0049bada14424bebac5,CP,adult,1.033332857142857,0
6510b799ca6f903d2d4c2d2c,CP,adult,1.02,0
67c74ce85a53a3888145adfd,CP,adult,1.025,0
69ccd28a681130791ee609f3,CP,adult,1.02,0
5a9ad69adbdb470001eee577,CP,adult,1.02,0
69b1b573bb2e49d76c8a4a57,CP,adult,1.02,1
5d4c7d1a2a25e5000114cf3b,CP,adult,1.333334,1
5f2ea9c0a638c92312e4ae5c,CP,adult,1.25,1
605fbc12c61d8d10250f6e51,CP,adult,1.0499999999999998,1
69ba05f19ad964237758de7b,CP,adult,1.5,1
69d8501df44c01f3dd2ebc20,CP,adult,1.5,1
6751acc5dc78128951a34f1f,CP,adult,1.033332857142857,1
646d238ec077fb64c0294bd8,CP,adult,1.025,0
69df23ac93fc5d13e11baf05,CP,adult,1.025,0
5a9ad69adbdb470001eee577,CP,adult,1.025,0
5b11afecc85dc40001621432,CP,adult,1.05,1
67c869872204b85d6c4c0749,CP,adult,1.3333333333333333,1
5c43b8f45aca820001f73cee,CP,adult,1.333332857142857,1
63f77f79278126e103659cf4,CP,adult,1.025,1
5f93aff4d654c619d22b94b9,CP,adult,1.033332857142857,1
6751acc5dc78128951a34f1f,CP,adult,1.5,1
69df23ac93fc5d13e11baf05,CP,adult,1.25,1
5c43b8f45aca820001f73cee,CP,adult,1.3333333333333333,1
6510b799ca6f903d2d4c2d2c,CP,adult,1.5,1
5d4c7d1a2a25e5000114cf3b,CP,adult,1.5,1
646d238ec077fb64c0294bd8,CP,adult,1.02,1
5a9ad69adbdb470001eee577,CP,adult,1.333332857142857,1
5ff8f853d424e61d827a6995,CP,adult,1.02,1
5e5d824268168509ca89806f,CP,adult,1.033332857142857,1
5edeea354d54cb1a825aa8f9,CP,adult,1.5,1
60e70621e54d41df0e70bfcd,CP,adult,1.5,1
697bc0049bada14424bebac5,CP,adult,1.5,1
698ea1be50ea8dbf93448cff,CP,adult,1.033332857142857,1
69df23ac93fc5d13e11baf05,CP,adult,1.033332857142857,1
67bcba4cce51e01aa4648b3b,CP,adult,1.05,1
67c869872204b85d6c4c0749,CP,adult,1.02,1
5a9ad69adbdb470001eee577,CP,adult,1.25,1
697bc0049bada14424bebac5,CP,adult,1.025,0
5c55a5d2318c6b000118fc36,CP,adult,1.033334,1
666ca8f24bc3a8e75b8f6ee2,CP,adult,1.02,1
69d8501df44c01f3dd2ebc20,CP,adult,1.5,0
5f93aff4d654c619d22b94b9,CP,adult,1.3333333333333333,1
63f77f79278126e103659cf4,CP,adult,1.5,1
69b1b573bb2e49d76c8a4a57,CP,adult,1.025,1
6510b799ca6f903d2d4c2d2c,CP,adult,1.25,1
675230603ce35dd4658c4dd0,CP,adult,1.333332857142857,1
697bc0049bada14424bebac5,CP,adult,1.033332857142857,1
67bcba4cce51e01aa4648b3b,CP,adult,1.033334,0
5a0f46bb7542890001aa7503,CP,adult,1.5,1
5e5d824268168509ca89806f,CP,adult,1.02,0
5d4c7d1a2a25e5000114cf3b,CP,adult,1.025,0
60e70621e54d41df0e70bfcd,CP,adult,1.5,1
675230603ce35dd4658c4dd0,CP,adult,1.25,0
69df23ac93fc5d13e11baf05,CP,adult,1.0333333333333334,1
5f93aff4d654c619d22b94b9,CP,adult,1.033334,1
63f77f79278126e103659cf4,CP,adult,1.3333333333333333,0
5f5452df72345118f58d187b,CP,adult,1.025,1
5b11afecc85dc40001621432,CP,adult,1.033332857142857,0
6053e01a6a8e8516ba7d47a7,CP,adult,1.025,1
66a926551ab3748f5d5348aa,CP,adult,1.05,0
5edeea354d54cb1a825aa8f9,CP,adult,1.02,1
69b0b5440140899f769646c2,CP,adult,1.5,1
69df23ac93fc5d13e11baf05,CP,adult,1.0333333333333334,1
69d8501df44c01f3dd2ebc20,CP,adult,1.033334,1
6629497a938b0963356f7002,CP,adult,1.05,0
5c43b8f45aca820001f73cee,CP,adult,1.5,1
6606d4f4acdc3a6b8200c0ee,CP,adult,1.333332857142857,1
5a0f46bb7542890001aa7503,CP,adult,1.02,1
593871d4536c28000168c04c,CP,adult,1.033332857142857,1
5f2ea9c0a638c92312e4ae5c,CP,adult,1.25,1
69d646c077f60a3e2654356b,CP,adult,1.0499999999999998,0
646e4572cbed17f6bbacec12,CP,adult,1.02,1
646d238ec077fb64c0294bd8,CP,adult,1.0333333333333334,0
63f77f79278126e103659cf4,CP,adult,1.02,0
5d4c7d1a2a25e5000114cf3b,CP,adult,1.02,1
698d20a041b53d5f1d94a807,CP,adult,1.3333333333333333,1
69333a16814ace7f717a154c,CP,adult,1.0333333333333334,1
69d5801af14cddbf0b60b59d,CP,adult,1.25,1
65cb86a7e667e637599a3af3,CP,adult,1.5,1
69ba05f19ad964237758de7b,CP,adult,1.05,1
69e1854db4ea42aaa31d6448,CP,adult,1.3333333333333333,1
62cbf51439a76e8fccd8a495,CP,adult,1.05,1
6786e8177bc067f2f666d77c,CP,adult,1.05,1
66b48f832db507439d6ca2a2,CP,adult,1.25,1
5ff8f853d424e61d827a6995,CP,adult,1.333332857142857,1
58584aa98604ae000165e633,CP,adult,1.25,1
67d1f6824f74bd16996512c0,CP,adult,1.25,1
5b7bc048338a93000155167e,CP,adult,1.02,1
62c4d5821033848c1dc3667b,CP,adult,1.333334,1
67c74ce85a53a3888145adfd,CP,adult,1.0333333333333334,1
5e20add2c4cd040512b39d63,CP,adult,1.02,1
5f5452df72345118f58d187b,CP,adult,1.02,1
67c869872204b85d6c4c0749,CP,adult,1.033334,0
60dfd857e293a99dd577f4c8,CP,adult,1.02,1
69921bde43e69fd5d60ea256,CP,adult,1.25,1
6744d143eddffd17d345b192,CP,adult,1.05,1
63ed0392b8b24c34aaf26310,CP,adult,1.02,1
674cca92742faa4642a6e9c7,CP,adult,1.0499999999999998,0
69c973228d8daa01395a213f,CP,adult,1.033334,0
650b03136ab3d4c832d98b71,CP,adult,1.02,1
69a6dcc891788001618382c4,CP,adult,1.02,0
6751acc5dc78128951a34f1f,CP,adult,1.033332857142857,1
5c2bb9cc8c35040001a59dde,CP,adult,1.025,1
69b1b573bb2e49d76c8a4a57,CP,adult,1.0333333333333334,1
698ea1be50ea8dbf93448cff,CP,adult,1.02,0
5b11afecc85dc40001621432,CP,adult,1.025,1
5b4991de56e0140001acb76b,CP,adult,1.333332857142857,1
66a926551ab3748f5d5348aa,CP,adult,1.033332857142857,0
6053e01a6a8e8516ba7d47a7,CP,adult,1.5,1
6629497a938b0963356f7002,CP,adult,1.3333333333333333,1
69b0b5440140899f769646c2,CP,adult,1.0499999999999998,0
5ff8f853d424e61d827a6995,CP,adult,1.5,1
5edeea354d54cb1a825aa8f9,CP,adult,1.5,1
646d238ec077fb64c0294bd8,CP,adult,1.0499999999999998,1
69df23ac93fc5d13e11baf05,CP,adult,1.0499999999999998,0
674cca92742faa4642a6e9c7,CP,adult,1.25,1
66a926551ab3748f5d5348aa,CP,adult,1.5,1
69a6dcc891788001618382c4,CP,adult,1.033332857142857,1
69333a16814ace7f717a154c,CP,adult,1.025,1
62cbf51439a76e8fccd8a495,CP,adult,1.025,1
69d646c077f60a3e2654356b,CP,adult,1.025,0
5f2ea9c0a638c92312e4ae5c,CP,adult,1.02,0
69b1b573bb2e49d76c8a4a57,CP,adult,1.033332857142857,0
69ccd28a681130791ee609f3,CP,adult,1.02,1
5b4991de56e0140001acb76b,CP,adult,1.033334,0
6744d143eddffd17d345b192,CP,adult,1.02,0
69a6dcc891788001618382c4,CP,adult,1.333334,1
62cbf51439a76e8fccd8a495,CP,adult,1.05,1
605fbc12c61d8d10250f6e51,CP,adult,1.025,0
67c74ce85a53a3888145adfd,CP,adult,1.05,0
69d646c077f60a3e2654356b,CP,adult,1.02,0
5e20add2c4cd040512b39d63,CP,adult,1.25,1
6786e8177bc067f2f666d77c,CP,adult,1.333332857142857,1
5c43b8f45aca820001f73cee,CP,adult,1.25,1
69ccd28a681130791ee609f3,CP,adult,1.02,1
5f5452df72345118f58d187b,CP,adult,1.0499999999999998,0
67c74ce85a53a3888145adfd,CP,adult,1.02,0
69b1b573bb2e49d76c8a4a57,CP,adult,1.0333333333333334,1
69d646c077f60a3e2654356b,CP,adult,1.0499999999999998,1
69df23ac93fc5d13e11baf05,CP,adult,1.025,1
69d5801af14cddbf0b60b59d,CP,adult,1.025,0
69e1854db4ea42aaa31d6448,CP,adult,1.033332857142857,0
6751acc5dc78128951a34f1f,CP,adult,1.025,0
5b11afecc85dc40001621432,CP,adult,1.033334,0
60dfd857e293a99dd577f4c8,CP,adult,1.5,1
646e4572cbed17f6bbacec12,CP,adult,1.5,1
66b48f832db507439d6ca2a2,CP,adult,1.25,1
69ccd28a681130791ee609f3,CP,adult,1.05,0
6786e8177bc067f2f666d77c,CP,adult,1.02,0
5f2ea9c0a638c92312e4ae5c,CP,adult,1.025,0
69b1b573bb2e49d76c8a4a57,CP,adult,1.033334,1
5e20add2c4cd040512b39d63,CP,adult,1.025,1
6606d4f4acdc3a6b8200c0ee,CP,adult,1.0333333333333334,1
650b03136ab3d4c832d98b71,CP,adult,1.033332857142857,1
67c74ce85a53a3888145adfd,CP,adult,1.25,1
69b0b5440140899f769646c2,CP,adult,1.025,1
5ff8f853d424e61d827a6995,CP,adult,1.5,1
63f77f79278126e103659cf4,CP,adult,1.02,1
6751acc5dc78128951a34f1f,CP,adult,1.5,1
5e20add2c4cd040512b39d63,CP,adult,1.05,0
6606d4f4acdc3a6b8200c0ee,CP,adult,1.25,1
6053e01a6a8e8516ba7d47a7,CP,adult,1.5,1
69921bde43e69fd5d60ea256,CP,adult,1.25,1
605fbc12c61d8d10250f6e51,CP,adult,1.25,1
5a9ad69adbdb470001eee577,CP,adult,1.05,0
69333a16814ace7f717a154c,CP,adult,1.033334,1
63f77f79278126e103659cf4,CP,adult,1.05,1
67c869872204b85d6c4c0749,CP,adult,1.02,1
63ed0392b8b24c34aaf26310,CP,adult,1.0499999999999998,1
58584aa98604ae000165e633,CP,adult,1.033334,0
698ea1be50ea8dbf93448cff,CP,adult,1.0333333333333334,0
60dfd857e293a99dd577f4c8,CP,adult,1.05,0
65cb86a7e667e637599a3af3,CP,adult,1.0333333333333334,1
5a9ad69adbdb470001eee577,CP,adult,1.3333333333333333,1
63f77f79278126e103659cf4,CP,adult,1.5,1
675230603ce35dd4658c4dd0,CP,adult,1.02,1
69d8501df44c01f3dd2ebc20,CP,adult,1.033332857142857,0
69d5801af14cddbf0b60b59d,CP,adult,1.0499999999999998,1
5d4c7d1a2a25e5000114cf3b,CP,adult,1.02,1
666ca8f24bc3a8e75b8f6ee2,CP,adult,1.0333333333333334,0
6751acc5dc78128951a34f1f,CP,adult,1.02,1
6786e8177bc067f2f666d77c,CP,adult,1.333332857142857,1
60dfd857e293a99dd577f4c8,CP,adult,1.05,1
5f5452df72345118f58d187b,CP,adult,1.0499999999999998,1
5a0f46bb7542890001aa7503,CP,adult,1.025,0
5c2bb9cc8c35040001a59dde,CP,adult,1.5,1
66a926551ab3748f5d5348aa,CP,adult,1.3333333333333333,1
6606d4f4acdc3a6b8200c0ee,CP,adult,1.025,0
69d8501df44c01f3dd2ebc20,CP,adult,1.5,1
69333a16814ace7f717a154c,CP,adult,1.05,0
5b11afecc85dc40001621432,CP,adult,1.02,1
58584aa98604ae000165e633,CP,adult,1.033334,0
605fbc12c61d8d10250f6e51,CP,adult,1.025,1
69b0b5440140899f769646c2,CP,adult,1.25,1
63ed0392b8b24c34aaf26310,CP,adult,1.033334,0
5f2ea9c0a638c92312e4ae5c,CP,adult,1.3333333333333333,1
69333a16814ace7f717a154c,CP,adult,1.02,0
62c4d5821033848c1dc3667b,CP,adult,1.25,1
646d238ec077fb64c0294bd8,CP,adult,1.5,1
5b7bc048338a93000155167e,CP,adult,1.5,1
5c2bb9cc8c35040001a59dde,CP,adult,1.25,1
5edeea354d54cb1a825aa8f9,CP,adult,1.033332857142857,0
593871d4536c28000168c04c,CP,adult,1.05,0
62cbf51439a76e8fccd8a495,CP,adult,1.25,1
69333a16814ace7f717a154c,CP,adult,1.02,0
65cb86a7e667e637599a3af3,CP,adult,1.025,1
63f77f79278126e103659cf4,CP,adult,1.25,1
646e4572cbed17f6bbacec12,CP,adult,1.5,1
69e1854db4ea42aaa31d6448,CP,adult,1.025,0
63ed0392b8b24c34aaf26310,CP,adult,1.025,1
698d20a041b53d5f1d94a807,CP,adult,1.5,1
69921bde43e69fd5d60ea256,CP,adult,1.25,1
60dfd857e293a99dd577f4c8,CP,adult,1.02,0
69ccd28a681130791ee609f3,CP,adult,1.333334,1
5edeea354d54cb1a825aa8f9,CP,adult,1.5,1
5c2bb9cc8c35040001a59dde,CP,adult,1.5,1
5a9ad69adbdb470001eee577,CP,adult,1.033332857142857,1
67c74ce85a53a3888145adfd,CP,adult,1.025,0
67c869872204b85d6c4c0749,CP,adult,1.25,0
650b03136ab3d4c832d98b71,CP,adult,1.333334,1
6606d4f4acdc3a6b8200c0ee,CP,adult,1.5,1
65cb86a7e667e637599a3af3,CP,adult,1.02,0
62cbf51439a76e8fccd8a495,CP,adult,1.02,1
5f2ea9c0a638c92312e4ae5c,CP,adult,1.0333333333333334,1
69921bde43e69fd5d60ea256,CP,adult,1.25,1
5e20add2c4cd040512b39d63,CP,adult,1.25,0
5b4991de56e0140001acb76b,CP,adult,1.5,1
69e1854db4ea42aaa31d6448,CP,adult,1.25,1
593871d4536c28000168c04c,CP,adult,1.025,1
646e4572cbed17f6bbacec12,CP,adult,1.25,1
605fbc12c61d8d10250f6e51,CP,adult,1.5,1
5f5452df72345118f58d187b,CP,adult,1.5,1
698d20a041b53d5f1d94a807,CP,adult,1.333334,1
5e20add2c4cd040512b39d63,CP,adult,1.25,1
650b03136ab3d4c832d98b71,CP,adult,1.0333333333333334,1
5ff8f853d424e61d827a6995,CP,adult,1.5,1
5b11afecc85dc40001621432,CP,adult,1.0333333333333334,1
5c43b8f45aca820001f73cee,CP,adult,1.025,1
6053e01a6a8e8516ba7d47a7,CP,adult,1.025,1
69df23ac93fc5d13e11baf05,CP,adult,1.025,0
63ed0392b8b24c34aaf26310,CP,adult,1.25,1
675230603ce35dd4658c4dd0,CP,adult,1.05,1
5b4991de56e0140001acb76b,CP,adult,1.02,0
5a9ad69adbdb470001eee577,CP,adult,1.025,1
62cbf51439a76e8fccd8a495,CP,adult,1.0333333333333334,1
69a6dcc891788001618382c4,CP,adult,1.25,0
62c4d5821033848c1dc3667b,CP,adult,1.25,1
593871d4536c28000168c04c,CP,adult,1.3333333333333333,1
5ff8f853d424e61d827a6995,CP,adult,1.02,1
69921bde43e69fd5d60ea256,CP,adult,1.25,0
6606d4f4acdc3a6b8200c0ee,CP,adult,1.333332857142857,1
62cbf51439a76e8fccd8a495,CP,adult,1.333332857142857,1
69a6dcc891788001618382c4,CP,adult,1.05,0
69ba05f19ad964237758de7b,CP,adult,1.25,1
674cca92742faa4642a6e9c7,CP,adult,1.3333333333333333,0
5ff8f853d424e61d827a6995,CP,adult,1.025,1
69b0b5440140899f769646c2,CP,adult,1.033332857142857,1
66a926551ab3748f5d5348aa,CP,adult,1.5,1
6606d4f4acdc3a6b8200c0ee,CP,adult,1.025,0
5c43b8f45aca820001f73cee,CP,adult,1.3333333333333333,1
6744d143eddffd17d345b192,CP,adult,1.333334,1
5ff8f853d424e61d827a6995,CP,adult,1.033332857142857,1
646d238ec077fb64c0294bd8,CP,adult,1.05,0
5b11afecc85dc40001621432,CP,adult,1.05,1
605fbc12c61d8d10250f6e51,CP,adult,1.5,1
67c869872204b85d6c4c0749,CP,adult,1.025,1
6786e8177bc067f2f666d77c,CP,adult,1.5,1
69d646c077f60a3e2654356b,CP,adult,1.033334,1
69a6dcc891788001618382c4,CP,adult,1.0333333333333334,1
5f5452df72345118f58d187b,CP,adult,1.02,1
5f2ea9c0a638c92312e4ae5c,CP,adult,1.25,1
69d5801af14cddbf0b60b59d,CP,adult,1.02,1
62cbf51439a76e8fccd8a495,CP,adult,1.5,1
5b4991de56e0140001acb76b,CP,adult,1.02,0
646e4572cbed17f6bbacec12,CP,adult,1.5,1
6786e8177bc067f2f666d77c,CP,adult,1.02,1
69d646c077f60a3e2654356b,CP,adult,1.025,0
66b48f832db507439d6ca2a2,CP,adult,1.02,0
5f5452df72345118f58d187b,CP,adult,1.5,1
6629497a938b0963356f7002,CP,adult,1.25,1
6744d143eddffd17d345b192,CP,adult,1.25,1
67c74ce85a53a3888145adfd,CP,adult,1.05,1
5b11afecc85dc40001621432,CP,adult,1.05,0
5b7bc048338a93000155167e,CP,adult,1.033334,1
6786e8177bc067f2f666d77c,CP,adult,1.0333333333333334,1
66b48f832db507439d6ca2a2,CP,adult,1.25,1
69921bde43e69fd5d60ea256,CP,adult,1.25,1
5c2bb9cc8c35040001a59dde,CP,adult,1.0333333333333334,0
67d1f6824f74bd16996512c0,CP,adult,1.02,1
69333a16814ace7f717a154c,CP,adult,1.033334,1
6606d4f4acdc3a6b8200c0ee,CP,adult,1.5,1
65cb86a7e667e637599a3af3,CP,adult,1.02,1
5edeea354d54cb1a825aa8f9,CP,adult,1.25,0
593871d4536c28000168c04c,CP,adult,1.033332857142857,0
69b0b5440140899f769646c2,CP,adult,1.5,1
698d20a041b53d5f1d94a807,CP,adult,1.25,1
5f2ea9c0a638c92312e4ae5c,CP,adult,1.25,1
69d5801af14cddbf0b60b59d,CP,adult,1.025,1
6744d143eddffd17d345b192,CP,adult,1.5,1
674cca92742faa4642a6e9c7,CP,adult,1.3333333333333333,1
650b03136ab3d4c832d98b71,CP,adult,1.0499999999999998,1
69c973228d8daa01395a213f,CP,adult,1.0333333333333334,1
5edeea354d54cb1a825aa8f9,CP,adult,1.02,1
646e4572cbed17f6bbacec12,CP,adult,1.05,1
5e20add2c4cd040512b39d63,CP,adult,1.25,1
6786e8177bc067f2f666d77c,CP,adult,1.05,0
65cb86a7e667e637599a3af3,CP,adult,1.3333333333333333,1
69d8501df44c01f3dd2ebc20,CP,adult,1.333332857142857,1
5d4c7d1a2a25e5000114cf3b,CP,adult,1.05,0
58584aa98604ae000165e633,CP,adult,1.5,1
650b03136ab3d4c832d98b71,CP,adult,1.05,1
69921bde43e69fd5d60ea256,CP,adult,1.5,1
63ed0392b8b24c34aaf26310,CP,adult,1.033334,0
69ba05f19ad964237758de7b,CP,adult,1.05,1
6751acc5dc78128951a34f1f,CP,adult,1.025,1
5f5452df72345118f58d187b,CP,adult,1.333334,1
5a9ad69adbdb470001eee577,CP,adult,1.02,0
5b7bc048338a93000155167e,CP,adult,1.05,0
5b4991de56e0140001acb76b,CP,adult,1.3333333333333333,1
5d4c7d1a2a25e5000114cf3b,CP,adult,1.02,1
69d959b8247f8be4f2554ee0,CP,adult,1.02,1
58584aa98604ae000165e633,CP,adult,1.25,1
65cb86a7e667e637599a3af3,CP,adult,1.25,1
69b1b573bb2e49d76c8a4a57,CP,adult,1.5,1
698ea1be50ea8dbf93448cff,CP,adult,1.25,1
646d238ec077fb64c0294bd8,CP,adult,1.0333333333333334,1
63ed0392b8b24c34aaf26310,CP,adult,1.5,1
69d959b8247f8be4f2554ee0,CP,adult,1.025,1
5c43b8f45aca820001f73cee,CP,adult,1.033332857142857,1
5c43b8f45aca820001f73cee,CP,adult,1.05,0
69ccd28a681130791ee609f3,CP,adult,1.0499999999999998,1
675230603ce35dd4658c4dd0,CP,adult,1.5,1
698d20a041b53d5f1d94a807,CP,adult,1.02,0
5d4c7d1a2a25e5000114cf3b,CP,adult,1.05,0
69c973228d8daa01395a213f,CP,adult,1.025,0
6751acc5dc78128951a34f1f,CP,adult,1.0333333333333334,1
5c43b8f45aca820001f73cee,CP,adult,1.5,1
6606d4f4acdc3a6b8200c0ee,CP,adult,1.033334,0
5ff8f853d424e61d827a6995,CP,adult,1.025,0
67c869872204b85d6c4c0749,CP,adult,1.25,0
5a0f46bb7542890001aa7503,CP,adult,1.033332857142857,1
69c973228d8daa01395a213f,CP,adult,1.025,1
66a926551ab3748f5d5348aa,CP,adult,1.5,1
698ea1be50ea8dbf93448cff,CP,adult,1.25,1
674cca92742faa4642a6e9c7,CP,adult,1.05,1
5a9ad69adbdb470001eee577,CP,adult,1.3333333333333333,1
69ba05f19ad964237758de7b,CP,adult,1.5,1
63f77f79278126e103659cf4,CP,adult,1.025,0
69921bde43e69fd5d60ea256,CP,adult,1.05,1
66b48f832db507439d6ca2a2,CP,adult,1.0333333333333334,0
5b7bc048338a93000155167e,CP,adult,1.025,1
646e4572cbed17f6bbacec12,CP,adult,1.025,1
698ea1be50ea8dbf93448cff,CP,adult,1.025,0
69e1854db4ea42aaa31d6448,CP,adult,1.033332857142857,1
6751acc5dc78128951a34f1f,CP,adult,1.0333333333333334,0
67c869872204b85d6c4c0749,CP,adult,1.333332857142857,1
63f77f79278126e103659cf4,CP,adult,1.25,1
5c2bb9cc8c35040001a59dde,CP,adult,1.25,1
67d1f6824f74bd16996512c0,CP,adult,1.033332857142857,0
66a926551ab3748f5d5348aa,CP,adult,1.05,1
5a0f46bb7542890001aa7503,CP,adult,1.025,0
67c869872204b85d6c4c0749,CP,adult,1.033334,1
698ea1be50ea8dbf93448cff,CP,adult,1.0499999999999998,1
6744d143eddffd17d345b192,CP,adult,1.025,1
67c74ce85a53a3888145adfd,CP,adult,1.033334,1
69b1b573bb2e49d76c8a4a57,CP,adult,1.02,0
6053e01a6a8e8516ba7d47a7,CP,adult,1.0499999999999998,1
698d20a041b53d5f1d94a807,CP,adult,1.25,1
5b4991de56e0140001acb76b,CP,adult,1.5,1
62c4d5821033848c1dc3667b,CP,adult,1.0333333333333334,1
69a6dcc891788001618382c4,CP,adult,1.025,0
67c74ce85a53a3888145adfd,CP,adult,1.25,1
69d5801af14cddbf0b60b59d,CP,adult,1.5,1
675230603ce35dd4658c4dd0,CP,adult,1.5,1
6053e01a6a8e8516ba7d47a7,CP,adult,1.02,0
5a0f46bb7542890001aa7503,CP,adult,1.0499999999999998,0
62cbf51439a76e8fccd8a495,CP,adult,1.025,0
62c4d5821033848c1dc3667b,CP,adult,1.033334,1
6744d143eddffd17d345b192,CP,adult,1.5,1
66a926551ab3748f5d5348aa,CP,adult,1.05,0
5b11afecc85dc40001621432,CP,adult,1.333332857142857,1
5e5d824268168509ca89806f,CP,adult,1.02,1
5ff8f853d424e61d827a6995,CP,adult,1.25,1
69df23ac93fc5d13e11baf05,CP,adult,1.025,0
67c74ce85a53a3888145adfd,CP,adult,1.25,0
69ba05f19ad964237758de7b,CP,adult,1.3333333333333333,1
5a0f46bb7542890001aa7503,CP,adult,1.025,0
69d5801af14cddbf0b60b59d,CP,adult,1.25,1
62c4d5821033848c1dc3667b,CP,adult,1.25,1
69b1b573bb2e49d76c8a4a57,CP,adult,1.025,0
5c2bb9cc8c35040001a59dde,CP,adult,1.25,1
650b03136ab3d4c832d98b71,CP,adult,1.333332857142857,1
6053e01a6a8e8516ba7d47a7,CP,adult,1.0333333333333334,1
69ba05f19ad964237758de7b,CP,adult,1.25,1
69b0b5440140899f769646c2,CP,adult,1.02,0
62c4d5821033848c1dc3667b,CP,adult,1.025,1
63ed0392b8b24c34aaf26310,CP,adult,1.02,1
646d238ec077fb64c0294bd8,CP,adult,1.02,1
69e1854db4ea42aaa31d6448,CP,adult,1.25,1
646e4572cbed17f6bbacec12,CP,adult,1.25,1
58584aa98604ae000165e633,CP,adult,1.0333333333333334,1
67c869872204b85d6c4c0749,CP,adult,1.25,0
62c4d5821033848c1dc3667b,CP,adult,1.3333333333333333,1
69c973228d8daa01395a213f,CP,adult,1.05,0
69b1b573bb2e49d76c8a4a57,CP,adult,1.025,1
5ff8f853d424e61d827a6995,CP,adult,1.5,1
646d238ec077fb64c0294bd8,CP,adult,1.25,1
69ba05f19ad964237758de7b,CP,adult,1.025,1
5d4c7d1a2a25e5000114cf3b,CP,adult,1.05,1
65cb86a7e667e637599a3af3,CP,adult,1.033334,1
60dfd857e293a99dd577f4c8,CP,adult,1.25,1
6053e01a6a8e8516ba7d47a7,CP,adult,1.25,1
698d20a041b53d5f1d94a807,CP,adult,1.3333333333333333,1
66b48f832db507439d6ca2a2,CP,adult,1.05,1
5b4991de56e0140001acb76b,CP,adult,1.033334,1
5c43b8f45aca820001f73cee,CP,adult,1.025,0
5a9ad69adbdb470001eee577,CP,adult,1.333334,1
675230603ce35dd4658c4dd0,CP,adult,1.025,1
63f77f79278126e103659cf4,CP,adult,1.025,1
5f5452df72345118f58d187b,CP,adult,1.02,1
605fbc12c61d8d10250f6e51,CP,adult,1.333332857142857,1
5a0f46bb7542890001aa7503,CP,adult,1.05,0
69d646c077f60a3e2654356b,CP,adult,1.25,1
67c869872204b85d6c4c0749,CP,adult,1.02,1
69df23ac93fc5d13e11baf05,CP,adult,1.0499999999999998,1
67d1f6824f74bd16996512c0,CP,adult,1.05,0
698ea1be50ea8dbf93448cff,CP,adult,1.0333333333333334,0
5c2bb9cc8c35040001a59dde,CP,adult,1.0499999999999998,1
69d8501df44c01f3dd2ebc20,CP,adult,1.033332857142857,1
66b48f832db507439d6ca2a2,CP,adult,1.25,1
69ba05f19ad964237758de7b,CP,adult,1.5,1
5c43b8f45aca820001f73cee,CP,adult,1.3333333333333333,1
666ca8f24bc3a8e75b8f6ee2,CP,adult,1.033334,1
646e4572cbed17f6bbacec12,CP,adult,1.3333333333333333,1
69333a16814ace7f717a154c,CP,adult,1.02,1
69e1854db4ea42aaa31d6448,CP,adult,1.0333333333333334,1
69ccd28a681130791ee609f3,CP,adult,1.333334,1
605fbc12c61d8d10250f6e51,CP,adult,1.333332857142857,1
69d646c077f60a3e2654356b,CP,adult,1.0499999999999998,1
62c4d5821033848c1dc3667b,CP,adult,1.5,1
67d1f6824f74bd16996512c0,CP,adult,1.025,1
65cb86a7e667e637599a3af3,CP,adult,1.025,0
5f5452df72345118f58d187b,CP,adult,1.5,1
6751acc5dc78128951a34f1f,CP,adult,1.25,1
6053e01a6a8e8516ba7d47a7,CP,adult,1.0333333333333334,1
69e1854db4ea42aaa31d6448,CP,adult,1.333332857142857,1
5edeea354d54cb1a825aa8f9,CP,adult,1.0333333333333334,1
5e5d824268168509ca89806f,CP,adult,1.25,0
5a0f46bb7542890001aa7503,CP,adult,1.333334,1
5e20add2c4cd040512b39d63,CP,adult,1.5,1
69ba05f19ad964237758de7b,CP,adult,1.25,1
6606d4f4acdc3a6b8200c0ee,CP,adult,1.333332857142857,1
67c869872204b85d6c4c0749,CP,adult,1.333332857142857,1
69333a16814ace7f717a154c,CP,adult,1.02,1
5c43b8f45aca820001f73cee,CP,adult,1.02,0
666ca8f24bc3a8e75b8f6ee2,CP,adult,1.25,1
6786e8177bc067f2f666d77c,CP,adult,1.033334,1
69b1b573bb2e49d76c8a4a57,CP,adult,1.25,0
646d238ec077fb64c0294bd8,CP,adult,1.05,0
69b0b5440140899f769646c2,CP,adult,1.05,1
69df23ac93fc5d13e11baf05,CP,adult,1.5,1
5d4c7d1a2a25e5000114cf3b,CP,adult,1.033334,1
58584aa98604ae000165e633,CP,adult,1.5,1
6053e01a6a8e8516ba7d47a7,CP,adult,1.025,1
605fbc12c61d8d10250f6e51,CP,adult,1.02,0
5a9ad69adbdb470001eee577,CP,adult,1.25,1
69d5801af14cddbf0b60b59d,CP,adult,1.0333333333333334,1
69ccd28a681130791ee609f3,CP,adult,1.25,1
5ff8f853d424e61d827a6995,CP,adult,1.033332857142857,0
69e1854db4ea42aaa31d6448,CP,adult,1.5,1
66a926551ab3748f5d5348aa,CP,adult,1.05,1
5c2bb9cc8c35040001a59dde,CP,adult,1.333332857142857,1
5f2ea9c0a638c92312e4ae5c,CP,adult,1.5,1
5c43b8f45aca820001f73cee,CP,adult,1.5,1
67c869872204b85d6c4c0749,CP,adult,1.05,1
5a9ad69adbdb470001eee577,CP,adult,1.25,1
5ff8f853d424e61d827a6995,CP,adult,1.333332857142857,1
69ba05f19ad964237758de7b,CP,adult,1.025,0
5b4991de56e0140001acb76b,CP,adult,1.0333333333333334,1
69921bde43e69fd5d60ea256,CP,adult,1.333334,1
63f77f79278126e103659cf4,CP,adult,1.025,0
63ed0392b8b24c34aaf26310,CP,adult,1.333334,1
5edeea354d54cb1a825aa8f9,CP,adult,1.0499999999999998,1
698ea1be50ea8dbf93448cff,CP,adult,1.05,0
6751acc5dc78128951a34f1f,CP,adult,1.0499999999999998,1
5b11afecc85dc40001621432,CP,adult,1.02,1
69d959b8247f8be4f2554ee0,CP,adult,1.25,1
5b4991de56e0140001acb76b,CP,adult,1.02,1
5dd5b42a2091e95798fbf574,CP,adult,1.025,1
646e4572cbed17f6bbacec12,CP,adult,1.5,1
646d238ec077fb64c0294bd8,CP,adult,1.333332857142857,1
60dfd857e293a99dd577f4c8,CP,adult,1.02,1
63ed0392b8b24c34aaf26310,CP,adult,1.025,0
5a0f46bb7542890001aa7503,CP,adult,1.025,0
5edeea354d54cb1a825aa8f9,CP,adult,1.333332857142857,1
55ac3198fdf99b6de3b68b23,CP,adult,1.3333333333333333,0
6606d4f4acdc3a6b8200c0ee,CP,adult,1.05,1
5a0f46bb7542890001aa7503,CP,adult,1.5,1
69b0b5440140899f769646c2,CP,adult,1.5,1
646e4572cbed17f6bbacec12,CP,adult,1.333334,1
5c2bb9cc8c35040001a59dde,CP,adult,1.5,1
6606d4f4acdc3a6b8200c0ee,CP,adult,1.333334,1
69d5801af14cddbf0b60b59d,CP,adult,1.25,1
593871d4536c28000168c04c,CP,adult,1.033332857142857,0
69d959b8247f8be4f2554ee0,CP,adult,1.02,0
6744d143eddffd17d345b192,CP,adult,1.333332857142857,1
5c2bb9cc8c35040001a59dde,CP,adult,1.5,1
60dfd857e293a99dd577f4c8,CP,adult,1.0499999999999998,1
6751acc5dc78128951a34f1f,CP,adult,1.02,1
67c74ce85a53a3888145adfd,CP,adult,1.025,0
69d8501df44c01f3dd2ebc20,CP,adult,1.025,1
69e1854db4ea42aaa31d6448,CP,adult,1.333332857142857,1
650b03136ab3d4c832d98b71,CP,adult,1.0499999999999998,1
5e5d824268168509ca89806f,CP,adult,1.5,1
69d959b8247f8be4f2554ee0,CP,adult,1.02,0
6744d143eddffd17d345b192,CP,adult,1.5,1
69d5801af14cddbf0b60b59d,CP,adult,1.3333333333333333,1
62cbf51439a76e8fccd8a495,CP,adult,1.033334,1
646e4572cbed17f6bbacec12,CP,adult,1.3333333333333333,1
69d8501df44c01f3dd2ebc20,CP,adult,1.5,1
67c74ce85a53a3888145adfd,CP,adult,1.033332857142857,0
63ed0392b8b24c34aaf26310,CP,adult,1.05,1
698ea1be50ea8dbf93448cff,CP,adult,1.5,1
69d959b8247f8be4f2554ee0,CP,adult,1.25,1
67c869872204b85d6c4c0749,CP,adult,1.5,1
6751acc5dc78128951a34f1f,CP,adult,1.3333333333333333,1
67c74ce85a53a3888145adfd,CP,adult,1.333334,1
5f464fffdb67840175b5b746,CP,adult,1.0333333333333334,1
5edeea354d54cb1a825aa8f9,CP,adult,1.25,1
63f77f79278126e103659cf4,CP,adult,1.025,1
62cbf51439a76e8fccd8a495,CP,adult,1.5,1
5e5d824268168509ca89806f,CP,adult,1.033332857142857,0
6751acc5dc78128951a34f1f,CP,adult,1.333334,1
69e1854db4ea42aaa31d6448,CP,adult,1.333334,1
65cb86a7e667e637599a3af3,CP,adult,1.033334,0
646d238ec077fb64c0294bd8,CP,adult,1.033332857142857,1
6053e01a6a8e8516ba7d47a7,CP,adult,1.3333333333333333,1
62c4d5821033848c1dc3667b,CP,adult,1.05,0
69b0b5440140899f769646c2,CP,adult,1.333334,1
6744d143eddffd17d345b192,CP,adult,1.333332857142857,1
69b1b573bb2e49d76c8a4a57,CP,adult,1.5,0
5c2bb9cc8c35040001a59dde,CP,adult,1.25,1
69a6dcc891788001618382c4,CP,adult,1.5,1
6786e8177bc067f2f666d77c,CP,adult,1.025,0
6053e01a6a8e8516ba7d47a7,CP,adult,1.05,1
5e5d824268168509ca89806f,CP,adult,1.0499999999999998,1
69d646c077f60a3e2654356b,CP,adult,1.0333333333333334,0
5f5452df72345118f58d187b,CP,adult,1.25,1
69df23ac93fc5d13e11baf05,CP,adult,1.033332857142857,1
69d959b8247f8be4f2554ee0,CP,adult,1.25,1
66b48f832db507439d6ca2a2,CP,adult,1.05,0
5d4c7d1a2a25e5000114cf3b,CP,adult,1.02,1
69ba05f19ad964237758de7b,CP,adult,1.25,0
698ea1be50ea8dbf93448cff,CP,adult,1.333332857142857,1
69333a16814ace7f717a154c,CP,adult,1.025,0
62c4d5821033848c1dc3667b,CP,adult,1.25,1
5a9ad69adbdb470001eee577,CP,adult,1.025,1
5b11afecc85dc40001621432,CP,adult,1.033334,0
6786e8177bc067f2f666d77c,CP,adult,1.02,1
69df23ac93fc5d13e11baf05,CP,adult,1.25,1
5f5452df72345118f58d187b,CP,adult,1.025,0
69b0b5440140899f769646c2,CP,adult,1.333334,1
67d1f6824f74bd16996512c0,CP,adult,1.333334,1
675230603ce35dd4658c4dd0,CP,adult,1.033334,1
6053e01a6a8e8516ba7d47a7,CP,adult,1.5,1
69a6dcc891788001618382c4,CP,adult,1.333332857142857,1
605fbc12c61d8d10250f6e51,CP,adult,1.025,0
5b11afecc85dc40001621432,CP,adult,1.02,0
69ccd28a681130791ee609f3,CP,adult,1.25,1
5a0f46bb7542890001aa7503,CP,adult,1.05,0
60dfd857e293a99dd577f4c8,CP,adult,1.333332857142857,1
5ff8f853d424e61d827a6995,CP,adult,1.033334,1
69a6dcc891788001618382c4,CP,adult,1.25,1
5f2ea9c0a638c92312e4ae5c,CP,adult,1.333334,1
62c4d5821033848c1dc3667b,CP,adult,1.25,0
69b1b573bb2e49d76c8a4a57,CP,adult,1.02,0
69d646c077f60a3e2654356b,CP,adult,1.02,0
6606d4f4acdc3a6b8200c0ee,CP,adult,1.3333333333333333,1
6744d143eddffd17d345b192,CP,adult,1.333334,1
646e4572cbed17f6bbacec12,CP,adult,1.3333333333333333,1
5b4991de56e0140001acb76b,CP,adult,1.25,1
69921bde43e69fd5d60ea256,CP,adult,1.5,1
58584aa98604ae000165e633,CP,adult,1.0499999999999998,1
6786e8177bc067f2f666d77c,CP,adult,1.02,1
69333a16814ace7f717a154c,CP,adult,1.02,0
69b0b5440140899f769646c2,CP,adult,1.5,1
6744d143eddffd17d345b192,CP,adult,1.333332857142857,1
69d8501df44c01f3dd2ebc20,CP,adult,1.05,1
5b7bc048338a93000155167e,CP,adult,1.25,1
6786e8177bc067f2f666d77c,CP,adult,1.0333333333333334,0
5d4c7d1a2a25e5000114cf3b,CP,adult,1.5,1
69333a16814ace7f717a154c,CP,adult,1.25,1
5c43b8f45aca820001f73cee,CP,adult,1.02,0
666ca8f24bc3a8e75b8f6ee2,CP,adult,1.05,1
66b48f832db507439d6ca2a2,CP,adult,1.025,0
5e5d824268168509ca89806f,CP,adult,1.25,1
5f5452df72345118f58d187b,CP,adult,1.333332857142857,1
67c869872204b85d6c4c0749,CP,adult,1.02,1
650b03136ab3d4c832d98b71,CP,adult,1.333332857142857,1
5b7bc048338a93000155167e,CP,adult,1.25,1
5a9ad69adbdb470001eee577,CP,adult,1.033332857142857,0
698ea1be50ea8dbf93448cff,CP,adult,1.333334,1
66b48f832db507439d6ca2a2,CP,adult,1.05,0
605fbc12c61d8d10250f6e51,CP,adult,1.25,1
65cb86a7e667e637599a3af3,CP,adult,1.05,1
69a6dcc891788001618382c4,CP,adult,1.5,1
63f77f79278126e103659cf4,CP,adult,1.02,0
69a6dcc891788001618382c4,CP,adult,1.25,1
698d20a041b53d5f1d94a807,CP,adult,1.025,1
69d8501df44c01f3dd2ebc20,CP,adult,1.25,1
63f77f79278126e103659cf4,CP,adult,1.5,1
62cbf51439a76e8fccd8a495,CP,adult,1.25,1
5ff8f853d424e61d827a6995,CP,adult,1.333334,1
63ed0392b8b24c34aaf26310,CP,adult,1.02,1
650b03136ab3d4c832d98b71,CP,adult,1.02,1
69921bde43e69fd5d60ea256,CP,adult,1.5,1
65cb86a7e667e637599a3af3,CP,adult,1.0333333333333334,1
63f77f79278126e103659cf4,CP,adult,1.25,1
5d4c7d1a2a25e5000114cf3b,CP,adult,1.333332857142857,1
5f464fffdb67840175b5b746,CP,adult,1.25,1
5ff8f853d424e61d827a6995,CP,adult,1.25,1
62c4d5821033848c1dc3667b,CP,adult,1.25,1
63ed0392b8b24c34aaf26310,CP,adult,1.25,1
69921bde43e69fd5d60ea256,CP,adult,1.5,1
5f5452df72345118f58d187b,CP,adult,1.02,1
67c74ce85a53a3888145adfd,CP,adult,1.333332857142857,1
5edeea354d54cb1a825aa8f9,CP,adult,1.02,1
5b4991de56e0140001acb76b,CP,adult,1.025,0
69921bde43e69fd5d60ea256,CP,adult,1.3333333333333333,1
6786e8177bc067f2f666d77c,CP,adult,1.25,1
5f5452df72345118f58d187b,CP,adult,1.0333333333333334,1
5e5d824268168509ca89806f,CP,adult,1.033332857142857,0
69b0b5440140899f769646c2,CP,adult,1.5,1
5b11afecc85dc40001621432,CP,adult,1.333334,1
69df23ac93fc5d13e11baf05,CP,adult,1.5,1
5d4c7d1a2a25e5000114cf3b,CP,adult,1.5,1
5f5452df72345118f58d187b,CP,adult,1.5,1
65cb86a7e667e637599a3af3,CP,adult,1.5,1
63ed0392b8b24c34aaf26310,CP,adult,1.025,1
62c4d5821033848c1dc3667b,CP,adult,1.025,0
69d646c077f60a3e2654356b,CP,adult,1.033334,1
646e4572cbed17f6bbacec12,CP,adult,1.5,1
69d959b8247f8be4f2554ee0,CP,adult,1.0499999999999998,0
5c2bb9cc8c35040001a59dde,CP,adult,1.333332857142857,1
55ac3198fdf99b6de3b68b23,CP,adult,1.5,1
69a6dcc891788001618382c4,CP,adult,1.5,1
650b03136ab3d4c832d98b71,CP,adult,1.5,1
646e4572cbed17f6bbacec12,CP,adult,1.025,1
5f2ea9c0a638c92312e4ae5c,CP,adult,1.025,0
5a0f46bb7542890001aa7503,CP,adult,1.025,1
69ba05f19ad964237758de7b,CP,adult,1.0499999999999998,0
69d5801af14cddbf0b60b59d,CP,adult,1.033332857142857,0
63f77f79278126e103659cf4,CP,adult,1.25,1
62c4d5821033848c1dc3667b,CP,adult,1.05,0
5d4c7d1a2a25e5000114cf3b,CP,adult,1.3333333333333333,1
5c43b8f45aca820001f73cee,CP,adult,1.3333333333333333,1
69b1b573bb2e49d76c8a4a57,CP,adult,1.02,1
6744d143eddffd17d345b192,CP,adult,1.0333333333333334,1
69ba05f19ad964237758de7b,CP,adult,1.3333333333333333,1
69ccd28a681130791ee609f3,CP,adult,1.05,1
67c869872204b85d6c4c0749,CP,adult,1.025,0
69e1854db4ea42aaa31d6448,CP,adult,1.3333333333333333,1
675230603ce35dd4658c4dd0,CP,adult,1.02,1
6744d143eddffd17d345b192,CP,adult,1.3333333333333333,1
5b7bc048338a93000155167e,CP,adult,1.25,1
5f2ea9c0a638c92312e4ae5c,CP,adult,1.0499999999999998,1
5b4991de56e0140001acb76b,CP,adult,1.0499999999999998,1
5c43b8f45aca820001f73cee,CP,adult,1.333334,1
646d238ec077fb64c0294bd8,CP,adult,1.02,1
69a6dcc891788001618382c4,CP,adult,1.025,0
698d20a041b53d5f1d94a807,CP,adult,1.5,1
69b1b573bb2e49d76c8a4a57,CP,adult,1.25,1
67c74ce85a53a3888145adfd,CP,adult,1.033334,0
69d5801af14cddbf0b60b59d,CP,adult,1.05,0
62cbf51439a76e8fccd8a495,CP,adult,1.0499999999999998,1
5b7bc048338a93000155167e,CP,adult,1.05,0
593871d4536c28000168c04c,CP,adult,1.333332857142857,0
66b48f832db507439d6ca2a2,CP,adult,1.025,1
5a9ad69adbdb470001eee577,CP,adult,1.033332857142857,1
698ea1be50ea8dbf93448cff,CP,adult,1.25,1
63f77f79278126e103659cf4,CP,adult,1.25,1
69ba05f19ad964237758de7b,CP,adult,1.025,1
5f464fffdb67840175b5b746,CP,adult,1.333334,1
69e1854db4ea42aaa31d6448,CP,adult,1.0333333333333334,1
650b03136ab3d4c832d98b71,CP,adult,1.25,1
66b48f832db507439d6ca2a2,CP,adult,1.02,0
65cb86a7e667e637599a3af3,CP,adult,1.02,0
5c43b8f45aca820001f73cee,CP,adult,1.025,1
63f77f79278126e103659cf4,CP,adult,1.333334,1
60dfd857e293a99dd577f4c8,CP,adult,1.05,1
646d238ec077fb64c0294bd8,CP,adult,1.025,1
69b1b573bb2e49d76c8a4a57,CP,adult,1.25,0
675230603ce35dd4658c4dd0,CP,adult,1.02,1
593871d4536c28000168c04c,CP,adult,1.02,1
6606d4f4acdc3a6b8200c0ee,CP,adult,1.025,0
66b48f832db507439d6ca2a2,CP,adult,1.02,0
69ccd28a681130791ee609f3,CP,adult,1.5,1
5b11afecc85dc40001621432,CP,adult,1.02,0
69df23ac93fc5d13e11baf05,CP,adult,1.25,1
5f464fffdb67840175b5b746,CP,adult,1.025,1
69d5801af14cddbf0b60b59d,CP,adult,1.05,1
67c869872204b85d6c4c0749,CP,adult,1.25,1
62cbf51439a76e8fccd8a495,CP,adult,1.02,1
58584aa98604ae000165e633,CP,adult,1.25,1
69d646c077f60a3e2654356b,CP,adult,1.0333333333333334,1
605fbc12c61d8d10250f6e51,CP,adult,1.033332857142857,1
593871d4536c28000168c04c,CP,adult,1.25,1
65cb86a7e667e637599a3af3,CP,adult,1.05,1
69921bde43e69fd5d60ea256,CP,adult,1.5,1
69333a16814ace7f717a154c,CP,adult,1.5,1
66a926551ab3748f5d5348aa,CP,adult,1.02,1
69d8501df44c01f3dd2ebc20,CP,adult,1.05,1
5f464fffdb67840175b5b746,CP,adult,1.05,0
58584aa98604ae000165e633,CP,adult,1.333334,1
5b11afecc85dc40001621432,CP,adult,1.333334,1
5c2bb9cc8c35040001a59dde,CP,adult,1.5,1
5b4991de56e0140001acb76b,CP,adult,1.333334,1
593871d4536c28000168c04c,CP,adult,1.033334,0
62c4d5821033848c1dc3667b,CP,adult,1.033332857142857,0
6786e8177bc067f2f666d77c,CP,adult,1.333334,1
60dfd857e293a99dd577f4c8,CP,adult,1.0499999999999998,1
58584aa98604ae000165e633,CP,adult,1.5,1
69b1b573bb2e49d76c8a4a57,CP,adult,1.05,1
67c869872204b85d6c4c0749,CP,adult,1.333334,1
69ccd28a681130791ee609f3,CP,adult,1.05,1
605fbc12c61d8d10250f6e51,CP,adult,1.25,1
69d646c077f60a3e2654356b,CP,adult,1.25,1
646e4572cbed17f6bbacec12,CP,adult,1.5,1
66a926551ab3748f5d5348aa,CP,adult,1.02,1
698ea1be50ea8dbf93448cff,CP,adult,1.3333333333333333,1
66b48f832db507439d6ca2a2,CP,adult,1.05,1
58584aa98604ae000165e633,CP,adult,1.25,1
5f2ea9c0a638c92312e4ae5c,CP,adult,1.025,0
5b4991de56e0140001acb76b,CP,adult,1.25,1
646e4572cbed17f6bbacec12,CP,adult,1.25,0
65cb86a7e667e637599a3af3,CP,adult,1.5,1
69d646c077f60a3e2654356b,CP,adult,1.025,0
5c2bb9cc8c35040001a59dde,CP,adult,1.5,1
6606d4f4acdc3a6b8200c0ee,CP,adult,1.333332857142857,1
67c869872204b85d6c4c0749,CP,adult,1.333332857142857,1
6751acc5dc78128951a34f1f,CP,adult,1.0333333333333334,1
66a926551ab3748f5d5348aa,CP,adult,1.025,1
69333a16814ace7f717a154c,CP,adult,1.0333333333333334,0
675230603ce35dd4658c4dd0,CP,adult,1.25,1
5c2bb9cc8c35040001a59dde,CP,adult,1.5,1
5b7bc048338a93000155167e,CP,adult,1.0333333333333334,0
5a0f46bb7542890001aa7503,CP,adult,1.25,1
62cbf51439a76e8fccd8a495,CP,adult,1.02,1
69ba05f19ad964237758de7b,CP,adult,1.25,1
69a6dcc891788001618382c4,CP,adult,1.5,1
650b03136ab3d4c832d98b71,CP,adult,1.5,1
6053e01a6a8e8516ba7d47a7,CP,adult,1.0499999999999998,0
69d5801af14cddbf0b60b59d,CP,adult,1.05,1
605fbc12c61d8d10250f6e51,CP,adult,1.0333333333333334,1
5a0f46bb7542890001aa7503,CP,adult,1.5,1
698ea1be50ea8dbf93448cff,CP,adult,1.02,0
69b1b573bb2e49d76c8a4a57,CP,adult,1.333332857142857,0
5f5452df72345118f58d187b,CP,adult,1.5,1
66a926551ab3748f5d5348aa,CP,adult,1.5,1
6606d4f4acdc3a6b8200c0ee,CP,adult,1.02,1
60dfd857e293a99dd577f4c8,CP,adult,1.033334,0
5a9ad69adbdb470001eee577,CP,adult,1.333332857142857,1
5ff8f853d424e61d827a6995,CP,adult,1.033332857142857,1
69ccd28a681130791ee609f3,CP,adult,1.5,1
675230603ce35dd4658c4dd0,CP,adult,1.033332857142857,1
69e1854db4ea42aaa31d6448,CP,adult,1.5,1
69df23ac93fc5d13e11baf05,CP,adult,1.333334,1
6606d4f4acdc3a6b8200c0ee,CP,adult,1.25,0
62cbf51439a76e8fccd8a495,CP,adult,1.025,0
5ff8f853d424e61d827a6995,CP,adult,1.25,1
6751acc5dc78128951a34f1f,CP,adult,1.25,1
69b0b5440140899f769646c2,CP,adult,1.0333333333333334,0
5f2ea9c0a638c92312e4ae5c,CP,adult,1.0499999999999998,1
69d5801af14cddbf0b60b59d,CP,adult,1.033334,0
675230603ce35dd4658c4dd0,CP,adult,1.02,1
62cbf51439a76e8fccd8a495,CP,adult,1.333332857142857,1
66a926551ab3748f5d5348aa,CP,adult,1.02,1
650b03136ab3d4c832d98b71,CP,adult,1.033334,1
698ea1be50ea8dbf93448cff,CP,adult,1.25,1
6786e8177bc067f2f666d77c,CP,adult,1.25,1
60dfd857e293a99dd577f4c8,CP,adult,1.025,1
5a9ad69adbdb470001eee577,CP,adult,1.02,0
5b11afecc85dc40001621432,CP,adult,1.333332857142857,1
67c869872204b85d6c4c0749,CP,adult,1.25,1
62c4d5821033848c1dc3667b,CP,adult,1.5,1
67c74ce85a53a3888145adfd,CP,adult,1.05,0
6744d143eddffd17d345b192,CP,adult,1.025,1
67c74ce85a53a3888145adfd,CP,adult,1.05,0
5d4c7d1a2a25e5000114cf3b,CP,adult,1.02,0
5b11afecc85dc40001621432,CP,adult,1.5,1
69ba05f19ad964237758de7b,CP,adult,1.033334,1
5c43b8f45aca820001f73cee,CP,adult,1.25,1
69ccd28a681130791ee609f3,CP,adult,1.02,1
675230603ce35dd4658c4dd0,CP,adult,1.025,0
65cb86a7e667e637599a3af3,CP,adult,1.25,1
67c74ce85a53a3888145adfd,CP,adult,1.3333333333333333,0
63f77f79278126e103659cf4,CP,adult,1.02,0
69b0b5440140899f769646c2,CP,adult,1.025,1
69ba05f19ad964237758de7b,CP,adult,1.02,0
5dd5b42a2091e95798fbf574,CP,adult,1.05,0
605fbc12c61d8d10250f6e51,CP,adult,1.333332857142857,1
646d238ec077fb64c0294bd8,CP,adult,1.0499999999999998,0
5a9ad69adbdb470001eee577,CP,adult,1.025,0
63ed0392b8b24c34aaf26310,CP,adult,1.333334,1
675230603ce35dd4658c4dd0,CP,adult,1.033332857142857,1
5c43b8f45aca820001f73cee,CP,adult,1.25,1
5b11afecc85dc40001621432,CP,adult,1.5,1
698ea1be50ea8dbf93448cff,CP,adult,1.02,0
69a6dcc891788001618382c4,CP,adult,1.0499999999999998,1
6606d4f4acdc3a6b8200c0ee,CP,adult,1.02,0
6053e01a6a8e8516ba7d47a7,CP,adult,1.033332857142857,1
67c74ce85a53a3888145adfd,CP,adult,1.333334,1
5b11afecc85dc40001621432,CP,adult,1.3333333333333333,1
5a0f46bb7542890001aa7503,CP,adult,1.3333333333333333,1
5edeea354d54cb1a825aa8f9,CP,adult,1.025,1
6786e8177bc067f2f666d77c,CP,adult,1.5,1
62cbf51439a76e8fccd8a495,CP,adult,1.333334,1
63f77f79278126e103659cf4,CP,adult,1.05,0
593871d4536c28000168c04c,CP,adult,1.5,1
67c869872204b85d6c4c0749,CP,adult,1.05,1
69d646c077f60a3e2654356b,CP,adult,1.033332857142857,0
6606d4f4acdc3a6b8200c0ee,CP,adult,1.02,0
66b48f832db507439d6ca2a2,CP,adult,1.25,1
69d8501df44c01f3dd2ebc20,CP,adult,1.0333333333333334,0
63f77f79278126e103659cf4,CP,adult,1.05,0
69df23ac93fc5d13e11baf05,CP,adult,1.0333333333333334,1
65cb86a7e667e637599a3af3,CP,adult,1.3333333333333333,1
69d646c077f60a3e2654356b,CP,adult,1.25,1
62cbf51439a76e8fccd8a495,CP,adult,1.05,0
6510b799ca6f903d2d4c2d2c,CP,adult,1.033332857142857,1
67c869872204b85d6c4c0749,CP,adult,1.02,1
69b1b573bb2e49d76c8a4a57,CP,adult,1.0499999999999998,0
646d238ec077fb64c0294bd8,CP,adult,1.5,1
66b48f832db507439d6ca2a2,CP,adult,1.033334,0
69b0b5440140899f769646c2,CP,adult,1.025,1
5b4991de56e0140001acb76b,CP,adult,1.3333333333333333,1
5edeea354d54cb1a825aa8f9,CP,adult,1.025,1
69d959b8247f8be4f2554ee0,CP,adult,1.25,1
6751acc5dc78128951a34f1f,CP,adult,1.02,0
67c74ce85a53a3888145adfd,CP,adult,1.05,1
6053e01a6a8e8516ba7d47a7,CP,adult,1.5,1
5f2ea9c0a638c92312e4ae5c,CP,adult,1.0333333333333334,1
67c869872204b85d6c4c0749,CP,adult,1.0333333333333334,0
69df23ac93fc5d13e11baf05,CP,adult,1.0499999999999998,0
5dd5b42a2091e95798fbf574,CP,adult,1.02,1
605fbc12c61d8d10250f6e51,CP,adult,1.05,0
5edeea354d54cb1a825aa8f9,CP,adult,1.5,1
5ff8f853d424e61d827a6995,CP,adult,1.333334,1
5f464fffdb67840175b5b746,CP,adult,1.0499999999999998,1
5a9ad69adbdb470001eee577,CP,adult,1.02,1
62cbf51439a76e8fccd8a495,CP,adult,1.02,0
5a0f46bb7542890001aa7503,CP,adult,1.02,0
698ea1be50ea8dbf93448cff,CP,adult,1.033332857142857,0
5b4991de56e0140001acb76b,CP,adult,1.025,0
69ccd28a681130791ee609f3,CP,adult,1.25,1
5e5d824268168509ca89806f,CP,adult,1.25,1
650b03136ab3d4c832d98b71,CP,adult,1.05,1
62cbf51439a76e8fccd8a495,CP,adult,1.033332857142857,1
5edeea354d54cb1a825aa8f9,CP,adult,1.25,1
5a0f46bb7542890001aa7503,CP,adult,1.02,0
605fbc12c61d8d10250f6e51,CP,adult,1.5,1
5f5452df72345118f58d187b,CP,adult,1.333332857142857,1
6786e8177bc067f2f666d77c,CP,adult,1.033332857142857,1
5e5d824268168509ca89806f,CP,adult,1.333332857142857,1
69ccd28a681130791ee609f3,CP,adult,1.5,1
5f464fffdb67840175b5b746,CP,adult,1.033332857142857,1
69b0b5440140899f769646c2,CP,adult,1.3333333333333333,1
67c869872204b85d6c4c0749,CP,adult,1.05,1
5e5d824268168509ca89806f,CP,adult,1.5,1
605fbc12c61d8d10250f6e51,CP,adult,1.02,0
60dfd857e293a99dd577f4c8,CP,adult,1.033332857142857,1
63ed0392b8b24c34aaf26310,CP,adult,1.333334,1
5c43b8f45aca820001f73cee,CP,adult,1.025,1
698ea1be50ea8dbf93448cff,CP,adult,1.0499999999999998,1
646d238ec077fb64c0294bd8,CP,adult,1.02,1
5edeea354d54cb1a825aa8f9,CP,adult,1.3333333333333333,1
69ba05f19ad964237758de7b,CP,adult,1.25,1
67c74ce85a53a3888145adfd,CP,adult,1.02,0
6053e01a6a8e8516ba7d47a7,CP,adult,1.25,1
63ed0392b8b24c34aaf26310,CP,adult,1.02,0
69a6dcc891788001618382c4,CP,adult,1.02,0
697bc0049bada14424bebac5,CP,adult,1.02,1
5d4c7d1a2a25e5000114cf3b,CP,adult,1.025,1
5e5d824268168509ca89806f,CP,adult,1.033334,1
5dd5b42a2091e95798fbf574,CP,adult,1.333332857142857,1
5ff8f853d424e61d827a6995,CP,adult,1.25,1
5f464fffdb67840175b5b746,CP,adult,1.0499999999999998,1
69d5801af14cddbf0b60b59d,CP,adult,1.02,1
5b7bc048338a93000155167e,CP,adult,1.333332857142857,1
65cb86a7e667e637599a3af3,CP,adult,1.5,1
69d646c077f60a3e2654356b,CP,adult,1.02,1
69a6dcc891788001618382c4,CP,adult,1.025,1
675230603ce35dd4658c4dd0,CP,adult,1.05,1
69ccd28a681130791ee609f3,CP,adult,1.0499999999999998,1
63ed0392b8b24c34aaf26310,CP,adult,1.25,0
66b48f832db507439d6ca2a2,CP,adult,1.3333333333333333,1
5f5452df72345118f58d187b,CP,adult,1.0499999999999998,0
69a6dcc891788001618382c4,CP,adult,1.025,1
69d646c077f60a3e2654356b,CP,adult,1.02,1
62cbf51439a76e8fccd8a495,CP,adult,1.25,1
60dfd857e293a99dd577f4c8,CP,adult,1.033334,0
67c74ce85a53a3888145adfd,CP,adult,1.025,0
69d959b8247f8be4f2554ee0,CP,adult,1.25,0
66b48f832db507439d6ca2a2,CP,adult,1.5,1
6786e8177bc067f2f666d77c,CP,adult,1.25,1
66a926551ab3748f5d5348aa,CP,adult,1.25,0
5b11afecc85dc40001621432,CP,adult,1.5,1
5f2ea9c0a638c92312e4ae5c,CP,adult,1.033334,0
62c4d5821033848c1dc3667b,CP,adult,1.025,1
55ac3198fdf99b6de3b68b23,CP,adult,1.5,1
60dfd857e293a99dd577f4c8,CP,adult,1.025,1
67c869872204b85d6c4c0749,CP,adult,1.5,1
6786e8177bc067f2f666d77c,CP,adult,1.05,1
69d959b8247f8be4f2554ee0,CP,adult,1.25,1
66a926551ab3748f5d5348aa,CP,adult,1.333334,1
69b0b5440140899f769646c2,CP,adult,1.3333333333333333,1
62c4d5821033848c1dc3667b,CP,adult,1.025,1
65cb86a7e667e637599a3af3,CP,adult,1.5,1
67c74ce85a53a3888145adfd,CP,adult,1.025,1
5d4c7d1a2a25e5000114cf3b,CP,adult,1.25,1
62cbf51439a76e8fccd8a495,CP,adult,1.25,1
5c43b8f45aca820001f73cee,CP,adult,1.5,1
63ed0392b8b24c34aaf26310,CP,adult,1.033334,0
675230603ce35dd4658c4dd0,CP,adult,1.333332857142857,1
5b4991de56e0140001acb76b,CP,adult,1.025,0
65cb86a7e667e637599a3af3,CP,adult,1.5,1
69ba05f19ad964237758de7b,CP,adult,1.0333333333333334,0
650b03136ab3d4c832d98b71,CP,adult,1.02,0
5d4c7d1a2a25e5000114cf3b,CP,adult,1.025,1
5a9ad69adbdb470001eee577,CP,adult,1.02,1
65cb86a7e667e637599a3af3,CP,adult,1.5,1
697bc0049bada14424bebac5,CP,adult,1.02,0
5b7bc048338a93000155167e,CP,adult,1.025,0
62cbf51439a76e8fccd8a495,CP,adult,1.025,0
5e5d824268168509ca89806f,CP,adult,1.05,0
67c869872204b85d6c4c0749,CP,adult,1.5,0
5c43b8f45aca820001f73cee,CP,adult,1.0499999999999998,1
5a0f46bb7542890001aa7503,CP,adult,1.25,1
646d238ec077fb64c0294bd8,CP,adult,1.033332857142857,1
6751acc5dc78128951a34f1f,CP,adult,1.025,0
67c74ce85a53a3888145adfd,CP,adult,1.5,1
6751acc5dc78128951a34f1f,CP,adult,1.5,1
5d4c7d1a2a25e5000114cf3b,CP,adult,1.333334,1
6744d143eddffd17d345b192,CP,adult,1.033332857142857,1
5f2ea9c0a638c92312e4ae5c,CP,adult,1.333334,1
69d8501df44c01f3dd2ebc20,CP,adult,1.025,0
58584aa98604ae000165e633,CP,adult,1.5,1
6606d4f4acdc3a6b8200c0ee,CP,adult,1.25,0
5c43b8f45aca820001f73cee,CP,adult,1.5,1
69d5801af14cddbf0b60b59d,CP,adult,1.0333333333333334,1
69b1b573bb2e49d76c8a4a57,CP,adult,1.025,0
5b4991de56e0140001acb76b,CP,adult,1.5,1
65cb86a7e667e637599a3af3,CP,adult,1.0499999999999998,0
63f77f79278126e103659cf4,CP,adult,1.333334,1
67c74ce85a53a3888145adfd,CP,adult,1.5,1
62c4d5821033848c1dc3667b,CP,adult,1.05,0
5b7bc048338a93000155167e,CP,adult,1.25,1
650b03136ab3d4c832d98b71,CP,adult,1.025,0
58584aa98604ae000165e633,CP,adult,1.05,1
5e5d824268168509ca89806f,CP,adult,1.0499999999999998,0
5f5452df72345118f58d187b,CP,adult,1.02,0
67c869872204b85d6c4c0749,CP,adult,1.025,1
697bc0049bada14424bebac5,CP,adult,1.02,0
5c43b8f45aca820001f73cee,CP,adult,1.0333333333333334,1
5d4c7d1a2a25e5000114cf3b,CP,adult,1.0333333333333334,1
66b48f832db507439d6ca2a2,CP,adult,1.05,1
69df23ac93fc5d13e11baf05,CP,adult,1.05,0
5f5452df72345118f58d187b,CP,adult,1.333334,1
5f464fffdb67840175b5b746,CP,adult,1.3333333333333333,1
697bc0049bada14424bebac5,CP,adult,1.033334,1
63f77f79278126e103659cf4,CP,adult,1.05,1
67c869872204b85d6c4c0749,CP,adult,1.02,1
60dfd857e293a99dd577f4c8,CP,adult,1.025,1
5dd5b42a2091e95798fbf574,CP,adult,1.033334,0
55ac3198fdf99b6de3b68b23,CP,adult,1.02,0
6751acc5dc78128951a34f1f,CP,adult,1.333334,0
69d959b8247f8be4f2554ee0,CP,adult,1.333332857142857,1
5b7bc048338a93000155167e,CP,adult,1.25,1
698ea1be50ea8dbf93448cff,CP,adult,1.025,1
69d8501df44c01f3dd2ebc20,CP,adult,1.0499999999999998,0
5f5452df72345118f58d187b,CP,adult,1.033332857142857,1
6606d4f4acdc3a6b8200c0ee,CP,adult,1.025,0
6751acc5dc78128951a34f1f,CP,adult,1.05,0
66a926551ab3748f5d5348aa,CP,adult,1.333332857142857,1
5b11afecc85dc40001621432,CP,adult,1.0499999999999998,0
55ac3198fdf99b6de3b68b23,CP,adult,1.5,1
5dd5b42a2091e95798fbf574,CP,adult,1.333332857142857,1
6744d143eddffd17d345b192,CP,adult,1.333332857142857,1
69ccd28a681130791ee609f3,CP,adult,1.05,1
62c4d5821033848c1dc3667b,CP,adult,1.05,1
698ea1be50ea8dbf93448cff,CP,adult,1.25,1
6606d4f4acdc3a6b8200c0ee,CP,adult,1.033334,1
69ba05f19ad964237758de7b,CP,adult,1.025,0
69ccd28a681130791ee609f3,CP,adult,1.033332857142857,1
5ff8f853d424e61d827a6995,CP,adult,1.025,0
63ed0392b8b24c34aaf26310,CP,adult,1.333332857142857,1
6053e01a6a8e8516ba7d47a7,CP,adult,1.033332857142857,0
5f5452df72345118f58d187b,CP,adult,1.02,1
5a0f46bb7542890001aa7503,CP,adult,1.333332857142857,1
605fbc12c61d8d10250f6e51,CP,adult,1.05,1
62cbf51439a76e8fccd8a495,CP,adult,1.25,1
66a926551ab3748f5d5348aa,CP,adult,1.025,0
698ea1be50ea8dbf93448cff,CP,adult,1.5,1
5f464fffdb67840175b5b746,CP,adult,1.25,1
5a9ad69adbdb470001eee577,CP,adult,1.5,1
593871d4536c28000168c04c,CP,adult,1.5,1
697bc0049bada14424bebac5,CP,adult,1.0333333333333334,1
5a0f46bb7542890001aa7503,CP,adult,1.02,0
67c74ce85a53a3888145adfd,CP,adult,1.25,0
69d5801af14cddbf0b60b59d,CP,adult,1.025,1
69d8501df44c01f3dd2ebc20,CP,adult,1.0333333333333334,1
69b1b573bb2e49d76c8a4a57,CP,adult,1.5,1
6744d143eddffd17d345b192,CP,adult,1.5,1
6053e01a6a8e8516ba7d47a7,CP,adult,1.0499999999999998,1
6606d4f4acdc3a6b8200c0ee,CP,adult,1.5,1
6751acc5dc78128951a34f1f,CP,adult,1.033334,1
67c74ce85a53a3888145adfd,CP,adult,1.25,1
69b1b573bb2e49d76c8a4a57,CP,adult,1.25,0
593871d4536c28000168c04c,CP,adult,1.05,1
6053e01a6a8e8516ba7d47a7,CP,adult,1.5,1
69a6dcc891788001618382c4,CP,adult,1.02,1
69d8501df44c01f3dd2ebc20,CP,adult,1.0333333333333334,0
6751acc5dc78128951a34f1f,CP,adult,1.25,1
5f2ea9c0a638c92312e4ae5c,CP,adult,1.5,1
5b4991de56e0140001acb76b,CP,adult,1.025,0
66b48f832db507439d6ca2a2,CP,adult,1.02,1
69b1b573bb2e49d76c8a4a57,CP,adult,1.333334,1
6744d143eddffd17d345b192,CP,adult,1.5,1
593871d4536c28000168c04c,CP,adult,1.5,1
646d238ec077fb64c0294bd8,CP,adult,1.0499999999999998,1
66a926551ab3748f5d5348aa,CP,adult,1.033334,0
69d646c077f60a3e2654356b,CP,adult,1.333332857142857,1
69a6dcc891788001618382c4,CP,adult,1.0333333333333334,1
5ff8f853d424e61d827a6995,CP,adult,1.0499999999999998,1
69b1b573bb2e49d76c8a4a57,CP,adult,1.0499999999999998,1
6053e01a6a8e8516ba7d47a7,CP,adult,1.25,1
67c74ce85a53a3888145adfd,CP,adult,1.033334,1
5a0f46bb7542890001aa7503,CP,adult,1.3333333333333333,1
69a6dcc891788001618382c4,CP,adult,1.02,0
5f5452df72345118f58d187b,CP,adult,1.25,1
675230603ce35dd4658c4dd0,CP,adult,1.025,0
6751acc5dc78128951a34f1f,CP,adult,1.5,1
650b03136ab3d4c832d98b71,CP,adult,1.333334,1
69b1b573bb2e49d76c8a4a57,CP,adult,1.05,1
593871d4536c28000168c04c,CP,adult,1.033334,0
5b11afecc85dc40001621432,CP,adult,1.5,1
5f464fffdb67840175b5b746,CP,adult,1.0499999999999998,1
6786e8177bc067f2f666d77c,CP,adult,1.02,0
60dfd857e293a99dd577f4c8,CP,adult,1.0333333333333334,1
675230603ce35dd4658c4dd0,CP,adult,1.033334,0
55ac3198fdf99b6de3b68b23,CP,adult,1.25,1
5c43b8f45aca820001f73cee,CP,adult,1.0499999999999998,0
5dd5b42a2091e95798fbf574,CP,adult,1.3333333333333333,1
697bc0049bada14424bebac5,CP,adult,1.05,1
69ba05f19ad964237758de7b,CP,adult,1.5,1
5c2bb9cc8c35040001a59dde,CP,adult,1.025,1
63f77f79278126e103659cf4,CP,adult,1.033332857142857,0
650b03136ab3d4c832d98b71,CP,adult,1.5,1
5e5d824268168509ca89806f,CP,adult,1.025,1
6786e8177bc067f2f666d77c,CP,adult,1.02,0
55ac3198fdf99b6de3b68b23,CP,adult,1.5,1
69b0b5440140899f769646c2,CP,adult,1.333334,1
6606d4f4acdc3a6b8200c0ee,CP,adult,1.25,1
6751acc5dc78128951a34f1f,CP,adult,1.02,0
646d238ec077fb64c0294bd8,CP,adult,1.02,1
698ea1be50ea8dbf93448cff,CP,adult,1.5,1
5b4991de56e0140001acb76b,CP,adult,1.033332857142857,0
63ed0392b8b24c34aaf26310,CP,adult,1.25,1
69a6dcc891788001618382c4,CP,adult,1.05,1
69d646c077f60a3e2654356b,CP,adult,1.333332857142857,1
666ca8f24bc3a8e75b8f6ee2,CP,adult,1.02,0
5ff8f853d424e61d827a6995,CP,adult,1.5,1
65cb86a7e667e637599a3af3,CP,adult,1.333334,1
5b7bc048338a93000155167e,CP,adult,1.033332857142857,0
6744d143eddffd17d345b192,CP,adult,1.5,1
6606d4f4acdc3a6b8200c0ee,CP,adult,1.02,1
69d646c077f60a3e2654356b,CP,adult,1.5,1
5ff8f853d424e61d827a6995,CP,adult,1.025,1
69ba05f19ad964237758de7b,CP,adult,1.02,1
5a9ad69adbdb470001eee577,CP,adult,1.025,1
650b03136ab3d4c832d98b71,CP,adult,1.5,1
69df23ac93fc5d13e11baf05,CP,adult,1.02,0
62c4d5821033848c1dc3667b,CP,adult,1.5,1
697bc0049bada14424bebac5,CP,adult,1.033332857142857,1
5f2ea9c0a638c92312e4ae5c,CP,adult,1.025,1
5dd5b42a2091e95798fbf574,CP,adult,1.033332857142857,1
66b48f832db507439d6ca2a2,CP,adult,1.333334,1
6744d143eddffd17d345b192,CP,adult,1.5,1
69ccd28a681130791ee609f3,CP,adult,1.25,1
62c4d5821033848c1dc3667b,CP,adult,1.025,0
5b4991de56e0140001acb76b,CP,adult,1.05,0
69d959b8247f8be4f2554ee0,CP,adult,1.025,0
5f2ea9c0a638c92312e4ae5c,CP,adult,1.02,0
5ff8f853d424e61d827a6995,CP,adult,1.02,1
6786e8177bc067f2f666d77c,CP,adult,1.25,1
60dfd857e293a99dd577f4c8,CP,adult,1.0333333333333334,0
605fbc12c61d8d10250f6e51,CP,adult,1.02,0
5b4991de56e0140001acb76b,CP,adult,1.05,1
5a9ad69adbdb470001eee577,CP,adult,1.02,1
5f5452df72345118f58d187b,CP,adult,1.25,1
69d959b8247f8be4f2554ee0,CP,adult,1.3333333333333333,1
5f2ea9c0a638c92312e4ae5c,CP,adult,1.0333333333333334,0
66b48f832db507439d6ca2a2,CP,adult,1.02,0
5b4991de56e0140001acb76b,CP,adult,1.25,1
5edeea354d54cb1a825aa8f9,CP,adult,1.05,1
63ed0392b8b24c34aaf26310,CP,adult,1.3333333333333333,1
62c4d5821033848c1dc3667b,CP,adult,1.5,1
6606d4f4acdc3a6b8200c0ee,CP,adult,1.02,1
697bc0049bada14424bebac5,CP,adult,1.25,1
5e5d824268168509ca89806f,CP,adult,1.333334,1
67c74ce85a53a3888145adfd,CP,adult,1.02,0
5b4991de56e0140001acb76b,CP,adult,1.3333333333333333,1
650b03136ab3d4c832d98b71,CP,adult,1.333334,1
63f77f79278126e103659cf4,CP,adult,1.02,1
69df23ac93fc5d13e11baf05,CP,adult,1.02,1
697bc0049bada14424bebac5,CP,adult,1.05,0
5e5d824268168509ca89806f,CP,adult,1.025,0
5f464fffdb67840175b5b746,CP,adult,1.02,0
5dd5b42a2091e95798fbf574,CP,adult,1.333332857142857,1
55ac3198fdf99b6de3b68b23,CP,adult,1.5,1
69b1b573bb2e49d76c8a4a57,CP,adult,1.333334,1
63ed0392b8b24c34aaf26310,CP,adult,1.5,1
6786e8177bc067f2f666d77c,CP,adult,1.0499999999999998,1
5a0f46bb7542890001aa7503,CP,adult,1.5,1
5c43b8f45aca820001f73cee,CP,adult,1.0333333333333334,1
69ccd28a681130791ee609f3,CP,adult,1.5,1
67c74ce85a53a3888145adfd,CP,adult,1.5,1
6751acc5dc78128951a34f1f,CP,adult,1.033334,0
69b1b573bb2e49d76c8a4a57,CP,adult,1.333334,1
5e5d824268168509ca89806f,CP,adult,1.05,1
5a9ad69adbdb470001eee577,CP,adult,1.025,1
5f5452df72345118f58d187b,CP,adult,1.333332857142857,1
5b7bc048338a93000155167e,CP,adult,1.025,0
6510b799ca6f903d2d4c2d2c,CP,adult,1.02,1
5b11afecc85dc40001621432,CP,adult,1.333334,1
66b48f832db507439d6ca2a2,CP,adult,1.0333333333333334,0
6606d4f4acdc3a6b8200c0ee,CP,adult,1.0333333333333334,0
5f464fffdb67840175b5b746,CP,adult,1.02,0
67696d49d386c9789b03b1da,CP,adult,1.02,1
650b03136ab3d4c832d98b71,CP,adult,1.0499999999999998,1
63f77f79278126e103659cf4,CP,adult,1.25,1
5dd5b42a2091e95798fbf574,CP,adult,1.02,0
67c74ce85a53a3888145adfd,CP,adult,1.5,1
5a0f46bb7542890001aa7503,CP,adult,1.3333333333333333,1
69d646c077f60a3e2654356b,CP,adult,1.5,1
6786e8177bc067f2f666d77c,CP,adult,1.5,1
66b48f832db507439d6ca2a2,CP,adult,1.25,1
67bcba4cce51e01aa4648b3b,CP,adult,1.05,1
6744d143eddffd17d345b192,CP,adult,1.025,1
5a0f46bb7542890001aa7503,CP,adult,1.25,1
5ff8f853d424e61d827a6995,CP,adult,1.5,1
5c43b8f45aca820001f73cee,CP,adult,1.0333333333333334,0
5b11afecc85dc40001621432,CP,adult,1.333334,1
69ba05f19ad964237758de7b,CP,adult,1.05,1
63ed0392b8b24c34aaf26310,CP,adult,1.025,0
5f2ea9c0a638c92312e4ae5c,CP,adult,1.025,1
5f5452df72345118f58d187b,CP,adult,1.033334,1
69ccd28a681130791ee609f3,CP,adult,1.05,0
5b7bc048338a93000155167e,CP,adult,1.5,1
66b48f832db507439d6ca2a2,CP,adult,1.333334,1
697bc0049bada14424bebac5,CP,adult,1.333334,1
6744d143eddffd17d345b192,CP,adult,1.02,0
63f77f79278126e103659cf4,CP,adult,1.333332857142857,1
65cb86a7e667e637599a3af3,CP,adult,1.3333333333333333,1
69d646c077f60a3e2654356b,CP,adult,1.333332857142857,1
62cbf51439a76e8fccd8a495,CP,adult,1.025,0
67c869872204b85d6c4c0749,CP,adult,1.333334,1
69d959b8247f8be4f2554ee0,CP,adult,1.25,1
6510b799ca6f903d2d4c2d2c,CP,adult,1.333334,1
66b48f832db507439d6ca2a2,CP,adult,1.02,0
69d646c077f60a3e2654356b,CP,adult,1.333332857142857,1
63ed0392b8b24c34aaf26310,CP,adult,1.05,0
6786e8177bc067f2f666d77c,CP,adult,1.5,1
5edeea354d54cb1a825aa8f9,CP,adult,1.033334,1
646d238ec077fb64c0294bd8,CP,adult,1.5,1
66b48f832db507439d6ca2a2,CP,adult,1.05,1
593871d4536c28000168c04c,CP,adult,1.025,1
6053e01a6a8e8516ba7d47a7,CP,adult,1.333334,1
675230603ce35dd4658c4dd0,CP,adult,1.033334,0
5b7bc048338a93000155167e,CP,adult,1.025,0
5edeea354d54cb1a825aa8f9,CP,adult,1.333332857142857,1
5f5452df72345118f58d187b,CP,adult,1.025,0
67c869872204b85d6c4c0749,CP,adult,1.5,0
5b11afecc85dc40001621432,CP,adult,1.5,1
698ea1be50ea8dbf93448cff,CP,adult,1.5,1
5a0f46bb7542890001aa7503,CP,adult,1.025,1
6606d4f4acdc3a6b8200c0ee,CP,adult,1.05,1
646d238ec077fb64c0294bd8,CP,adult,1.333334,1
67c869872204b85d6c4c0749,CP,adult,1.05,0
5f2ea9c0a638c92312e4ae5c,CP,adult,1.0333333333333334,0
5c43b8f45aca820001f73cee,CP,adult,1.5,1
63ed0392b8b24c34aaf26310,CP,adult,1.033334,0
5d4c7d1a2a25e5000114cf3b,CP,adult,1.02,1
55ac3198fdf99b6de3b68b23,CP,adult,1.5,1
605fbc12c61d8d10250f6e51,CP,adult,1.05,1
69ba05f19ad964237758de7b,CP,adult,1.033332857142857,0
675230603ce35dd4658c4dd0,CP,adult,1.025,1
67bcba4cce51e01aa4648b3b,CP,adult,1.02,0
63ed0392b8b24c34aaf26310,CP,adult,1.02,1
67c869872204b85d6c4c0749,CP,adult,1.033334,1
55ac3198fdf99b6de3b68b23,CP,adult,1.25,1
69ba05f19ad964237758de7b,CP,adult,1.5,1
5b11afecc85dc40001621432,CP,adult,1.333334,1
67c74ce85a53a3888145adfd,CP,adult,1.333334,1
5e5d824268168509ca89806f,CP,adult,1.025,1
67c869872204b85d6c4c0749,CP,adult,1.05,1
69ccd28a681130791ee609f3,CP,adult,1.25,1
650b03136ab3d4c832d98b71,CP,adult,1.025,1
66b48f832db507439d6ca2a2,CP,adult,1.333332857142857,1
605fbc12c61d8d10250f6e51,CP,adult,1.25,1
55ac3198fdf99b6de3b68b23,CP,adult,1.25,1
67c869872204b85d6c4c0749,CP,adult,1.025,1
6786e8177bc067f2f666d77c,CP,adult,1.02,1
5f464fffdb67840175b5b746,CP,adult,1.5,1
5edeea354d54cb1a825aa8f9,CP,adult,1.033332857142857,0
6751acc5dc78128951a34f1f,CP,adult,1.25,0
63ed0392b8b24c34aaf26310,CP,adult,1.333332857142857,1
69b1b573bb2e49d76c8a4a57,CP,adult,1.25,0
69d8501df44c01f3dd2ebc20,CP,adult,1.25,1
666ca8f24bc3a8e75b8f6ee2,CP,adult,1.025,0
5c43b8f45aca820001f73cee,CP,adult,1.02,0
593871d4536c28000168c04c,CP,adult,1.025,1
646d238ec077fb64c0294bd8,CP,adult,1.3333333333333333,1
5f2ea9c0a638c92312e4ae5c,CP,adult,1.333332857142857,1
69a6dcc891788001618382c4,CP,adult,1.0333333333333334,0
6744d143eddffd17d345b192,CP,adult,1.02,1
66a926551ab3748f5d5348aa,CP,adult,1.25,1
5b11afecc85dc40001621432,CP,adult,1.25,1
605fbc12c61d8d10250f6e51,CP,adult,1.05,1
6751acc5dc78128951a34f1f,CP,adult,1.05,0
67c74ce85a53a3888145adfd,CP,adult,1.025,1
5f2ea9c0a638c92312e4ae5c,CP,adult,1.0499999999999998,1
65cb86a7e667e637599a3af3,CP,adult,1.3333333333333333,1
69d646c077f60a3e2654356b,CP,adult,1.5,1
63f77f79278126e103659cf4,CP,adult,1.3333333333333333,1
6751acc5dc78128951a34f1f,CP,adult,1.333332857142857,1
698ea1be50ea8dbf93448cff,CP,adult,1.02,1
5a9ad69adbdb470001eee577,CP,adult,1.033332857142857,1
5f464fffdb67840175b5b746,CP,adult,1.02,1
65cb86a7e667e637599a3af3,CP,adult,1.333334,1
650b03136ab3d4c832d98b71,CP,adult,1.5,1
6744d143eddffd17d345b192,CP,adult,1.0499999999999998,0
55ac3198fdf99b6de3b68b23,CP,adult,1.5,1
697bc0049bada14424bebac5,CP,adult,1.0333333333333334,0
67696d49d386c9789b03b1da,CP,adult,1.02,1
69ccd28a681130791ee609f3,CP,adult,1.333332857142857,1
675230603ce35dd4658c4dd0,CP,adult,1.025,0
5dd5b42a2091e95798fbf574,CP,adult,1.0333333333333334,0
63f77f79278126e103659cf4,CP,adult,1.5,1
6053e01a6a8e8516ba7d47a7,CP,adult,1.3333333333333333,1
697bc0049bada14424bebac5,CP,adult,1.0333333333333334,1
666ca8f24bc3a8e75b8f6ee2,CP,adult,1.333332857142857,0
67c869872204b85d6c4c0749,CP,adult,1.25,1
6786e8177bc067f2f666d77c,CP,adult,1.033334,1
66a926551ab3748f5d5348aa,CP,adult,1.25,1
6744d143eddffd17d345b192,CP,adult,1.025,1
6053e01a6a8e8516ba7d47a7,CP,adult,1.02,1
69df23ac93fc5d13e11baf05,CP,adult,1.05,1
5d4c7d1a2a25e5000114cf3b,CP,adult,1.05,0
5c43b8f45aca820001f73cee,CP,adult,1.033334,0
605fbc12c61d8d10250f6e51,CP,adult,1.033334,1
63f77f79278126e103659cf4,CP,adult,1.5,1
6751acc5dc78128951a34f1f,CP,adult,1.02,0
675230603ce35dd4658c4dd0,CP,adult,1.05,1
6786e8177bc067f2f666d77c,CP,adult,1.025,1
67696d49d386c9789b03b1da,CP,adult,1.25,1
69d646c077f60a3e2654356b,CP,adult,1.02,0
6751acc5dc78128951a34f1f,CP,adult,1.5,1
69b1b573bb2e49d76c8a4a57,CP,adult,1.333334,1
6744d143eddffd17d345b192,CP,adult,1.05,1
5ff8f853d424e61d827a6995,CP,adult,1.0499999999999998,1
67c74ce85a53a3888145adfd,CP,adult,1.05,0
650b03136ab3d4c832d98b71,CP,adult,1.25,0
5d4c7d1a2a25e5000114cf3b,CP,adult,1.025,0
67c869872204b85d6c4c0749,CP,adult,1.5,1
5b7bc048338a93000155167e,CP,adult,1.02,1
69df23ac93fc5d13e11baf05,CP,adult,1.25,1
698ea1be50ea8dbf93448cff,CP,adult,1.0333333333333334,1
5a0f46bb7542890001aa7503,CP,adult,1.333334,1
5a9ad69adbdb470001eee577,CP,adult,1.333332857142857,1
5dd5b42a2091e95798fbf574,CP,adult,1.5,1
5ff8f853d424e61d827a6995,CP,adult,1.0333333333333334,1
6606d4f4acdc3a6b8200c0ee,CP,adult,1.05,1
66a926551ab3748f5d5348aa,CP,adult,1.333332857142857,1
5f5452df72345118f58d187b,CP,adult,1.25,1
5b7bc048338a93000155167e,CP,adult,1.5,1
5a0f46bb7542890001aa7503,CP,adult,1.25,1
5ff8f853d424e61d827a6995,CP,adult,1.333332857142857,1
69a6dcc891788001618382c4,CP,adult,1.02,0
6606d4f4acdc3a6b8200c0ee,CP,adult,1.02,1
5f5452df72345118f58d187b,CP,adult,1.5,1
5d4c7d1a2a25e5000114cf3b,CP,adult,1.333334,1
69df23ac93fc5d13e11baf05,CP,adult,1.333334,1
5b4991de56e0140001acb76b,CP,adult,1.333334,1
605fbc12c61d8d10250f6e51,CP,adult,1.033332857142857,1
646d238ec077fb64c0294bd8,CP,adult,1.05,1
69d8501df44c01f3dd2ebc20,CP,adult,1.02,1
69d959b8247f8be4f2554ee0,CP,adult,1.02,0
69d646c077f60a3e2654356b,CP,adult,1.02,1
63ed0392b8b24c34aaf26310,CP,adult,1.025,0
5d4c7d1a2a25e5000114cf3b,CP,adult,1.05,1
5ff8f853d424e61d827a6995,CP,adult,1.05,1
67c74ce85a53a3888145adfd,CP,adult,1.02,1
6751acc5dc78128951a34f1f,CP,adult,1.0333333333333334,0
69d8501df44c01f3dd2ebc20,CP,adult,1.025,1
69d959b8247f8be4f2554ee0,CP,adult,1.333334,1
5ff8f853d424e61d827a6995,CP,adult,1.25,1
69b1b573bb2e49d76c8a4a57,CP,adult,1.5,1
5f5452df72345118f58d187b,CP,adult,1.02,0
69d646c077f60a3e2654356b,CP,adult,1.25,1
698ea1be50ea8dbf93448cff,CP,adult,1.025,1
5ff8f853d424e61d827a6995,CP,adult,1.25,1
69d959b8247f8be4f2554ee0,CP,adult,1.02,0
6751acc5dc78128951a34f1f,CP,adult,1.0333333333333334,1
593871d4536c28000168c04c,CP,adult,1.333334,1
5f5452df72345118f58d187b,CP,adult,1.025,1
646d238ec077fb64c0294bd8,CP,adult,1.033334,1
5f2ea9c0a638c92312e4ae5c,CP,adult,1.3333333333333333,1
66a926551ab3748f5d5348aa,CP,adult,1.25,1
6053e01a6a8e8516ba7d47a7,CP,adult,1.025,1
5f5452df72345118f58d187b,CP,adult,1.5,1
5d4c7d1a2a25e5000114cf3b,CP,adult,1.5,1
67c74ce85a53a3888145adfd,CP,adult,1.033334,1
697bc0049bada14424bebac5,CP,adult,1.02,1
63f77f79278126e103659cf4,CP,adult,1.025,1
593871d4536c28000168c04c,CP,adult,1.02,1
5dd5b42a2091e95798fbf574,CP,adult,1.02,0
69df23ac93fc5d13e11baf05,CP,adult,1.5,1
5c43b8f45aca820001f73cee,CP,adult,1.25,1
69d8501df44c01f3dd2ebc20,CP,adult,1.02,1
67696d49d386c9789b03b1da,CP,adult,1.02,1
646d238ec077fb64c0294bd8,CP,adult,1.25,1
650b03136ab3d4c832d98b71,CP,adult,1.25,1
605fbc12c61d8d10250f6e51,CP,adult,1.025,1
5b11afecc85dc40001621432,CP,adult,1.25,1
6786e8177bc067f2f666d77c,CP,adult,1.033334,1
69ba05f19ad964237758de7b,CP,adult,1.025,1
5f464fffdb67840175b5b746,CP,adult,1.25,1
69ccd28a681130791ee609f3,CP,adult,1.25,1
65cb86a7e667e637599a3af3,CP,adult,1.25,1
675230603ce35dd4658c4dd0,CP,adult,1.0499999999999998,1
67c869872204b85d6c4c0749,CP,adult,1.0499999999999998,0
69ba05f19ad964237758de7b,CP,adult,1.05,0
5a9ad69adbdb470001eee577,CP,adult,1.05,1
69d959b8247f8be4f2554ee0,CP,adult,1.5,1
66a926551ab3748f5d5348aa,CP,adult,1.05,0
5b11afecc85dc40001621432,CP,adult,1.25,1
67c74ce85a53a3888145adfd,CP,adult,1.0333333333333334,1
697bc0049bada14424bebac5,CP,adult,1.025,1
5ff8f853d424e61d827a6995,CP,adult,1.05,1
69ba05f19ad964237758de7b,CP,adult,1.05,0
6606d4f4acdc3a6b8200c0ee,CP,adult,1.033332857142857,0
66a926551ab3748f5d5348aa,CP,adult,1.5,1
5dd5b42a2091e95798fbf574,CP,adult,1.033332857142857,0
5b4991de56e0140001acb76b,CP,adult,1.02,1
5c43b8f45aca820001f73cee,CP,adult,1.033332857142857,0
5f464fffdb67840175b5b746,CP,adult,1.02,0
605fbc12c61d8d10250f6e51,CP,adult,1.25,1
69df23ac93fc5d13e11baf05,CP,adult,1.02,1
69d646c077f60a3e2654356b,CP,adult,1.025,0
698ea1be50ea8dbf93448cff,CP,adult,1.0499999999999998,1
5edeea354d54cb1a825aa8f9,CP,adult,1.02,0
5e5d824268168509ca89806f,CP,adult,1.25,0
69ccd28a681130791ee609f3,CP,adult,1.333332857142857,1
6751acc5dc78128951a34f1f,CP,adult,1.333332857142857,1
5a9ad69adbdb470001eee577,CP,adult,1.033332857142857,0
5b11afecc85dc40001621432,CP,adult,1.5,1
66b48f832db507439d6ca2a2,CP,adult,1.5,1
5edeea354d54cb1a825aa8f9,CP,adult,1.025,0
69d8501df44c01f3dd2ebc20,CP,adult,1.3333333333333333,1
5f464fffdb67840175b5b746,CP,adult,1.333332857142857,1
650b03136ab3d4c832d98b71,CP,adult,1.5,1
69b1b573bb2e49d76c8a4a57,CP,adult,1.02,0
698ea1be50ea8dbf93448cff,CP,adult,1.0333333333333334,1
63ed0392b8b24c34aaf26310,CP,adult,1.5,1
69d959b8247f8be4f2554ee0,CP,adult,1.05,1
69df23ac93fc5d13e11baf05,CP,adult,1.02,0
6510b799ca6f903d2d4c2d2c,CP,adult,1.5,1
698ea1be50ea8dbf93448cff,CP,adult,1.25,1
646d238ec077fb64c0294bd8,CP,adult,1.3333333333333333,1
66a926551ab3748f5d5348aa,CP,adult,1.033332857142857,1
5f93aff4d654c619d22b94b9,CP,adult,1.05,0
5a0f46bb7542890001aa7503,CP,adult,1.5,1
666ca8f24bc3a8e75b8f6ee2,CP,adult,1.333332857142857,0
698ea1be50ea8dbf93448cff,CP,adult,1.02,1
63f77f79278126e103659cf4,CP,adult,1.5,1
5b11afecc85dc40001621432,CP,adult,1.3333333333333333,1
6744d143eddffd17d345b192,CP,adult,1.25,1
55ac3198fdf99b6de3b68b23,CP,adult,1.333332857142857,1
69a6dcc891788001618382c4,CP,adult,1.0333333333333334,0
6053e01a6a8e8516ba7d47a7,CP,adult,1.25,0
5f5452df72345118f58d187b,CP,adult,1.25,1
6751acc5dc78128951a34f1f,CP,adult,1.02,0
5d4c7d1a2a25e5000114cf3b,CP,adult,1.3333333333333333,1
66a926551ab3748f5d5348aa,CP,adult,1.5,1
69b1b573bb2e49d76c8a4a57,CP,adult,1.333334,0
6053e01a6a8e8516ba7d47a7,CP,adult,1.02,1
698ea1be50ea8dbf93448cff,CP,adult,1.05,1
69d8501df44c01f3dd2ebc20,CP,adult,1.025,0
5c43b8f45aca820001f73cee,CP,adult,1.05,1
5b4991de56e0140001acb76b,CP,adult,1.5,1
69ccd28a681130791ee609f3,CP,adult,1.3333333333333333,1
6744d143eddffd17d345b192,CP,adult,1.033334,0
650b03136ab3d4c832d98b71,CP,adult,1.033334,1
67c869872204b85d6c4c0749,CP,adult,1.033334,1
5e5d824268168509ca89806f,CP,adult,1.025,0
69a6dcc891788001618382c4,CP,adult,1.025,1
6510b799ca6f903d2d4c2d2c,CP,adult,1.02,1
5f2ea9c0a638c92312e4ae5c,CP,adult,1.25,1
66b48f832db507439d6ca2a2,CP,adult,1.025,1
6053e01a6a8e8516ba7d47a7,CP,adult,1.3333333333333333,1
6786e8177bc067f2f666d77c,CP,adult,1.0333333333333334,1
63f77f79278126e103659cf4,CP,adult,1.05,1
593871d4536c28000168c04c,CP,adult,1.5,1
65cb86a7e667e637599a3af3,CP,adult,1.025,1
69ba05f19ad964237758de7b,CP,adult,1.025,0
650b03136ab3d4c832d98b71,CP,adult,1.3333333333333333,1
6786e8177bc067f2f666d77c,CP,adult,1.02,0
66a926551ab3748f5d5348aa,CP,adult,1.25,1
6744d143eddffd17d345b192,CP,adult,1.025,1
5a0f46bb7542890001aa7503,CP,adult,1.025,1
67c74ce85a53a3888145adfd,CP,adult,1.333334,1
646d238ec077fb64c0294bd8,CP,adult,1.25,1
5c43b8f45aca820001f73cee,CP,adult,1.025,1
5f2ea9c0a638c92312e4ae5c,CP,adult,1.033332857142857,1
5b7bc048338a93000155167e,CP,adult,1.025,1
6510b799ca6f903d2d4c2d2c,CP,adult,1.0499999999999998,0
697bc0049bada14424bebac5,CP,adult,1.033334,1
67696d49d386c9789b03b1da,CP,adult,1.05,1
5ff8f853d424e61d827a6995,CP,adult,1.5,1
5a9ad69adbdb470001eee577,CP,adult,1.05,0
5dd5b42a2091e95798fbf574,CP,adult,1.5,1
5edeea354d54cb1a825aa8f9,CP,adult,1.3333333333333333,1
5b7bc048338a93000155167e,CP,adult,1.0333333333333334,1
69d8501df44c01f3dd2ebc20,CP,adult,1.333332857142857,1
5f464fffdb67840175b5b746,CP,adult,1.025,1
67bcba4cce51e01aa4648b3b,CP,adult,1.25,1
5e5d824268168509ca89806f,CP,adult,1.025,1
5a9ad69adbdb470001eee577,CP,adult,1.5,1
6053e01a6a8e8516ba7d47a7,CP,adult,1.5,1
69d959b8247f8be4f2554ee0,CP,adult,1.333332857142857,1
675230603ce35dd4658c4dd0,CP,adult,1.02,1
67bcba4cce51e01aa4648b3b,CP,adult,1.25,1
69d646c077f60a3e2654356b,CP,adult,1.25,1
69ba05f19ad964237758de7b,CP,adult,1.033334,1
6053e01a6a8e8516ba7d47a7,CP,adult,1.033332857142857,0
605fbc12c61d8d10250f6e51,CP,adult,1.25,1
5ff8f853d424e61d827a6995,CP,adult,1.333334,0
69b1b573bb2e49d76c8a4a57,CP,adult,1.033332857142857,1
6751acc5dc78128951a34f1f,CP,adult,1.25,1
69d959b8247f8be4f2554ee0,CP,adult,1.025,1
5edeea354d54cb1a825aa8f9,CP,adult,1.3333333333333333,1
69ba05f19ad964237758de7b,CP,adult,1.02,1
5a0f46bb7542890001aa7503,CP,adult,1.05,1
698ea1be50ea8dbf93448cff,CP,adult,1.033332857142857,0
6510b799ca6f903d2d4c2d2c,CP,adult,1.02,0
69d646c077f60a3e2654356b,CP,adult,1.05,1
63f77f79278126e103659cf4,CP,adult,1.033334,1
69ba05f19ad964237758de7b,CP,adult,1.0333333333333334,1
697bc0049bada14424bebac5,CP,adult,1.25,1
5a0f46bb7542890001aa7503,CP,adult,1.05,1
5d4c7d1a2a25e5000114cf3b,CP,adult,1.05,1
69d646c077f60a3e2654356b,CP,adult,1.5,1
66a926551ab3748f5d5348aa,CP,adult,1.05,1
5f5452df72345118f58d187b,CP,adult,1.5,1
5f93aff4d654c619d22b94b9,CP,adult,1.025,1
5ff8f853d424e61d827a6995,CP,adult,1.025,1
5f464fffdb67840175b5b746,CP,adult,1.025,1
67c74ce85a53a3888145adfd,CP,adult,1.5,1
5d4c7d1a2a25e5000114cf3b,CP,adult,1.033334,0
5f2ea9c0a638c92312e4ae5c,CP,adult,1.5,1
6053e01a6a8e8516ba7d47a7,CP,adult,1.05,1
67c869872204b85d6c4c0749,CP,adult,1.033334,1
5edeea354d54cb1a825aa8f9,CP,adult,1.333334,1
6751acc5dc78128951a34f1f,CP,adult,1.25,1
5e5d824268168509ca89806f,CP,adult,1.333332857142857,1
5c55a5d2318c6b000118fc36,CP,adult,1.02,1
67c869872204b85d6c4c0749,CP,adult,1.025,1
55ac3198fdf99b6de3b68b23,CP,adult,1.025,1
5f5452df72345118f58d187b,CP,adult,1.025,1
5edeea354d54cb1a825aa8f9,CP,adult,1.02,0
63f77f79278126e103659cf4,CP,adult,1.0499999999999998,0
5ff8f853d424e61d827a6995,CP,adult,1.025,1
6751acc5dc78128951a34f1f,CP,adult,1.333332857142857,1
5f464fffdb67840175b5b746,CP,adult,1.025,0
5f5452df72345118f58d187b,CP,adult,1.033334,1
5b11afecc85dc40001621432,CP,adult,1.05,1
5c55a5d2318c6b000118fc36,CP,adult,1.02,1
5ff8f853d424e61d827a6995,CP,adult,1.033334,1
5f93aff4d654c619d22b94b9,CP,adult,1.0333333333333334,1
69d8501df44c01f3dd2ebc20,CP,adult,1.025,1
67c869872204b85d6c4c0749,CP,adult,1.02,1
5b7bc048338a93000155167e,CP,adult,1.25,1
6510b799ca6f903d2d4c2d2c,CP,adult,1.5,1
6751acc5dc78128951a34f1f,CP,adult,1.025,0
5a0f46bb7542890001aa7503,CP,adult,1.5,1
69d959b8247f8be4f2554ee0,CP,adult,1.0333333333333334,0
69d8501df44c01f3dd2ebc20,CP,adult,1.02,1
66a926551ab3748f5d5348aa,CP,adult,1.25,1
5ff8f853d424e61d827a6995,CP,adult,1.025,0
69df23ac93fc5d13e11baf05,CP,adult,1.5,1
5dd5b42a2091e95798fbf574,CP,adult,1.033334,1
6510b799ca6f903d2d4c2d2c,CP,adult,1.025,1
5f5452df72345118f58d187b,CP,adult,1.025,0
67c74ce85a53a3888145adfd,CP,adult,1.02,0
5c55a5d2318c6b000118fc36,CP,adult,1.02,0
67c869872204b85d6c4c0749,CP,adult,1.25,1
593871d4536c28000168c04c,CP,adult,1.033334,0
5b7bc048338a93000155167e,CP,adult,1.05,1
5f5452df72345118f58d187b,CP,adult,1.0333333333333334,0
67696d49d386c9789b03b1da,CP,adult,1.025,0
6751acc5dc78128951a34f1f,CP,adult,1.5,1
55ac3198fdf99b6de3b68b23,CP,adult,1.25,1
66b48f832db507439d6ca2a2,CP,adult,1.5,1
5f5452df72345118f58d187b,CP,adult,1.5,1
6053e01a6a8e8516ba7d47a7,CP,adult,1.333334,1
5edeea354d54cb1a825aa8f9,CP,adult,1.5,1
5a9ad69adbdb470001eee577,CP,adult,1.0333333333333334,0
593871d4536c28000168c04c,CP,adult,1.025,1
5c55a5d2318c6b000118fc36,CP,adult,1.05,1
5b11afecc85dc40001621432,CP,adult,1.25,1
67c74ce85a53a3888145adfd,CP,adult,1.05,0
698ea1be50ea8dbf93448cff,CP,adult,1.05,1
67c869872204b85d6c4c0749,CP,adult,1.5,1
5a9ad69adbdb470001eee577,CP,adult,1.0499999999999998,1
5c55a5d2318c6b000118fc36,CP,adult,1.02,1
5f5452df72345118f58d187b,CP,adult,1.05,0
5b11afecc85dc40001621432,CP,adult,1.25,1
698ea1be50ea8dbf93448cff,CP,adult,1.333332857142857,1
5a0f46bb7542890001aa7503,CP,adult,1.333334,1
593871d4536c28000168c04c,CP,adult,1.05,0
650b03136ab3d4c832d98b71,CP,adult,1.333332857142857,1
675230603ce35dd4658c4dd0,CP,adult,1.02,0
69ba05f19ad964237758de7b,CP,adult,1.25,1
5ff8f853d424e61d827a6995,CP,adult,1.025,0
5a0f46bb7542890001aa7503,CP,adult,1.25,1
67bcba4cce51e01aa4648b3b,CP,adult,1.5,0
67696d49d386c9789b03b1da,CP,adult,1.02,0
5b11afecc85dc40001621432,CP,adult,1.25,1
69ba05f19ad964237758de7b,CP,adult,1.0333333333333334,0
605fbc12c61d8d10250f6e51,CP,adult,1.0499999999999998,1
5f93aff4d654c619d22b94b9,CP,adult,1.0333333333333334,0
5c43b8f45aca820001f73cee,CP,adult,1.025,0
5e5d824268168509ca89806f,CP,adult,1.5,1
67c869872204b85d6c4c0749,CP,adult,1.05,0
69df23ac93fc5d13e11baf05,CP,adult,1.25,1
6053e01a6a8e8516ba7d47a7,CP,adult,1.5,1
697bc0049bada14424bebac5,CP,adult,1.02,1
5a0f46bb7542890001aa7503,CP,adult,1.25,1
63f77f79278126e103659cf4,CP,adult,1.5,1
650b03136ab3d4c832d98b71,CP,adult,1.5,1
69df23ac93fc5d13e11baf05,CP,adult,1.25,1
5edeea354d54cb1a825aa8f9,CP,adult,1.0499999999999998,1
605fbc12c61d8d10250f6e51,CP,adult,1.0333333333333334,0
67c869872204b85d6c4c0749,CP,adult,1.025,0
5b11afecc85dc40001621432,CP,adult,1.5,1
5c55a5d2318c6b000118fc36,CP,adult,1.333332857142857,1
55ac3198fdf99b6de3b68b23,CP,adult,1.25,1
69b1b573bb2e49d76c8a4a57,CP,adult,1.033334,1
5e5d824268168509ca89806f,CP,adult,1.033332857142857,1
6786e8177bc067f2f666d77c,CP,adult,1.333332857142857,1
698ea1be50ea8dbf93448cff,CP,adult,1.25,1
650b03136ab3d4c832d98b71,CP,adult,1.02,1
63f77f79278126e103659cf4,CP,adult,1.0333333333333334,1
69d8501df44c01f3dd2ebc20,CP,adult,1.25,1
5e5d824268168509ca89806f,CP,adult,1.05,1
6786e8177bc067f2f666d77c,CP,adult,1.025,1
5ff8f853d424e61d827a6995,CP,adult,1.025,0
5c43b8f45aca820001f73cee,CP,adult,1.25,1
67c869872204b85d6c4c0749,CP,adult,1.25,1
6744d143eddffd17d345b192,CP,adult,1.25,1
5f93aff4d654c619d22b94b9,CP,adult,1.3333333333333333,1
675230603ce35dd4658c4dd0,CP,adult,1.05,1
6751acc5dc78128951a34f1f,CP,adult,1.0499999999999998,1
646d238ec077fb64c0294bd8,CP,adult,1.025,1
5b7bc048338a93000155167e,CP,adult,1.025,1
69d959b8247f8be4f2554ee0,CP,adult,1.333332857142857,1
6744d143eddffd17d345b192,CP,adult,1.333332857142857,1
69ba05f19ad964237758de7b,CP,adult,1.05,1
6053e01a6a8e8516ba7d47a7,CP,adult,1.02,0
675230603ce35dd4658c4dd0,CP,adult,1.5,1
605fbc12c61d8d10250f6e51,CP,adult,1.5,1
63f77f79278126e103659cf4,CP,adult,1.3333333333333333,1
69d959b8247f8be4f2554ee0,CP,adult,1.033332857142857,0
66b48f832db507439d6ca2a2,CP,adult,1.25,1
5f93aff4d654c619d22b94b9,CP,adult,1.5,1
697bc0049bada14424bebac5,CP,adult,1.5,1
69df23ac93fc5d13e11baf05,CP,adult,1.25,1
5f5452df72345118f58d187b,CP,adult,1.025,1
63f77f79278126e103659cf4,CP,adult,1.05,0
69d959b8247f8be4f2554ee0,CP,adult,1.333334,1
6053e01a6a8e8516ba7d47a7,CP,adult,1.25,1
5f464fffdb67840175b5b746,CP,adult,1.025,0
5e5d824268168509ca89806f,CP,adult,1.033334,1
69df23ac93fc5d13e11baf05,CP,adult,1.025,0
66b48f832db507439d6ca2a2,CP,adult,1.25,1
5d4c7d1a2a25e5000114cf3b,CP,adult,1.0333333333333334,0
646d238ec077fb64c0294bd8,CP,adult,1.025,1
69d8501df44c01f3dd2ebc20,CP,adult,1.033332857142857,0
666ca8f24bc3a8e75b8f6ee2,CP,adult,1.02,0
67696d49d386c9789b03b1da,CP,adult,1.5,0
63f77f79278126e103659cf4,CP,adult,1.0499999999999998,0
593871d4536c28000168c04c,CP,adult,1.333332857142857,1
5d4c7d1a2a25e5000114cf3b,CP,adult,1.02,1
66a926551ab3748f5d5348aa,CP,adult,1.033334,0
5e5d824268168509ca89806f,CP,adult,1.025,1
5a9ad69adbdb470001eee577,CP,adult,1.5,1
6744d143eddffd17d345b192,CP,adult,1.5,1
5c55a5d2318c6b000118fc36,CP,adult,1.25,1
675230603ce35dd4658c4dd0,CP,adult,1.25,0
5d4c7d1a2a25e5000114cf3b,CP,adult,1.5,1
697bc0049bada14424bebac5,CP,adult,1.02,0
650b03136ab3d4c832d98b71,CP,adult,1.02,0
67696d49d386c9789b03b1da,CP,adult,1.025,1
6510b799ca6f903d2d4c2d2c,CP,adult,1.5,1
5a0f46bb7542890001aa7503,CP,adult,1.02,1
5a9ad69adbdb470001eee577,CP,adult,1.0499999999999998,1
5c43b8f45aca820001f73cee,CP,adult,1.025,1
69df23ac93fc5d13e11baf05,CP,adult,1.025,1
675230603ce35dd4658c4dd0,CP,adult,1.3333333333333333,1
5d4c7d1a2a25e5000114cf3b,CP,adult,1.05,0
66a926551ab3748f5d5348aa,CP,adult,1.033334,1
646d238ec077fb64c0294bd8,CP,adult,1.025,1
5dd5b42a2091e95798fbf574,CP,adult,1.25,0
5f2ea9c0a638c92312e4ae5c,CP,adult,1.0499999999999998,1
67bcba4cce51e01aa4648b3b,CP,adult,1.25,1
6786e8177bc067f2f666d77c,CP,adult,1.025,1
67c74ce85a53a3888145adfd,CP,adult,1.25,1
67696d49d386c9789b03b1da,CP,adult,1.3333333333333333,0
5ff8f853d424e61d827a6995,CP,adult,1.05,1
67c869872204b85d6c4c0749,CP,adult,1.5,0
67bcba4cce51e01aa4648b3b,CP,adult,1.02,0
6786e8177bc067f2f666d77c,CP,adult,1.02,0
66b48f832db507439d6ca2a2,CP,adult,1.5,1
55ac3198fdf99b6de3b68b23,CP,adult,1.02,0
5a0f46bb7542890001aa7503,CP,adult,1.0499999999999998,1
67696d49d386c9789b03b1da,CP,adult,1.5,1
69d8501df44c01f3dd2ebc20,CP,adult,1.05,1
646d238ec077fb64c0294bd8,CP,adult,1.033334,0
69ba05f19ad964237758de7b,CP,adult,1.033332857142857,0
5ff8f853d424e61d827a6995,CP,adult,1.333334,1
5f464fffdb67840175b5b746,CP,adult,1.033334,1
67696d49d386c9789b03b1da,CP,adult,1.333332857142857,1
69d8501df44c01f3dd2ebc20,CP,adult,1.5,1
66b48f832db507439d6ca2a2,CP,adult,1.5,0
646d238ec077fb64c0294bd8,CP,adult,1.25,1
6751acc5dc78128951a34f1f,CP,adult,1.02,1
593871d4536c28000168c04c,CP,adult,1.025,0
698ea1be50ea8dbf93448cff,CP,adult,1.5,1
650b03136ab3d4c832d98b71,CP,adult,1.033334,1
69d959b8247f8be4f2554ee0,CP,adult,1.05,1
5dd5b42a2091e95798fbf574,CP,adult,1.05,1
55ac3198fdf99b6de3b68b23,CP,adult,1.025,1
67bcba4cce51e01aa4648b3b,CP,adult,1.5,1
5a9ad69adbdb470001eee577,CP,adult,1.25,1
69ba05f19ad964237758de7b,CP,adult,1.5,1
5dd5b42a2091e95798fbf574,CP,adult,1.333332857142857,1
5f2ea9c0a638c92312e4ae5c,CP,adult,1.5,1
69d959b8247f8be4f2554ee0,CP,adult,1.02,1
5b11afecc85dc40001621432,CP,adult,1.5,1
67696d49d386c9789b03b1da,CP,adult,1.0333333333333334,0
69ba05f19ad964237758de7b,CP,adult,1.3333333333333333,1
5f93aff4d654c619d22b94b9,CP,adult,1.25,1
593871d4536c28000168c04c,CP,adult,1.333332857142857,1
5e5d824268168509ca89806f,CP,adult,1.025,1
646d238ec077fb64c0294bd8,CP,adult,1.05,1
6744d143eddffd17d345b192,CP,adult,1.333332857142857,1
6053e01a6a8e8516ba7d47a7,CP,adult,1.0499999999999998,1
5f5452df72345118f58d187b,CP,adult,1.025,0
675230603ce35dd4658c4dd0,CP,adult,1.5,1
5dd5b42a2091e95798fbf574,CP,adult,1.25,1
5f464fffdb67840175b5b746,CP,adult,1.05,1
69d646c077f60a3e2654356b,CP,adult,1.025,0
5b11afecc85dc40001621432,CP,adult,1.25,1
6744d143eddffd17d345b192,CP,adult,1.25,1
697bc0049bada14424bebac5,CP,adult,1.333334,1
67c74ce85a53a3888145adfd,CP,adult,1.033332857142857,0
69ccd28a681130791ee609f3,CP,adult,1.5,1
5c55a5d2318c6b000118fc36,CP,adult,1.0499999999999998,0
69b1b573bb2e49d76c8a4a57,CP,adult,1.05,1
5b11afecc85dc40001621432,CP,adult,1.25,1
666ca8f24bc3a8e75b8f6ee2,CP,adult,1.0499999999999998,1
69df23ac93fc5d13e11baf05,CP,adult,1.333334,1
698ea1be50ea8dbf93448cff,CP,adult,1.02,1
605fbc12c61d8d10250f6e51,CP,adult,1.025,0
5f464fffdb67840175b5b746,CP,adult,1.3333333333333333,1
5f2ea9c0a638c92312e4ae5c,CP,adult,1.5,1
69b1b573bb2e49d76c8a4a57,CP,adult,1.033332857142857,1
5e5d824268168509ca89806f,CP,adult,1.025,1
697bc0049bada14424bebac5,CP,adult,1.0499999999999998,1
5edeea354d54cb1a825aa8f9,CP,adult,1.033334,1
5dd5b42a2091e95798fbf574,CP,adult,1.3333333333333333,1
6744d143eddffd17d345b192,CP,adult,1.25,1
5b7bc048338a93000155167e,CP,adult,1.333332857142857,1
5e5d824268168509ca89806f,CP,adult,1.5,1
6510b799ca6f903d2d4c2d2c,CP,adult,1.0499999999999998,1
5c43b8f45aca820001f73cee,CP,adult,1.05,0
5a9ad69adbdb470001eee577,CP,adult,1.5,1
6744d143eddffd17d345b192,CP,adult,1.05,1
5b11afecc85dc40001621432,CP,adult,1.333334,1
5f2ea9c0a638c92312e4ae5c,CP,adult,1.25,1
5f93aff4d654c619d22b94b9,CP,adult,1.02,1
6510b799ca6f903d2d4c2d2c,CP,adult,1.25,1
66a926551ab3748f5d5348aa,CP,adult,1.025,1
5a9ad69adbdb470001eee577,CP,adult,1.25,1
67c869872204b85d6c4c0749,CP,adult,1.02,0
5c55a5d2318c6b000118fc36,CP,adult,1.025,0
6053e01a6a8e8516ba7d47a7,CP,adult,1.033332857142857,0
5dd5b42a2091e95798fbf574,CP,adult,1.333334,1
6744d143eddffd17d345b192,CP,adult,1.5,1
698ea1be50ea8dbf93448cff,CP,adult,1.0499999999999998,1
5edeea354d54cb1a825aa8f9,CP,adult,1.033332857142857,1
6751acc5dc78128951a34f1f,CP,adult,1.05,1
5c43b8f45aca820001f73cee,CP,adult,1.02,1
67bcba4cce51e01aa4648b3b,CP,adult,1.033334,1
698ea1be50ea8dbf93448cff,CP,adult,1.5,1
66b48f832db507439d6ca2a2,CP,adult,1.025,0
5ff8f853d424e61d827a6995,CP,adult,1.033334,1
6053e01a6a8e8516ba7d47a7,CP,adult,1.02,0
5c43b8f45aca820001f73cee,CP,adult,1.0333333333333334,0
67bcba4cce51e01aa4648b3b,CP,adult,1.333334,1
63f77f79278126e103659cf4,CP,adult,1.02,0
6751acc5dc78128951a34f1f,CP,adult,1.05,1
5b7bc048338a93000155167e,CP,adult,1.033332857142857,0
5d4c7d1a2a25e5000114cf3b,CP,adult,1.25,1
67c869872204b85d6c4c0749,CP,adult,1.5,1
5f2ea9c0a638c92312e4ae5c,CP,adult,1.025,0
69ccd28a681130791ee609f3,CP,adult,1.0333333333333334,1
67bcba4cce51e01aa4648b3b,CP,adult,1.3333333333333333,1
66b48f832db507439d6ca2a2,CP,adult,1.5,1
5f93aff4d654c619d22b94b9,CP,adult,1.05,0
6053e01a6a8e8516ba7d47a7,CP,adult,1.25,1
605fbc12c61d8d10250f6e51,CP,adult,1.025,0
5a9ad69adbdb470001eee577,CP,adult,1.025,0
5f464fffdb67840175b5b746,CP,adult,1.02,0
650b03136ab3d4c832d98b71,CP,adult,1.025,0
69d959b8247f8be4f2554ee0,CP,adult,1.333334,1
5e5d824268168509ca89806f,CP,adult,1.25,1
69d8501df44c01f3dd2ebc20,CP,adult,1.3333333333333333,1
5c43b8f45aca820001f73cee,CP,adult,1.5,1
5dd5b42a2091e95798fbf574,CP,adult,1.333334,1
650b03136ab3d4c832d98b71,CP,adult,1.333334,1
63f77f79278126e103659cf4,CP,adult,1.25,1
6510b799ca6f903d2d4c2d2c,CP,adult,1.025,1
6751acc5dc78128951a34f1f,CP,adult,1.333332857142857,1
5c43b8f45aca820001f73cee,CP,adult,1.0333333333333334,1
69df23ac93fc5d13e11baf05,CP,adult,1.033334,1
67bcba4cce51e01aa4648b3b,CP,adult,1.025,0
650b03136ab3d4c832d98b71,CP,adult,1.025,0
69b1b573bb2e49d76c8a4a57,CP,adult,1.5,1
6751acc5dc78128951a34f1f,CP,adult,1.033332857142857,1
55ac3198fdf99b6de3b68b23,CP,adult,1.3333333333333333,1
66a926551ab3748f5d5348aa,CP,adult,1.025,1
67bcba4cce51e01aa4648b3b,CP,adult,1.05,1
605fbc12c61d8d10250f6e51,CP,adult,1.333334,1
5d4c7d1a2a25e5000114cf3b,CP,adult,1.25,1
698ea1be50ea8dbf93448cff,CP,adult,1.025,1
5b7bc048338a93000155167e,CP,adult,1.02,0
5c43b8f45aca820001f73cee,CP,adult,1.02,0
697bc0049bada14424bebac5,CP,adult,1.05,1
6744d143eddffd17d345b192,CP,adult,1.25,1
5f2ea9c0a638c92312e4ae5c,CP,adult,1.333332857142857,1
675230603ce35dd4658c4dd0,CP,adult,1.25,1
69b1b573bb2e49d76c8a4a57,CP,adult,1.025,0
5a0f46bb7542890001aa7503,CP,adult,1.25,1
5b7bc048338a93000155167e,CP,adult,1.25,1
6510b799ca6f903d2d4c2d2c,CP,adult,1.25,1
66b48f832db507439d6ca2a2,CP,adult,1.5,1
650b03136ab3d4c832d98b71,CP,adult,1.25,1
605fbc12c61d8d10250f6e51,CP,adult,1.333334,1
646d238ec077fb64c0294bd8,CP,adult,1.3333333333333333,1
5f464fffdb67840175b5b746,CP,adult,1.25,1
69b1b573bb2e49d76c8a4a57,CP,adult,1.05,1
55ac3198fdf99b6de3b68b23,CP,adult,1.02,1
5f5452df72345118f58d187b,CP,adult,1.025,0
5dd5b42a2091e95798fbf574,CP,adult,1.5,1
5f2ea9c0a638c92312e4ae5c,CP,adult,1.25,0
5f464fffdb67840175b5b746,CP,adult,1.05,1
5a9ad69adbdb470001eee577,CP,adult,1.0333333333333334,1
698ea1be50ea8dbf93448cff,CP,adult,1.025,0
69ba05f19ad964237758de7b,CP,adult,1.333332857142857,1
5f93aff4d654c619d22b94b9,CP,adult,1.5,1
5a0f46bb7542890001aa7503,CP,adult,1.25,1
697bc0049bada14424bebac5,CP,adult,1.0333333333333334,1
5f2ea9c0a638c92312e4ae5c,CP,adult,1.5,1
63f77f79278126e103659cf4,CP,adult,1.05,1
69d959b8247f8be4f2554ee0,CP,adult,1.0333333333333334,1
5b11afecc85dc40001621432,CP,adult,1.25,1
6053e01a6a8e8516ba7d47a7,CP,adult,1.05,1
67c869872204b85d6c4c0749,CP,adult,1.3333333333333333,1
55ac3198fdf99b6de3b68b23,CP,adult,1.025,1
6744d143eddffd17d345b192,CP,adult,1.25,1
5b11afecc85dc40001621432,CP,adult,1.5,1
5dd5b42a2091e95798fbf574,CP,adult,1.25,1
5a0f46bb7542890001aa7503,CP,adult,1.333334,1
5e5d824268168509ca89806f,CP,adult,1.333334,1
63f77f79278126e103659cf4,CP,adult,1.25,1
69ba05f19ad964237758de7b,CP,adult,1.5,1
69d959b8247f8be4f2554ee0,CP,adult,1.05,1
5ff8f853d424e61d827a6995,CP,adult,1.02,1
5edeea354d54cb1a825aa8f9,CP,adult,1.5,1
69d8501df44c01f3dd2ebc20,CP,adult,1.333332857142857,1
5dd5b42a2091e95798fbf574,CP,adult,1.5,1
697bc0049bada14424bebac5,CP,adult,1.025,1
55ac3198fdf99b6de3b68b23,CP,adult,1.333334,1
5ff8f853d424e61d827a6995,CP,adult,1.033332857142857,0
5c55a5d2318c6b000118fc36,CP,adult,1.5,1
67bcba4cce51e01aa4648b3b,CP,adult,1.02,0
69df23ac93fc5d13e11baf05,CP,adult,1.5,1
5a0f46bb7542890001aa7503,CP,adult,1.05,1
5b7bc048338a93000155167e,CP,adult,1.333332857142857,1
6751acc5dc78128951a34f1f,CP,adult,1.3333333333333333,1
675230603ce35dd4658c4dd0,CP,adult,1.02,0
5a9ad69adbdb470001eee577,CP,adult,1.5,1
605fbc12c61d8d10250f6e51,CP,adult,1.02,0
5c55a5d2318c6b000118fc36,CP,adult,1.333334,1
5edeea354d54cb1a825aa8f9,CP,adult,1.25,1
675230603ce35dd4658c4dd0,CP,adult,1.5,1
5f93aff4d654c619d22b94b9,CP,adult,1.02,0
5f464fffdb67840175b5b746,CP,adult,1.033332857142857,1
5e5d824268168509ca89806f,CP,adult,1.033332857142857,0
5dd5b42a2091e95798fbf574,CP,adult,1.5,1
5a9ad69adbdb470001eee577,CP,adult,1.333332857142857,1
650b03136ab3d4c832d98b71,CP,adult,1.5,1
605fbc12c61d8d10250f6e51,CP,adult,1.5,1
60e70621e54d41df0e70bfcd,CP,adult,1.02,0
69df23ac93fc5d13e11baf05,CP,adult,1.02,1
698ea1be50ea8dbf93448cff,CP,adult,1.3333333333333333,1
67696d49d386c9789b03b1da,CP,adult,1.05,1
69b1b573bb2e49d76c8a4a57,CP,adult,1.025,1
6510b799ca6f903d2d4c2d2c,CP,adult,1.02,1
69df23ac93fc5d13e11baf05,CP,adult,1.5,1
5e16bce18dffa0c6f76cda9b,CP,adult,1.05,1
67696d49d386c9789b03b1da,CP,adult,1.025,0
5c55a5d2318c6b000118fc36,CP,adult,1.25,1
67c869872204b85d6c4c0749,CP,adult,1.0499999999999998,0
55ac3198fdf99b6de3b68b23,CP,adult,1.02,1
5f464fffdb67840175b5b746,CP,adult,1.05,0
5e5d824268168509ca89806f,CP,adult,1.25,1
5a9ad69adbdb470001eee577,CP,adult,1.025,1
593871d4536c28000168c04c,CP,adult,1.5,1
67696d49d386c9789b03b1da,CP,adult,1.033334,1
5c43b8f45aca820001f73cee,CP,adult,1.5,1
67bcba4cce51e01aa4648b3b,CP,adult,1.033334,0
5a9ad69adbdb470001eee577,CP,adult,1.02,0
5c55a5d2318c6b000118fc36,CP,adult,1.5,1
69b1b573bb2e49d76c8a4a57,CP,adult,1.5,1
5edeea354d54cb1a825aa8f9,CP,adult,1.025,1
5d4c7d1a2a25e5000114cf3b,CP,adult,1.5,1
5f93aff4d654c619d22b94b9,CP,adult,1.02,1
5dd5b42a2091e95798fbf574,CP,adult,1.0499999999999998,1
5b7bc048338a93000155167e,CP,adult,1.5,1
675230603ce35dd4658c4dd0,CP,adult,1.033332857142857,1
698ea1be50ea8dbf93448cff,CP,adult,1.033334,1
67696d49d386c9789b03b1da,CP,adult,1.25,0
5c55a5d2318c6b000118fc36,CP,adult,1.25,1
650b03136ab3d4c832d98b71,CP,adult,1.333332857142857,1
5b11afecc85dc40001621432,CP,adult,1.5,1
5b7bc048338a93000155167e,CP,adult,1.5,1
69b1b573bb2e49d76c8a4a57,CP,adult,1.05,1
67696d49d386c9789b03b1da,CP,adult,1.3333333333333333,1
5dd5b42a2091e95798fbf574,CP,adult,1.5,1
605fbc12c61d8d10250f6e51,CP,adult,1.02,1
5f464fffdb67840175b5b746,CP,adult,1.5,1
63f77f79278126e103659cf4,CP,adult,1.02,0
6510b799ca6f903d2d4c2d2c,CP,adult,1.5,1
646d238ec077fb64c0294bd8,CP,adult,1.033334,1
650b03136ab3d4c832d98b71,CP,adult,1.025,1
63f77f79278126e103659cf4,CP,adult,1.25,1
60e70621e54d41df0e70bfcd,CP,adult,1.02,1
593871d4536c28000168c04c,CP,adult,1.333332857142857,1
605fbc12c61d8d10250f6e51,CP,adult,1.5,1
63f77f79278126e103659cf4,CP,adult,1.333334,1
67bcba4cce51e01aa4648b3b,CP,adult,1.5,1
5edeea354d54cb1a825aa8f9,CP,adult,1.25,1
6751acc5dc78128951a34f1f,CP,adult,1.5,1
5b7bc048338a93000155167e,CP,adult,1.333332857142857,1
55ac3198fdf99b6de3b68b23,CP,adult,1.02,1
67c869872204b85d6c4c0749,CP,adult,1.033332857142857,1
5a9ad69adbdb470001eee577,CP,adult,1.25,1
67c869872204b85d6c4c0749,CP,adult,1.02,1
5b7bc048338a93000155167e,CP,adult,1.5,1
60e70621e54d41df0e70bfcd,CP,adult,1.5,1
5a9ad69adbdb470001eee577,CP,adult,1.5,1
5f93aff4d654c619d22b94b9,CP,adult,1.5,1
698ea1be50ea8dbf93448cff,CP,adult,1.3333333333333333,1
5ff8f853d424e61d827a6995,CP,adult,1.02,1
69b1b573bb2e49d76c8a4a57,CP,adult,1.25,1
5e5d824268168509ca89806f,CP,adult,1.02,1
593871d4536c28000168c04c,CP,adult,1.25,1
5c43b8f45aca820001f73cee,CP,adult,1.033332857142857,1
605fbc12c61d8d10250f6e51,CP,adult,1.05,1
698ea1be50ea8dbf93448cff,CP,adult,1.02,1
66a926551ab3748f5d5348aa,CP,adult,1.5,1
646d238ec077fb64c0294bd8,CP,adult,1.025,0
5b7bc048338a93000155167e,CP,adult,1.0333333333333334,1
5e5d824268168509ca89806f,CP,adult,1.02,0
675230603ce35dd4658c4dd0,CP,adult,1.25,1
6510b799ca6f903d2d4c2d2c,CP,adult,1.0499999999999998,1
698ea1be50ea8dbf93448cff,CP,adult,1.02,1
5c43b8f45aca820001f73cee,CP,adult,1.25,1
5f464fffdb67840175b5b746,CP,adult,1.0333333333333334,1
5c55a5d2318c6b000118fc36,CP,adult,1.025,0
55ac3198fdf99b6de3b68b23,CP,adult,1.025,0
66a926551ab3748f5d5348aa,CP,adult,1.5,1
69b1b573bb2e49d76c8a4a57,CP,adult,1.25,1
5d4c7d1a2a25e5000114cf3b,CP,adult,1.25,1
67bcba4cce51e01aa4648b3b,CP,adult,1.333332857142857,1
66a926551ab3748f5d5348aa,CP,adult,1.333332857142857,1
5a9ad69adbdb470001eee577,CP,adult,1.02,1
67c869872204b85d6c4c0749,CP,adult,1.25,1
675230603ce35dd4658c4dd0,CP,adult,1.025,0
63f77f79278126e103659cf4,CP,adult,1.025,0
5f93aff4d654c619d22b94b9,CP,adult,1.05,1
5c43b8f45aca820001f73cee,CP,adult,1.5,1
55ac3198fdf99b6de3b68b23,CP,adult,1.02,1
5b11afecc85dc40001621432,CP,adult,1.0499999999999998,1
5d4c7d1a2a25e5000114cf3b,CP,adult,1.025,1
67c869872204b85d6c4c0749,CP,adult,1.025,1
5f93aff4d654c619d22b94b9,CP,adult,1.333334,1
5dd5b42a2091e95798fbf574,CP,adult,1.0499999999999998,0
5b11afecc85dc40001621432,CP,adult,1.25,1
55ac3198fdf99b6de3b68b23,CP,adult,1.025,0
5b7bc048338a93000155167e,CP,adult,1.5,1
5ff8f853d424e61d827a6995,CP,adult,1.3333333333333333,1
646d238ec077fb64c0294bd8,CP,adult,1.025,1
650b03136ab3d4c832d98b71,CP,adult,1.0333333333333334,1
67c869872204b85d6c4c0749,CP,adult,1.0333333333333334,1
5c43b8f45aca820001f73cee,CP,adult,1.333334,1
5ff8f853d424e61d827a6995,CP,adult,1.0499999999999998,0
5d4c7d1a2a25e5000114cf3b,CP,adult,1.25,1
698ea1be50ea8dbf93448cff,CP,adult,1.333334,1
5dd5b42a2091e95798fbf574,CP,adult,1.333334,1
69d959b8247f8be4f2554ee0,CP,adult,1.5,1
5c55a5d2318c6b000118fc36,CP,adult,1.025,1
5f464fffdb67840175b5b746,CP,adult,1.3333333333333333,1
650b03136ab3d4c832d98b71,CP,adult,1.02,1
646d238ec077fb64c0294bd8,CP,adult,1.5,1
5dd5b42a2091e95798fbf574,CP,adult,1.02,1
593871d4536c28000168c04c,CP,adult,1.05,0
63f77f79278126e103659cf4,CP,adult,1.033332857142857,1
6751acc5dc78128951a34f1f,CP,adult,1.25,0
5c43b8f45aca820001f73cee,CP,adult,1.0333333333333334,0
646d238ec077fb64c0294bd8,CP,adult,1.025,0
69d959b8247f8be4f2554ee0,CP,adult,1.025,1
698ea1be50ea8dbf93448cff,CP,adult,1.025,0
67bcba4cce51e01aa4648b3b,CP,adult,1.0499999999999998,0
6751acc5dc78128951a34f1f,CP,adult,1.25,1
650b03136ab3d4c832d98b71,CP,adult,1.0499999999999998,1
6751acc5dc78128951a34f1f,CP,adult,1.25,1
67696d49d386c9789b03b1da,CP,adult,1.02,0
5d4c7d1a2a25e5000114cf3b,CP,adult,1.05,0
69b1b573bb2e49d76c8a4a57,CP,adult,1.5,1
6751acc5dc78128951a34f1f,CP,adult,1.25,1
698ea1be50ea8dbf93448cff,CP,adult,1.02,0
69df23ac93fc5d13e11baf05,CP,adult,1.025,1
69d959b8247f8be4f2554ee0,CP,adult,1.02,0
5a0f46bb7542890001aa7503,CP,adult,1.3333333333333333,1
675230603ce35dd4658c4dd0,CP,adult,1.5,1
5f464fffdb67840175b5b746,CP,adult,1.333332857142857,1
593871d4536c28000168c04c,CP,adult,1.5,1
5c43b8f45aca820001f73cee,CP,adult,1.025,0
5f93aff4d654c619d22b94b9,CP,adult,1.25,1
5d4c7d1a2a25e5000114cf3b,CP,adult,1.5,1
5ff8f853d424e61d827a6995,CP,adult,1.0333333333333334,1
6751acc5dc78128951a34f1f,CP,adult,1.333334,1
55ac3198fdf99b6de3b68b23,CP,adult,1.02,0
5c55a5d2318c6b000118fc36,CP,adult,1.033332857142857,1
5f464fffdb67840175b5b746,CP,adult,1.033332857142857,1
650b03136ab3d4c832d98b71,CP,adult,1.25,1
5b7bc048338a93000155167e,CP,adult,1.333332857142857,1
67bcba4cce51e01aa4648b3b,CP,adult,1.033334,1
5f464fffdb67840175b5b746,CP,adult,1.5,1
5dd5b42a2091e95798fbf574,CP,adult,1.25,1
5d4c7d1a2a25e5000114cf3b,CP,adult,1.5,1
5a9ad69adbdb470001eee577,CP,adult,1.5,1
67c869872204b85d6c4c0749,CP,adult,1.025,0
5c55a5d2318c6b000118fc36,CP,adult,1.025,1
5dd5b42a2091e95798fbf574,CP,adult,1.033334,1
697bc0049bada14424bebac5,CP,adult,1.25,1
698ea1be50ea8dbf93448cff,CP,adult,1.25,1
5f93aff4d654c619d22b94b9,CP,adult,1.25,1
69b1b573bb2e49d76c8a4a57,CP,adult,1.033334,1
69d8501df44c01f3dd2ebc20,CP,adult,1.333334,1
67696d49d386c9789b03b1da,CP,adult,1.025,1
67c869872204b85d6c4c0749,CP,adult,1.025,0
5c43b8f45aca820001f73cee,CP,adult,1.025,1
5f464fffdb67840175b5b746,CP,adult,1.0333333333333334,0
698ea1be50ea8dbf93448cff,CP,adult,1.5,1
63f77f79278126e103659cf4,CP,adult,1.033334,0
67696d49d386c9789b03b1da,CP,adult,1.5,1
60e70621e54d41df0e70bfcd,CP,adult,1.02,0
67bcba4cce51e01aa4648b3b,CP,adult,1.5,1
6510b799ca6f903d2d4c2d2c,CP,adult,1.02,1
5f464fffdb67840175b5b746,CP,adult,1.025,1
698ea1be50ea8dbf93448cff,CP,adult,1.25,1
67696d49d386c9789b03b1da,CP,adult,1.5,1
5c55a5d2318c6b000118fc36,CP,adult,1.25,1
646d238ec077fb64c0294bd8,CP,adult,1.05,1
5c55a5d2318c6b000118fc36,CP,adult,1.02,1
69d8501df44c01f3dd2ebc20,CP,adult,1.02,0
5e16bce18dffa0c6f76cda9b,CP,adult,1.5,1
650b03136ab3d4c832d98b71,CP,adult,1.5,1
67bcba4cce51e01aa4648b3b,CP,adult,1.025,1
5f464fffdb67840175b5b746,CP,adult,1.025,0
63f77f79278126e103659cf4,CP,adult,1.0333333333333334,1
5e16bce18dffa0c6f76cda9b,CP,adult,1.333332857142857,1
60e70621e54d41df0e70bfcd,CP,adult,1.5,0
5a9ad69adbdb470001eee577,CP,adult,1.25,1
69df23ac93fc5d13e11baf05,CP,adult,1.25,1
69b1b573bb2e49d76c8a4a57,CP,adult,1.333332857142857,1
5c43b8f45aca820001f73cee,CP,adult,1.5,1
5a9ad69adbdb470001eee577,CP,adult,1.25,1
55ac3198fdf99b6de3b68b23,CP,adult,1.25,1
6658c4239af9537eefdfbcc9,CP,adult,1.5,1
5dd5b42a2091e95798fbf574,CP,adult,1.025,1
5f464fffdb67840175b5b746,CP,adult,1.25,1
5e16bce18dffa0c6f76cda9b,CP,adult,1.025,0
6510b799ca6f903d2d4c2d2c,CP,adult,1.5,1
5b7bc048338a93000155167e,CP,adult,1.02,1
67696d49d386c9789b03b1da,CP,adult,1.25,0
605fbc12c61d8d10250f6e51,CP,adult,1.033332857142857,0
55ac3198fdf99b6de3b68b23,CP,adult,1.025,0
5dd5b42a2091e95798fbf574,CP,adult,1.0499999999999998,1
69d8501df44c01f3dd2ebc20,CP,adult,1.02,0
69df23ac93fc5d13e11baf05,CP,adult,1.0333333333333334,1
698ea1be50ea8dbf93448cff,CP,adult,1.0499999999999998,0
5c55a5d2318c6b000118fc36,CP,adult,1.5,1
5e16bce18dffa0c6f76cda9b,CP,adult,1.025,0
6510b799ca6f903d2d4c2d2c,CP,adult,1.25,1
5f93aff4d654c619d22b94b9,CP,adult,1.0499999999999998,1
67bcba4cce51e01aa4648b3b,CP,adult,1.025,1
5f464fffdb67840175b5b746,CP,adult,1.025,0
697bc0049bada14424bebac5,CP,adult,1.5,1
60314f566c0b9306e3956ebc,CP,adult,1.3333333333333333,1
5d4c7d1a2a25e5000114cf3b,CP,adult,1.333334,1
69df23ac93fc5d13e11baf05,CP,adult,1.05,0
6658c4239af9537eefdfbcc9,CP,adult,1.05,1
67bcba4cce51e01aa4648b3b,CP,adult,1.25,1
5f93aff4d654c619d22b94b9,CP,adult,1.02,0
5f464fffdb67840175b5b746,CP,adult,1.02,0
5b7bc048338a93000155167e,CP,adult,1.02,1
5c55a5d2318c6b000118fc36,CP,adult,1.02,1
697bc0049bada14424bebac5,CP,adult,1.25,1
675230603ce35dd4658c4dd0,CP,adult,1.333332857142857,1
60314f566c0b9306e3956ebc,CP,adult,1.25,1
69df23ac93fc5d13e11baf05,CP,adult,1.0333333333333334,1
5dd5b42a2091e95798fbf574,CP,adult,1.025,0
67bcba4cce51e01aa4648b3b,CP,adult,1.333332857142857,1
5e5d824268168509ca89806f,CP,adult,1.02,1
698ea1be50ea8dbf93448cff,CP,adult,1.0333333333333334,0
5f464fffdb67840175b5b746,CP,adult,1.033334,1
605fbc12c61d8d10250f6e51,CP,adult,1.25,1
5e16bce18dffa0c6f76cda9b,CP,adult,1.333334,1
5edeea354d54cb1a825aa8f9,CP,adult,1.25,0
6744d143eddffd17d345b192,CP,adult,1.5,1
69ba05f19ad964237758de7b,CP,adult,1.05,1
6751acc5dc78128951a34f1f,CP,adult,1.3333333333333333,1
605fbc12c61d8d10250f6e51,CP,adult,1.25,1
5e5d824268168509ca89806f,CP,adult,1.025,1
5b7bc048338a93000155167e,CP,adult,1.05,1
69d959b8247f8be4f2554ee0,CP,adult,1.3333333333333333,1
6510b799ca6f903d2d4c2d2c,CP,adult,1.0499999999999998,0
5c55a5d2318c6b000118fc36,CP,adult,1.25,1
5e5d824268168509ca89806f,CP,adult,1.5,0
5dd5b42a2091e95798fbf574,CP,adult,1.02,1
5c55a5d2318c6b000118fc36,CP,adult,1.02,1
675230603ce35dd4658c4dd0,CP,adult,1.25,1
5d4c7d1a2a25e5000114cf3b,CP,adult,1.02,1
60314f566c0b9306e3956ebc,CP,adult,1.25,1
63f77f79278126e103659cf4,CP,adult,1.033332857142857,1
67bcba4cce51e01aa4648b3b,CP,adult,1.02,0
697bc0049bada14424bebac5,CP,adult,1.02,1
5d4c7d1a2a25e5000114cf3b,CP,adult,1.025,1
698ea1be50ea8dbf93448cff,CP,adult,1.3333333333333333,1
675230603ce35dd4658c4dd0,CP,adult,1.333332857142857,1
5c55a5d2318c6b000118fc36,CP,adult,1.05,0
666ca8f24bc3a8e75b8f6ee2,CP,adult,1.025,0
60e70621e54d41df0e70bfcd,CP,adult,1.5,1
67bcba4cce51e01aa4648b3b,CP,adult,1.25,1
5a9ad69adbdb470001eee577,CP,adult,1.5,1
69d959b8247f8be4f2554ee0,CP,adult,1.5,1
697bc0049bada14424bebac5,CP,adult,1.333334,1
60314f566c0b9306e3956ebc,CP,adult,1.5,1
5e5d824268168509ca89806f,CP,adult,1.02,0
69b1b573bb2e49d76c8a4a57,CP,adult,1.25,1
675230603ce35dd4658c4dd0,CP,adult,1.025,1
646d238ec077fb64c0294bd8,CP,adult,1.025,0
5dd5b42a2091e95798fbf574,CP,adult,1.333332857142857,1
5e5d824268168509ca89806f,CP,adult,1.02,0
69d959b8247f8be4f2554ee0,CP,adult,1.333332857142857,1
67696d49d386c9789b03b1da,CP,adult,1.02,1
666ca8f24bc3a8e75b8f6ee2,CP,adult,1.033332857142857,1
69b1b573bb2e49d76c8a4a57,CP,adult,1.333334,1
6510b799ca6f903d2d4c2d2c,CP,adult,1.333334,1
5e5d824268168509ca89806f,CP,adult,1.02,1
605fbc12c61d8d10250f6e51,CP,adult,1.033334,1
698ea1be50ea8dbf93448cff,CP,adult,1.333334,1
646d238ec077fb64c0294bd8,CP,adult,1.25,1
67696d49d386c9789b03b1da,CP,adult,1.5,1
5d4c7d1a2a25e5000114cf3b,CP,adult,1.25,1
69d959b8247f8be4f2554ee0,CP,adult,1.05,1
60e70621e54d41df0e70bfcd,CP,adult,1.025,1
55ac3198fdf99b6de3b68b23,CP,adult,1.02,1
6658c4239af9537eefdfbcc9,CP,adult,1.02,1
5c55a5d2318c6b000118fc36,CP,adult,1.05,0
6510b799ca6f903d2d4c2d2c,CP,adult,1.25,1
5f93aff4d654c619d22b94b9,CP,adult,1.033332857142857,0
67696d49d386c9789b03b1da,CP,adult,1.02,1
69b1b573bb2e49d76c8a4a57,CP,adult,1.25,1
5d4c7d1a2a25e5000114cf3b,CP,adult,1.5,1
675230603ce35dd4658c4dd0,CP,adult,1.0499999999999998,0
67696d49d386c9789b03b1da,CP,adult,1.25,1
60e70621e54d41df0e70bfcd,CP,adult,1.5,1
5e16bce18dffa0c6f76cda9b,CP,adult,1.02,1
675230603ce35dd4658c4dd0,CP,adult,1.02,1
67696d49d386c9789b03b1da,CP,adult,1.033334,0
5c55a5d2318c6b000118fc36,CP,adult,1.025,1
5f464fffdb67840175b5b746,CP,adult,1.333334,1
60e70621e54d41df0e70bfcd,CP,adult,1.02,0
67bcba4cce51e01aa4648b3b,CP,adult,1.25,1
60314f566c0b9306e3956ebc,CP,adult,1.0499999999999998,0
5e5d824268168509ca89806f,CP,adult,1.05,1
5d4c7d1a2a25e5000114cf3b,CP,adult,1.033332857142857,1
675230603ce35dd4658c4dd0,CP,adult,1.0499999999999998,1
5e5d824268168509ca89806f,CP,adult,1.333334,1
5c55a5d2318c6b000118fc36,CP,adult,1.3333333333333333,1
62fd14d7b1e0729dc8aadb79,CP,adult,1.05,0
697bc0049bada14424bebac5,CP,adult,1.25,1
6658c4239af9537eefdfbcc9,CP,adult,1.0333333333333334,1
67bcba4cce51e01aa4648b3b,CP,adult,1.02,0
6510b799ca6f903d2d4c2d2c,CP,adult,1.025,1
5dd5b42a2091e95798fbf574,CP,adult,1.25,1
69b1b573bb2e49d76c8a4a57,CP,adult,1.333334,1
5d4c7d1a2a25e5000114cf3b,CP,adult,1.033334,1
697900ae46a7b40c447e7e88,CP,adult,1.5,1
67bcba4cce51e01aa4648b3b,CP,adult,1.5,1
675230603ce35dd4658c4dd0,CP,adult,1.25,1
60e70621e54d41df0e70bfcd,CP,adult,1.025,0
67696d49d386c9789b03b1da,CP,adult,1.5,1
5e5d824268168509ca89806f,CP,adult,1.333334,1
5f93aff4d654c619d22b94b9,CP,adult,1.5,1
60314f566c0b9306e3956ebc,CP,adult,1.02,1
5f464fffdb67840175b5b746,CP,adult,1.033334,1
60e7639e8eca5490df1e412e,CP,adult,1.02,1
60e70621e54d41df0e70bfcd,CP,adult,1.025,0
5e5d824268168509ca89806f,CP,adult,1.5,1
62fd14d7b1e0729dc8aadb79,CP,adult,1.5,1
60e7639e8eca5490df1e412e,CP,adult,1.02,0
666ca8f24bc3a8e75b8f6ee2,CP,adult,1.0499999999999998,0
67696d49d386c9789b03b1da,CP,adult,1.05,0
5e5d824268168509ca89806f,CP,adult,1.333334,1
5f464fffdb67840175b5b746,CP,adult,1.3333333333333333,1
5dd5b42a2091e95798fbf574,CP,adult,1.025,1
6510b799ca6f903d2d4c2d2c,CP,adult,1.025,1
69d959b8247f8be4f2554ee0,CP,adult,1.25,1
5e5d824268168509ca89806f,CP,adult,1.333334,0
62fd14d7b1e0729dc8aadb79,CP,adult,1.025,1
55ac3198fdf99b6de3b68b23,CP,adult,1.033334,1
5d4c7d1a2a25e5000114cf3b,CP,adult,1.02,1
60314f566c0b9306e3956ebc,CP,adult,1.05,0
5f93aff4d654c619d22b94b9,CP,adult,1.5,1
5e5d824268168509ca89806f,CP,adult,1.5,1
60e70621e54d41df0e70bfcd,CP,adult,1.025,1
5e5d824268168509ca89806f,CP,adult,1.333334,1
5c55a5d2318c6b000118fc36,CP,adult,1.033334,1
5f464fffdb67840175b5b746,CP,adult,1.5,0
6510b799ca6f903d2d4c2d2c,CP,adult,1.02,0
67bcba4cce51e01aa4648b3b,CP,adult,1.333332857142857,1
5f464fffdb67840175b5b746,CP,adult,1.0499999999999998,1
5f93aff4d654c619d22b94b9,CP,adult,1.333332857142857,1
5d4c7d1a2a25e5000114cf3b,CP,adult,1.025,0
69d959b8247f8be4f2554ee0,CP,adult,1.033332857142857,0
666ca8f24bc3a8e75b8f6ee2,CP,adult,1.5,0
5f93aff4d654c619d22b94b9,CP,adult,1.5,1
5d4c7d1a2a25e5000114cf3b,CP,adult,1.025,0
55ac3198fdf99b6de3b68b23,CP,adult,1.25,1
5f464fffdb67840175b5b746,CP,adult,1.0333333333333334,1
62fd14d7b1e0729dc8aadb79,CP,adult,1.5,1
69d959b8247f8be4f2554ee0,CP,adult,1.02,0
697bc0049bada14424bebac5,CP,adult,1.333334,1
605fbc12c61d8d10250f6e51,CP,adult,1.5,1
5f93aff4d654c619d22b94b9,CP,adult,1.25,1
5dd5b42a2091e95798fbf574,CP,adult,1.0333333333333334,1
5f464fffdb67840175b5b746,CP,adult,1.5,1
69d959b8247f8be4f2554ee0,CP,adult,1.5,1
62fd14d7b1e0729dc8aadb79,CP,adult,1.033334,1
5e5d824268168509ca89806f,CP,adult,1.5,1
675230603ce35dd4658c4dd0,CP,adult,1.0333333333333334,1
5b7bc048338a93000155167e,CP,adult,1.05,1
5e5d824268168509ca89806f,CP,adult,1.25,1
5f464fffdb67840175b5b746,CP,adult,1.333332857142857,1
69b1b573bb2e49d76c8a4a57,CP,adult,1.5,1
5c55a5d2318c6b000118fc36,CP,adult,1.033334,1
5f464fffdb67840175b5b746,CP,adult,1.5,1
69d959b8247f8be4f2554ee0,CP,adult,1.025,0
675230603ce35dd4658c4dd0,CP,adult,1.5,1
62fd14d7b1e0729dc8aadb79,CP,adult,1.025,1
697bc0049bada14424bebac5,CP,adult,1.033332857142857,1
60314f566c0b9306e3956ebc,CP,adult,1.033332857142857,0
675230603ce35dd4658c4dd0,CP,adult,1.25,1
5f93aff4d654c619d22b94b9,CP,adult,1.033334,0
67bcba4cce51e01aa4648b3b,CP,adult,1.0333333333333334,1
697900ae46a7b40c447e7e88,CP,adult,1.02,1
5f93aff4d654c619d22b94b9,CP,adult,1.05,0
697bc0049bada14424bebac5,CP,adult,1.02,0
69d959b8247f8be4f2554ee0,CP,adult,1.025,1
610b115d45797ba46b20aa4c,CP,adult,1.25,1
60314f566c0b9306e3956ebc,CP,adult,1.02,0
5c55a5d2318c6b000118fc36,CP,adult,1.5,0
60e70621e54d41df0e70bfcd,CP,adult,1.0333333333333334,0
67bcba4cce51e01aa4648b3b,CP,adult,1.5,1
69d959b8247f8be4f2554ee0,CP,adult,1.0499999999999998,0
675230603ce35dd4658c4dd0,CP,adult,1.5,1
60e7639e8eca5490df1e412e,CP,adult,1.025,1
5dd5b42a2091e95798fbf574,CP,adult,1.02,1
6658c4239af9537eefdfbcc9,CP,adult,1.02,1
6510b799ca6f903d2d4c2d2c,CP,adult,1.0333333333333334,1
67bcba4cce51e01aa4648b3b,CP,adult,1.02,1
69d8501df44c01f3dd2ebc20,CP,adult,1.02,0
697900ae46a7b40c447e7e88,CP,adult,1.0499999999999998,0
69d959b8247f8be4f2554ee0,CP,adult,1.0499999999999998,1
60e70621e54d41df0e70bfcd,CP,adult,1.02,1
55ac3198fdf99b6de3b68b23,CP,adult,1.05,0
5e16bce18dffa0c6f76cda9b,CP,adult,1.05,1
5b7bc048338a93000155167e,CP,adult,1.5,1
62fd14d7b1e0729dc8aadb79,CP,adult,1.3333333333333333,1
6658c4239af9537eefdfbcc9,CP,adult,1.02,1
6510b799ca6f903d2d4c2d2c,CP,adult,1.025,1
5e16bce18dffa0c6f76cda9b,CP,adult,1.02,1
5c55a5d2318c6b000118fc36,CP,adult,1.0333333333333334,0
5dd5b42a2091e95798fbf574,CP,adult,1.05,1
55ac3198fdf99b6de3b68b23,CP,adult,1.25,1
67bcba4cce51e01aa4648b3b,CP,adult,1.0499999999999998,0
60314f566c0b9306e3956ebc,CP,adult,1.05,1
697900ae46a7b40c447e7e88,CP,adult,1.25,1
67696d49d386c9789b03b1da,CP,adult,1.025,1
55ac3198fdf99b6de3b68b23,CP,adult,1.025,1
5e16bce18dffa0c6f76cda9b,CP,adult,1.5,1
5f464fffdb67840175b5b746,CP,adult,1.05,0
69d959b8247f8be4f2554ee0,CP,adult,1.25,1
5c55a5d2318c6b000118fc36,CP,adult,1.025,1
6510b799ca6f903d2d4c2d2c,CP,adult,1.05,1
6658c4239af9537eefdfbcc9,CP,adult,1.3333333333333333,1
69d959b8247f8be4f2554ee0,CP,adult,1.5,1
697900ae46a7b40c447e7e88,CP,adult,1.02,0
6510b799ca6f903d2d4c2d2c,CP,adult,1.333332857142857,1
5d4c7d1a2a25e5000114cf3b,CP,adult,1.333332857142857,1
610b115d45797ba46b20aa4c,CP,adult,1.5,1
5e16bce18dffa0c6f76cda9b,CP,adult,1.033332857142857,0
5c55a5d2318c6b000118fc36,CP,adult,1.05,0
6510b799ca6f903d2d4c2d2c,CP,adult,1.25,0
67bcba4cce51e01aa4648b3b,CP,adult,1.5,1
5e16bce18dffa0c6f76cda9b,CP,adult,1.333332857142857,1
60314f566c0b9306e3956ebc,CP,adult,1.333332857142857,1
69d959b8247f8be4f2554ee0,CP,adult,1.033332857142857,0
6510b799ca6f903d2d4c2d2c,CP,adult,1.02,0
675230603ce35dd4658c4dd0,CP,adult,1.3333333333333333,1
6658c4239af9537eefdfbcc9,CP,adult,1.25,1
60e7639e8eca5490df1e412e,CP,adult,1.333334,1
60e70621e54d41df0e70bfcd,CP,adult,1.033332857142857,1
55ac3198fdf99b6de3b68b23,CP,adult,1.033334,1
5e16bce18dffa0c6f76cda9b,CP,adult,1.3333333333333333,1
60e7639e8eca5490df1e412e,CP,adult,1.05,1
697900ae46a7b40c447e7e88,CP,adult,1.02,0
6510b799ca6f903d2d4c2d2c,CP,adult,1.05,0
5e16bce18dffa0c6f76cda9b,CP,adult,1.5,1
5e5d824268168509ca89806f,CP,adult,1.25,1
610b115d45797ba46b20aa4c,CP,adult,1.25,1
697bc0049bada14424bebac5,CP,adult,1.025,0
5d4c7d1a2a25e5000114cf3b,CP,adult,1.05,0
60314f566c0b9306e3956ebc,CP,adult,1.033334,0
5b7bc048338a93000155167e,CP,adult,1.05,0
60314f566c0b9306e3956ebc,CP,adult,1.333334,1
6658c4239af9537eefdfbcc9,CP,adult,1.033332857142857,0
5f93aff4d654c619d22b94b9,CP,adult,1.333332857142857,1
5d4c7d1a2a25e5000114cf3b,CP,adult,1.25,1
5b7bc048338a93000155167e,CP,adult,1.5,1
605fbc12c61d8d10250f6e51,CP,adult,1.3333333333333333,1
60314f566c0b9306e3956ebc,CP,adult,1.333334,1
697900ae46a7b40c447e7e88,CP,adult,1.05,1
697bc0049bada14424bebac5,CP,adult,1.5,1
5e5d824268168509ca89806f,CP,adult,1.25,1
5dd5b42a2091e95798fbf574,CP,adult,1.25,1
69d959b8247f8be4f2554ee0,CP,adult,1.5,1
697bc0049bada14424bebac5,CP,adult,1.5,1
605fbc12c61d8d10250f6e51,CP,adult,1.033332857142857,0
60314f566c0b9306e3956ebc,CP,adult,1.0499999999999998,0
69b1b573bb2e49d76c8a4a57,CP,adult,1.02,1
67696d49d386c9789b03b1da,CP,adult,1.033334,0
6510b799ca6f903d2d4c2d2c,CP,adult,1.05,1
5e16bce18dffa0c6f76cda9b,CP,adult,1.025,0
5e5d824268168509ca89806f,CP,adult,1.05,1
5d4c7d1a2a25e5000114cf3b,CP,adult,1.5,1
697900ae46a7b40c447e7e88,CP,adult,1.333332857142857,1
6658c4239af9537eefdfbcc9,CP,adult,1.02,0
67696d49d386c9789b03b1da,CP,adult,1.333334,1
62fd14d7b1e0729dc8aadb79,CP,adult,1.02,1
5e16bce18dffa0c6f76cda9b,CP,adult,1.25,1
697bc0049bada14424bebac5,CP,adult,1.025,1
5f93aff4d654c619d22b94b9,CP,adult,1.5,1
5b7bc048338a93000155167e,CP,adult,1.5,1
67bcba4cce51e01aa4648b3b,CP,adult,1.02,1
697bc0049bada14424bebac5,CP,adult,1.0499999999999998,1
5dd5b42a2091e95798fbf574,CP,adult,1.033332857142857,1
697900ae46a7b40c447e7e88,CP,adult,1.025,1
67696d49d386c9789b03b1da,CP,adult,1.05,1
5b7bc048338a93000155167e,CP,adult,1.02,1
69d959b8247f8be4f2554ee0,CP,adult,1.02,1
55ac3198fdf99b6de3b68b23,CP,adult,1.025,1
67696d49d386c9789b03b1da,CP,adult,1.25,1
60e70621e54d41df0e70bfcd,CP,adult,1.033332857142857,1
5d4c7d1a2a25e5000114cf3b,CP,adult,1.0333333333333334,1
55ac3198fdf99b6de3b68b23,CP,adult,1.025,1
610b115d45797ba46b20aa4c,CP,adult,1.02,0
5d4c7d1a2a25e5000114cf3b,CP,adult,1.0499999999999998,1
62fd14d7b1e0729dc8aadb79,CP,adult,1.02,1
5e5d824268168509ca89806f,CP,adult,1.5,1
6658c4239af9537eefdfbcc9,CP,adult,1.333332857142857,1
666ca8f24bc3a8e75b8f6ee2,CP,adult,1.5,0
5dd5b42a2091e95798fbf574,CP,adult,1.02,0
6658c4239af9537eefdfbcc9,CP,adult,1.02,0
67696d49d386c9789b03b1da,CP,adult,1.02,0
62fd14d7b1e0729dc8aadb79,CP,adult,1.333332857142857,1
5f464fffdb67840175b5b746,CP,adult,1.25,1
5e16bce18dffa0c6f76cda9b,CP,adult,1.5,1
6786e8177bc067f2f666d77c,CP,adult,1.5,1
69df23ac93fc5d13e11baf05,CP,adult,1.5,1
697bc0049bada14424bebac5,CP,adult,1.025,1
55ac3198fdf99b6de3b68b23,CP,adult,1.3333333333333333,1
60314f566c0b9306e3956ebc,CP,adult,1.3333333333333333,1
5e5d824268168509ca89806f,CP,adult,1.05,1
5c55a5d2318c6b000118fc36,CP,adult,1.05,1
62fd14d7b1e0729dc8aadb79,CP,adult,1.02,1
5e5d824268168509ca89806f,CP,adult,1.033332857142857,1
67bcba4cce51e01aa4648b3b,CP,adult,1.333334,1
69b1b573bb2e49d76c8a4a57,CP,adult,1.02,0
605fbc12c61d8d10250f6e51,CP,adult,1.5,1
5c55a5d2318c6b000118fc36,CP,adult,1.025,1
67696d49d386c9789b03b1da,CP,adult,1.033334,0
5f93aff4d654c619d22b94b9,CP,adult,1.0333333333333334,1
6658c4239af9537eefdfbcc9,CP,adult,1.0499999999999998,0
60e70621e54d41df0e70bfcd,CP,adult,1.025,0
69d959b8247f8be4f2554ee0,CP,adult,1.033332857142857,0
675230603ce35dd4658c4dd0,CP,adult,1.5,1
60e70621e54d41df0e70bfcd,CP,adult,1.025,0
666ca8f24bc3a8e75b8f6ee2,CP,adult,1.0499999999999998,0
60314f566c0b9306e3956ebc,CP,adult,1.5,1
5c55a5d2318c6b000118fc36,CP,adult,1.025,0
697bc0049bada14424bebac5,CP,adult,1.025,0
60314f566c0b9306e3956ebc,CP,adult,1.0333333333333334,1
60e70621e54d41df0e70bfcd,CP,adult,1.025,0
67696d49d386c9789b03b1da,CP,adult,1.333332857142857,1
610b115d45797ba46b20aa4c,CP,adult,1.05,0
5d4c7d1a2a25e5000114cf3b,CP,adult,1.25,1
62fd14d7b1e0729dc8aadb79,CP,adult,1.033334,1
60e7639e8eca5490df1e412e,CP,adult,1.25,1
69b1b573bb2e49d76c8a4a57,CP,adult,1.5,1
5c55a5d2318c6b000118fc36,CP,adult,1.05,0
67bcba4cce51e01aa4648b3b,CP,adult,1.3333333333333333,1
5f93aff4d654c619d22b94b9,CP,adult,1.025,1
5dd5b42a2091e95798fbf574,CP,adult,1.02,0
5f464fffdb67840175b5b746,CP,adult,1.02,1
697bc0049bada14424bebac5,CP,adult,1.5,1
6658c4239af9537eefdfbcc9,CP,adult,1.333332857142857,1
5dd5b42a2091e95798fbf574,CP,adult,1.25,1
5c55a5d2318c6b000118fc36,CP,adult,1.5,1
60e70621e54d41df0e70bfcd,CP,adult,1.033334,0
67bcba4cce51e01aa4648b3b,CP,adult,1.025,1
67696d49d386c9789b03b1da,CP,adult,1.25,0
5f93aff4d654c619d22b94b9,CP,adult,1.02,1
67bcba4cce51e01aa4648b3b,CP,adult,1.033334,1
5f464fffdb67840175b5b746,CP,adult,1.5,1
697bc0049bada14424bebac5,CP,adult,1.0499999999999998,0
610b115d45797ba46b20aa4c,CP,adult,1.033332857142857,1
6786e8177bc067f2f666d77c,CP,adult,1.025,0
5c55a5d2318c6b000118fc36,CP,adult,1.5,1
697900ae46a7b40c447e7e88,CP,adult,1.5,1
5c55a5d2318c6b000118fc36,CP,adult,1.033334,1
55ac3198fdf99b6de3b68b23,CP,adult,1.0333333333333334,0
60e70621e54d41df0e70bfcd,CP,adult,1.0333333333333334,0
69d959b8247f8be4f2554ee0,CP,adult,1.025,1
666ca8f24bc3a8e75b8f6ee2,CP,adult,1.033332857142857,1
5dd5b42a2091e95798fbf574,CP,adult,1.025,0
605fbc12c61d8d10250f6e51,CP,adult,1.333332857142857,1
69b1b573bb2e49d76c8a4a57,CP,adult,1.033332857142857,1
697bc0049bada14424bebac5,CP,adult,1.25,1
5dd5b42a2091e95798fbf574,CP,adult,1.05,1
6658c4239af9537eefdfbcc9,CP,adult,1.025,0
6510b799ca6f903d2d4c2d2c,CP,adult,1.3333333333333333,1
67696d49d386c9789b03b1da,CP,adult,1.25,1
675230603ce35dd4658c4dd0,CP,adult,1.25,1
697900ae46a7b40c447e7e88,CP,adult,1.25,1
60e70621e54d41df0e70bfcd,CP,adult,1.025,0
67bcba4cce51e01aa4648b3b,CP,adult,1.5,1
5b7bc048338a93000155167e,CP,adult,1.05,0
697900ae46a7b40c447e7e88,CP,adult,1.3333333333333333,1
5f464fffdb67840175b5b746,CP,adult,1.02,0
5d4c7d1a2a25e5000114cf3b,CP,adult,1.25,1
69b1b573bb2e49d76c8a4a57,CP,adult,1.25,1
5c55a5d2318c6b000118fc36,CP,adult,1.033334,1
5b7bc048338a93000155167e,CP,adult,1.25,1
5f93aff4d654c619d22b94b9,CP,adult,1.3333333333333333,1
60e70621e54d41df0e70bfcd,CP,adult,1.025,1
67bcba4cce51e01aa4648b3b,CP,adult,1.05,1
5f93aff4d654c619d22b94b9,CP,adult,1.0333333333333334,1
60e7639e8eca5490df1e412e,CP,adult,1.025,1
55ac3198fdf99b6de3b68b23,CP,adult,1.0499999999999998,0
5dd5b42a2091e95798fbf574,CP,adult,1.05,0
60314f566c0b9306e3956ebc,CP,adult,1.02,1
5e16bce18dffa0c6f76cda9b,CP,adult,1.5,1
6658c4239af9537eefdfbcc9,CP,adult,1.025,1
55ac3198fdf99b6de3b68b23,CP,adult,1.0499999999999998,1
60e70621e54d41df0e70bfcd,CP,adult,1.025,1
5e5d824268168509ca89806f,CP,adult,1.05,1
6658c4239af9537eefdfbcc9,CP,adult,1.5,1
5d4c7d1a2a25e5000114cf3b,CP,adult,1.25,1
610b115d45797ba46b20aa4c,CP,adult,1.02,1
697900ae46a7b40c447e7e88,CP,adult,1.25,1
5c55a5d2318c6b000118fc36,CP,adult,1.25,1
5e5d824268168509ca89806f,CP,adult,1.25,1
5f464fffdb67840175b5b746,CP,adult,1.5,1
62fd14d7b1e0729dc8aadb79,CP,adult,1.333334,1
60314f566c0b9306e3956ebc,CP,adult,1.05,1
5e16bce18dffa0c6f76cda9b,CP,adult,1.02,0
5c55a5d2318c6b000118fc36,CP,adult,1.033334,0
697900ae46a7b40c447e7e88,CP,adult,1.025,1
675230603ce35dd4658c4dd0,CP,adult,1.025,1
5d4c7d1a2a25e5000114cf3b,CP,adult,1.0333333333333334,1
67696d49d386c9789b03b1da,CP,adult,1.033334,1
60314f566c0b9306e3956ebc,CP,adult,1.02,1
5f93aff4d654c619d22b94b9,CP,adult,1.033334,1
5f464fffdb67840175b5b746,CP,adult,1.25,0
60e70621e54d41df0e70bfcd,CP,adult,1.033334,0
67bcba4cce51e01aa4648b3b,CP,adult,1.5,0
69d959b8247f8be4f2554ee0,CP,adult,1.5,1
67696d49d386c9789b03b1da,CP,adult,1.0333333333333334,0
675230603ce35dd4658c4dd0,CP,adult,1.333334,1
697900ae46a7b40c447e7e88,CP,adult,1.333334,1
5f464fffdb67840175b5b746,CP,adult,1.5,1
5d4c7d1a2a25e5000114cf3b,CP,adult,1.025,1
60e70621e54d41df0e70bfcd,CP,adult,1.033332857142857,0
697900ae46a7b40c447e7e88,CP,adult,1.02,1
60e7639e8eca5490df1e412e,CP,adult,1.025,1
5d4c7d1a2a25e5000114cf3b,CP,adult,1.3333333333333333,1
60314f566c0b9306e3956ebc,CP,adult,1.025,0
55ac3198fdf99b6de3b68b23,CP,adult,1.05,1
6786e8177bc067f2f666d77c,CP,adult,1.333334,1
5dd5b42a2091e95798fbf574,CP,adult,1.02,1
5c55a5d2318c6b000118fc36,CP,adult,1.02,0
62fd14d7b1e0729dc8aadb79,CP,adult,1.05,0
67bcba4cce51e01aa4648b3b,CP,adult,1.333332857142857,0
5f93aff4d654c619d22b94b9,CP,adult,1.5,1
6786e8177bc067f2f666d77c,CP,adult,1.0333333333333334,1
55ac3198fdf99b6de3b68b23,CP,adult,1.025,0
60e7639e8eca5490df1e412e,CP,adult,1.333332857142857,1
675230603ce35dd4658c4dd0,CP,adult,1.02,1
69d959b8247f8be4f2554ee0,CP,adult,1.3333333333333333,1
62fd14d7b1e0729dc8aadb79,CP,adult,1.02,0
69d959b8247f8be4f2554ee0,CP,adult,1.025,0
697900ae46a7b40c447e7e88,CP,adult,1.25,1
6658c4239af9537eefdfbcc9,CP,adult,1.0333333333333334,1
60314f566c0b9306e3956ebc,CP,adult,1.033334,0
5dd5b42a2091e95798fbf574,CP,adult,1.25,1
56b78f11e77ebe000cbefe79,CP,adult,1.025,0
69c82b26bbadde18a3e131c4,CP,adult,1.5,1
69bd9f66451b01fdf0b14f81,CP,adult,1.5,1
62e42aaad0079d2ff8e97597,CP,adult,1.333334,1
699cc81dfe512adf908498ce,CP,adult,1.05,0
56b78f11e77ebe000cbefe79,CP,adult,1.25,0
699cc81dfe512adf908498ce,CP,adult,1.025,1
62e42aaad0079d2ff8e97597,CP,adult,1.25,0
56b78f11e77ebe000cbefe79,CP,adult,1.3333333333333333,1
62e42aaad0079d2ff8e97597,CP,adult,1.02,0
69c82b26bbadde18a3e131c4,CP,adult,1.02,1
5c224f5289f0350001738d48,CP,adult,1.02,0
55c495d2fdf99b2d6cabb691,CP,adult,1.025,0
5c224f5289f0350001738d48,CP,adult,1.25,1
55c495d2fdf99b2d6cabb691,CP,adult,1.02,0
5c224f5289f0350001738d48,CP,adult,1.02,0
608437f0b139060610c9f0c1,CP,adult,1.25,1
55c495d2fdf99b2d6cabb691,CP,adult,1.025,0
69c82b26bbadde18a3e131c4,CP,adult,1.25,1
55c495d2fdf99b2d6cabb691,CP,adult,1.0499999999999998,0
69c82b26bbadde18a3e131c4,CP,adult,1.033334,0
608437f0b139060610c9f0c1,CP,adult,1.02,1
608437f0b139060610c9f0c1,CP,adult,1.25,0
5c224f5289f0350001738d48,CP,adult,1.5,1
670075d557d79b4cef60c761,CP,adult,1.05,1
67bcba4cce51e01aa4648b3b,CP,adult,1.02,0
6658c4239af9537eefdfbcc9,CP,adult,1.033332857142857,0
5f93aff4d654c619d22b94b9,CP,adult,1.333332857142857,1
60314f566c0b9306e3956ebc,CP,adult,1.25,1
610b115d45797ba46b20aa4c,CP,adult,1.333332857142857,1
69d959b8247f8be4f2554ee0,CP,adult,1.025,0
5dd5b42a2091e95798fbf574,CP,adult,1.5,1
697bc0049bada14424bebac5,CP,adult,1.05,1
5f464fffdb67840175b5b746,CP,adult,1.25,1
60e7639e8eca5490df1e412e,CP,adult,1.25,1
67bcba4cce51e01aa4648b3b,CP,adult,1.025,1
697900ae46a7b40c447e7e88,CP,adult,1.25,1
69d959b8247f8be4f2554ee0,CP,adult,1.025,1
67696d49d386c9789b03b1da,CP,adult,1.025,1
666ca8f24bc3a8e75b8f6ee2,CP,adult,1.025,1
60e70621e54d41df0e70bfcd,CP,adult,1.033332857142857,1
6510b799ca6f903d2d4c2d2c,CP,adult,1.25,1
6786e8177bc067f2f666d77c,CP,adult,1.333334,1
610b115d45797ba46b20aa4c,CP,adult,1.02,1
60e7639e8eca5490df1e412e,CP,adult,1.0333333333333334,0
6786e8177bc067f2f666d77c,CP,adult,1.25,1
5c55a5d2318c6b000118fc36,CP,adult,1.033334,0
60e7639e8eca5490df1e412e,CP,adult,1.5,1
67696d49d386c9789b03b1da,CP,adult,1.0333333333333334,0
697bc0049bada14424bebac5,CP,adult,1.02,1
69bd9f66451b01fdf0b14f81,CP,adult,1.5,1
699cc81dfe512adf908498ce,CP,adult,1.5,1
699cc81dfe512adf908498ce,CP,adult,1.02,0
56b78f11e77ebe000cbefe79,CP,adult,1.333332857142857,1
62e42aaad0079d2ff8e97597,CP,adult,1.25,0
69c82b26bbadde18a3e131c4,CP,adult,1.25,1
55c495d2fdf99b2d6cabb691,CP,adult,1.25,1
55c495d2fdf99b2d6cabb691,CP,adult,1.02,0
69c82b26bbadde18a3e131c4,CP,adult,1.333334,1
55c495d2fdf99b2d6cabb691,CP,adult,1.5,1
69c82b26bbadde18a3e131c4,CP,adult,1.333332857142857,1
5c224f5289f0350001738d48,CP,adult,1.02,0
5c224f5289f0350001738d48,CP,adult,1.333332857142857,1
55c495d2fdf99b2d6cabb691,CP,adult,1.02,0
5c224f5289f0350001738d48,CP,adult,1.333334,1
5c224f5289f0350001738d48,CP,adult,1.05,1
608437f0b139060610c9f0c1,CP,adult,1.333334,0
670075d557d79b4cef60c761,CP,adult,1.02,1
5c224f5289f0350001738d48,CP,adult,1.25,1
670075d557d79b4cef60c761,CP,adult,1.033334,1
608437f0b139060610c9f0c1,CP,adult,1.0333333333333334,0
62fd14d7b1e0729dc8aadb79,CP,adult,1.3333333333333333,1
697bc0049bada14424bebac5,CP,adult,1.25,1
67696d49d386c9789b03b1da,CP,adult,1.5,1
5e16bce18dffa0c6f76cda9b,CP,adult,1.25,0
666ca8f24bc3a8e75b8f6ee2,CP,adult,1.5,0
610b115d45797ba46b20aa4c,CP,adult,1.5,0
5e16bce18dffa0c6f76cda9b,CP,adult,1.033334,0
60e70621e54d41df0e70bfcd,CP,adult,1.033332857142857,1
6658c4239af9537eefdfbcc9,CP,adult,1.05,1
5f464fffdb67840175b5b746,CP,adult,1.25,1
60e70621e54d41df0e70bfcd,CP,adult,1.0499999999999998,1
610b115d45797ba46b20aa4c,CP,adult,1.0333333333333334,1
5f464fffdb67840175b5b746,CP,adult,1.25,1
67bcba4cce51e01aa4648b3b,CP,adult,1.033334,0
67696d49d386c9789b03b1da,CP,adult,1.5,1
5f464fffdb67840175b5b746,CP,adult,1.05,1
5dd5b42a2091e95798fbf574,CP,adult,1.5,1
5c55a5d2318c6b000118fc36,CP,adult,1.02,0
5e16bce18dffa0c6f76cda9b,CP,adult,1.0499999999999998,0
67bcba4cce51e01aa4648b3b,CP,adult,1.02,0
697bc0049bada14424bebac5,CP,adult,1.025,0
62fd14d7b1e0729dc8aadb79,CP,adult,1.02,1
6786e8177bc067f2f666d77c,CP,adult,1.05,1
6510b799ca6f903d2d4c2d2c,CP,adult,1.0499999999999998,0
697900ae46a7b40c447e7e88,CP,adult,1.05,0
69bd9f66451b01fdf0b14f81,CP,adult,1.05,1
62e42aaad0079d2ff8e97597,CP,adult,1.02,1
69c82b26bbadde18a3e131c4,CP,adult,1.25,1
56b78f11e77ebe000cbefe79,CP,adult,1.5,1
62e42aaad0079d2ff8e97597,CP,adult,1.5,1
55c495d2fdf99b2d6cabb691,CP,adult,1.25,1
56b78f11e77ebe000cbefe79,CP,adult,1.0499999999999998,0
62e42aaad0079d2ff8e97597,CP,adult,1.0499999999999998,1
55c495d2fdf99b2d6cabb691,CP,adult,1.025,0
55c495d2fdf99b2d6cabb691,CP,adult,1.025,0
69c82b26bbadde18a3e131c4,CP,adult,1.033334,1
69c82b26bbadde18a3e131c4,CP,adult,1.5,1
5c224f5289f0350001738d48,CP,adult,1.05,1
69c82b26bbadde18a3e131c4,CP,adult,1.025,0
69c82b26bbadde18a3e131c4,CP,adult,1.025,0
608437f0b139060610c9f0c1,CP,adult,1.0499999999999998,1
5c224f5289f0350001738d48,CP,adult,1.025,0
69c82b26bbadde18a3e131c4,CP,adult,1.0499999999999998,0
5c224f5289f0350001738d48,CP,adult,1.25,1
608437f0b139060610c9f0c1,CP,adult,1.05,1
69c82b26bbadde18a3e131c4,CP,adult,1.25,1
55c495d2fdf99b2d6cabb691,CP,adult,1.033332857142857,1
670075d557d79b4cef60c761,CP,adult,1.025,1
69c82b26bbadde18a3e131c4,CP,adult,1.0333333333333334,0
55c495d2fdf99b2d6cabb691,CP,adult,1.05,1
60e7639e8eca5490df1e412e,CP,adult,1.5,1
5e5d824268168509ca89806f,CP,adult,1.033332857142857,1
67bcba4cce51e01aa4648b3b,CP,adult,1.05,0
62fd14d7b1e0729dc8aadb79,CP,adult,1.025,0
6786e8177bc067f2f666d77c,CP,adult,1.0499999999999998,0
6658c4239af9537eefdfbcc9,CP,adult,1.02,1
5c55a5d2318c6b000118fc36,CP,adult,1.02,0
62fd14d7b1e0729dc8aadb79,CP,adult,1.025,0
67696d49d386c9789b03b1da,CP,adult,1.025,1
610b115d45797ba46b20aa4c,CP,adult,1.5,1
55ac3198fdf99b6de3b68b23,CP,adult,1.333334,1
60314f566c0b9306e3956ebc,CP,adult,1.02,1
675230603ce35dd4658c4dd0,CP,adult,1.5,1
697bc0049bada14424bebac5,CP,adult,1.025,1
60314f566c0b9306e3956ebc,CP,adult,1.025,1
5e16bce18dffa0c6f76cda9b,CP,adult,1.05,0
697900ae46a7b40c447e7e88,CP,adult,1.5,1
697bc0049bada14424bebac5,CP,adult,1.333334,1
67696d49d386c9789b03b1da,CP,adult,1.0499999999999998,1
697900ae46a7b40c447e7e88,CP,adult,1.5,1
675230603ce35dd4658c4dd0,CP,adult,1.05,1
610b115d45797ba46b20aa4c,CP,adult,1.025,0
5e16bce18dffa0c6f76cda9b,CP,adult,1.02,0
69d959b8247f8be4f2554ee0,CP,adult,1.033332857142857,0
675230603ce35dd4658c4dd0,CP,adult,1.0333333333333334,1
62e42aaad0079d2ff8e97597,CP,adult,1.025,0
699cc81dfe512adf908498ce,CP,adult,1.5,1
62e42aaad0079d2ff8e97597,CP,adult,1.5,1
55c495d2fdf99b2d6cabb691,CP,adult,1.5,1
55c495d2fdf99b2d6cabb691,CP,adult,1.25,1
55c495d2fdf99b2d6cabb691,CP,adult,1.05,0
62e42aaad0079d2ff8e97597,CP,adult,1.05,0
69c82b26bbadde18a3e131c4,CP,adult,1.025,1
69c82b26bbadde18a3e131c4,CP,adult,1.02,1
69c82b26bbadde18a3e131c4,CP,adult,1.05,1
55c495d2fdf99b2d6cabb691,CP,adult,1.5,1
69c82b26bbadde18a3e131c4,CP,adult,1.3333333333333333,1
69c82b26bbadde18a3e131c4,CP,adult,1.3333333333333333,1
55c495d2fdf99b2d6cabb691,CP,adult,1.033334,0
5c224f5289f0350001738d48,CP,adult,1.3333333333333333,1
5c224f5289f0350001738d48,CP,adult,1.05,0
5c224f5289f0350001738d48,CP,adult,1.02,0
5c224f5289f0350001738d48,CP,adult,1.02,1
5c224f5289f0350001738d48,CP,adult,1.333334,1
55c495d2fdf99b2d6cabb691,CP,adult,1.333334,1
670075d557d79b4cef60c761,CP,adult,1.5,1
608437f0b139060610c9f0c1,CP,adult,1.033334,1
69c82b26bbadde18a3e131c4,CP,adult,1.0499999999999998,0
5c55a5d2318c6b000118fc36,CP,adult,1.025,1
69d959b8247f8be4f2554ee0,CP,adult,1.0333333333333334,0
55ac3198fdf99b6de3b68b23,CP,adult,1.25,1
6510b799ca6f903d2d4c2d2c,CP,adult,1.033334,1
5f464fffdb67840175b5b746,CP,adult,1.5,1
5f93aff4d654c619d22b94b9,CP,adult,1.5,1
60e70621e54d41df0e70bfcd,CP,adult,1.0333333333333334,0
697900ae46a7b40c447e7e88,CP,adult,1.25,1
6510b799ca6f903d2d4c2d2c,CP,adult,1.033334,1
60314f566c0b9306e3956ebc,CP,adult,1.5,1
697bc0049bada14424bebac5,CP,adult,1.05,1
6786e8177bc067f2f666d77c,CP,adult,1.025,0
6510b799ca6f903d2d4c2d2c,CP,adult,1.025,1
6658c4239af9537eefdfbcc9,CP,adult,1.5,1
5dd5b42a2091e95798fbf574,CP,adult,1.025,0
69d959b8247f8be4f2554ee0,CP,adult,1.25,1
5c55a5d2318c6b000118fc36,CP,adult,1.025,1
5f93aff4d654c619d22b94b9,CP,adult,1.025,1
60e70621e54d41df0e70bfcd,CP,adult,1.05,0
6658c4239af9537eefdfbcc9,CP,adult,1.333332857142857,1
60e70621e54d41df0e70bfcd,CP,adult,1.0499999999999998,1
67696d49d386c9789b03b1da,CP,adult,1.02,0
55ac3198fdf99b6de3b68b23,CP,adult,1.333332857142857,1
5c55a5d2318c6b000118fc36,CP,adult,1.333332857142857,1
666ca8f24bc3a8e75b8f6ee2,CP,adult,1.025,0
67bcba4cce51e01aa4648b3b,CP,adult,1.0499999999999998,0
699cc81dfe512adf908498ce,CP,adult,1.033332857142857,0
56b78f11e77ebe000cbefe79,CP,adult,1.5,1
56b78f11e77ebe000cbefe79,CP,adult,1.02,0
62e42aaad0079d2ff8e97597,CP,adult,1.5,1
699cc81dfe512adf908498ce,CP,adult,1.0499999999999998,1
62e42aaad0079d2ff8e97597,CP,adult,1.05,0
699cc81dfe512adf908498ce,CP,adult,1.02,1
699cc81dfe512adf908498ce,CP,adult,1.025,0
56b78f11e77ebe000cbefe79,CP,adult,1.02,1
55c495d2fdf99b2d6cabb691,CP,adult,1.025,1
5c224f5289f0350001738d48,CP,adult,1.25,1
5c224f5289f0350001738d48,CP,adult,1.05,1
55c495d2fdf99b2d6cabb691,CP,adult,1.25,1
5c224f5289f0350001738d48,CP,adult,1.033332857142857,0
69c82b26bbadde18a3e131c4,CP,adult,1.033334,0
55c495d2fdf99b2d6cabb691,CP,adult,1.025,0
55c495d2fdf99b2d6cabb691,CP,adult,1.025,0
608437f0b139060610c9f0c1,CP,adult,1.25,1
608437f0b139060610c9f0c1,CP,adult,1.25,1
670075d557d79b4cef60c761,CP,adult,1.25,1
55c495d2fdf99b2d6cabb691,CP,adult,1.0499999999999998,0
608437f0b139060610c9f0c1,CP,adult,1.02,0
55c495d2fdf99b2d6cabb691,CP,adult,1.25,1
5c224f5289f0350001738d48,CP,adult,1.5,1
610b115d45797ba46b20aa4c,CP,adult,1.5,1
5dd5b42a2091e95798fbf574,CP,adult,1.5,1
6786e8177bc067f2f666d77c,CP,adult,1.025,0
5c55a5d2318c6b000118fc36,CP,adult,1.033334,1
675230603ce35dd4658c4dd0,CP,adult,1.333332857142857,1
67696d49d386c9789b03b1da,CP,adult,1.3333333333333333,1
5e5d824268168509ca89806f,CP,adult,1.3333333333333333,1
67bcba4cce51e01aa4648b3b,CP,adult,1.05,1
69d959b8247f8be4f2554ee0,CP,adult,1.5,1
675230603ce35dd4658c4dd0,CP,adult,1.333332857142857,1
5f93aff4d654c619d22b94b9,CP,adult,1.025,0
5e16bce18dffa0c6f76cda9b,CP,adult,1.25,1
60e7639e8eca5490df1e412e,CP,adult,1.0333333333333334,1
5c55a5d2318c6b000118fc36,CP,adult,1.05,1
697900ae46a7b40c447e7e88,CP,adult,1.025,1
610b115d45797ba46b20aa4c,CP,adult,1.02,0
62fd14d7b1e0729dc8aadb79,CP,adult,1.25,1
6658c4239af9537eefdfbcc9,CP,adult,1.033332857142857,1
67bcba4cce51e01aa4648b3b,CP,adult,1.025,1
55ac3198fdf99b6de3b68b23,CP,adult,1.033334,0
6510b799ca6f903d2d4c2d2c,CP,adult,1.025,1
5dd5b42a2091e95798fbf574,CP,adult,1.033332857142857,1
5f93aff4d654c619d22b94b9,CP,adult,1.05,0
67bcba4cce51e01aa4648b3b,CP,adult,1.02,0
60e70621e54d41df0e70bfcd,CP,adult,1.05,1
610b115d45797ba46b20aa4c,CP,adult,1.05,1
62fd14d7b1e0729dc8aadb79,CP,adult,1.02,1
6786e8177bc067f2f666d77c,CP,adult,1.05,0
5c55a5d2318c6b000118fc36,CP,adult,1.5,1
5f93aff4d654c619d22b94b9,CP,adult,1.02,1
60e7639e8eca5490df1e412e,CP,adult,1.05,0
60e70621e54d41df0e70bfcd,CP,adult,1.05,0
55ac3198fdf99b6de3b68b23,CP,adult,1.033334,0
6658c4239af9537eefdfbcc9,CP,adult,1.02,1
67696d49d386c9789b03b1da,CP,adult,1.05,1
60314f566c0b9306e3956ebc,CP,adult,1.25,1
610b115d45797ba46b20aa4c,CP,adult,1.033334,1
5e16bce18dffa0c6f76cda9b,CP,adult,1.3333333333333333,1
697900ae46a7b40c447e7e88,CP,adult,1.0333333333333334,1
6510b799ca6f903d2d4c2d2c,CP,adult,1.0333333333333334,1
697bc0049bada14424bebac5,CP,adult,1.333334,1
69d959b8247f8be4f2554ee0,CP,adult,1.033334,1
67bcba4cce51e01aa4648b3b,CP,adult,1.025,0
5dd5b42a2091e95798fbf574,CP,adult,1.5,1
6786e8177bc067f2f666d77c,CP,adult,1.5,1
5c55a5d2318c6b000118fc36,CP,adult,1.05,0
62fd14d7b1e0729dc8aadb79,CP,adult,1.333332857142857,1
675230603ce35dd4658c4dd0,CP,adult,1.025,1
60e70621e54d41df0e70bfcd,CP,adult,1.05,0
60314f566c0b9306e3956ebc,CP,adult,1.25,1
60e7639e8eca5490df1e412e,CP,adult,1.05,0
610b115d45797ba46b20aa4c,CP,adult,1.02,1
55ac3198fdf99b6de3b68b23,CP,adult,1.5,1
67696d49d386c9789b03b1da,CP,adult,1.025,0
6658c4239af9537eefdfbcc9,CP,adult,1.25,1
697900ae46a7b40c447e7e88,CP,adult,1.333332857142857,0
5dd5b42a2091e95798fbf574,CP,adult,1.05,1
610b115d45797ba46b20aa4c,CP,adult,1.05,0
675230603ce35dd4658c4dd0,CP,adult,1.05,1
5dd5b42a2091e95798fbf574,CP,adult,1.025,0
666ca8f24bc3a8e75b8f6ee2,CP,adult,1.02,1
5c55a5d2318c6b000118fc36,CP,adult,1.5,1
697bc0049bada14424bebac5,CP,adult,1.5,1
60e70621e54d41df0e70bfcd,CP,adult,1.05,0
5e16bce18dffa0c6f76cda9b,CP,adult,1.025,0
60e70621e54d41df0e70bfcd,CP,adult,1.05,1
67696d49d386c9789b03b1da,CP,adult,1.0499999999999998,1
610b115d45797ba46b20aa4c,CP,adult,1.25,1
60e70621e54d41df0e70bfcd,CP,adult,1.25,0
55ac3198fdf99b6de3b68b23,CP,adult,1.05,1
62fd14d7b1e0729dc8aadb79,CP,adult,1.02,1
60e70621e54d41df0e70bfcd,CP,adult,1.25,0
55ac3198fdf99b6de3b68b23,CP,adult,1.5,1
62fd14d7b1e0729dc8aadb79,CP,adult,1.0499999999999998,1
60e70621e54d41df0e70bfcd,CP,adult,1.25,1
697bc0049bada14424bebac5,CP,adult,1.333334,1
6510b799ca6f903d2d4c2d2c,CP,adult,1.033334,1
60e70621e54d41df0e70bfcd,CP,adult,1.25,1
5e16bce18dffa0c6f76cda9b,CP,adult,1.25,1
5c55a5d2318c6b000118fc36,CP,adult,1.3333333333333333,1
62fd14d7b1e0729dc8aadb79,CP,adult,1.05,1
5dd5b42a2091e95798fbf574,CP,adult,1.02,1
60e70621e54d41df0e70bfcd,CP,adult,1.25,1
697bc0049bada14424bebac5,CP,adult,1.5,1
697900ae46a7b40c447e7e88,CP,adult,1.025,1
5f93aff4d654c619d22b94b9,CP,adult,1.25,1
610b115d45797ba46b20aa4c,CP,adult,1.25,1
6510b799ca6f903d2d4c2d2c,CP,adult,1.033332857142857,1
55ac3198fdf99b6de3b68b23,CP,adult,1.05,0
60e70621e54d41df0e70bfcd,CP,adult,1.25,1
6978d4afc2649c9396f7266c,CP,adult,1.25,1
666ca8f24bc3a8e75b8f6ee2,CP,adult,1.0499999999999998,0
60314f566c0b9306e3956ebc,CP,adult,1.02,1
69d417a7e7e648dad98e0d3c,CP,adult,1.05,1
5f93aff4d654c619d22b94b9,CP,adult,1.333332857142857,1
69d417a7e7e648dad98e0d3c,CP,adult,1.3333333333333333,1
60314f566c0b9306e3956ebc,CP,adult,1.02,1
661a8441949f9133be9a2097,CP,adult,1.25,1
6978d4afc2649c9396f7266c,CP,adult,1.333332857142857,1
5f93aff4d654c619d22b94b9,CP,adult,1.25,1
60e7639e8eca5490df1e412e,CP,adult,1.02,1
55ac3198fdf99b6de3b68b23,CP,adult,1.5,1
5f93aff4d654c619d22b94b9,CP,adult,1.025,1
60e70621e54d41df0e70bfcd,CP,adult,1.333334,1
5f93aff4d654c619d22b94b9,CP,adult,1.333334,1
62fd14d7b1e0729dc8aadb79,CP,adult,1.02,1
55ac3198fdf99b6de3b68b23,CP,adult,1.0499999999999998,1
60314f566c0b9306e3956ebc,CP,adult,1.025,0
6510b799ca6f903d2d4c2d2c,CP,adult,1.05,1
610b115d45797ba46b20aa4c,CP,adult,1.25,1
60e7639e8eca5490df1e412e,CP,adult,1.02,0
6510b799ca6f903d2d4c2d2c,CP,adult,1.5,1
6658c4239af9537eefdfbcc9,CP,adult,1.025,1
67bcba4cce51e01aa4648b3b,CP,adult,1.025,0
6510b799ca6f903d2d4c2d2c,CP,adult,1.25,1
697900ae46a7b40c447e7e88,CP,adult,1.033334,0
55ac3198fdf99b6de3b68b23,CP,adult,1.033332857142857,0
60314f566c0b9306e3956ebc,CP,adult,1.02,1
67696d49d386c9789b03b1da,CP,adult,1.0333333333333334,0
6658c4239af9537eefdfbcc9,CP,adult,1.025,0
60e7639e8eca5490df1e412e,CP,adult,1.025,1
62fd14d7b1e0729dc8aadb79,CP,adult,1.25,1
55ac3198fdf99b6de3b68b23,CP,adult,1.25,1
5c55a5d2318c6b000118fc36,CP,adult,1.333334,1
5e16bce18dffa0c6f76cda9b,CP,adult,1.3333333333333333,1
697bc0049bada14424bebac5,CP,adult,1.333332857142857,1
5c55a5d2318c6b000118fc36,CP,adult,1.25,0
5dd5b42a2091e95798fbf574,CP,adult,1.025,1
5e16bce18dffa0c6f76cda9b,CP,adult,1.25,1
6510b799ca6f903d2d4c2d2c,CP,adult,1.25,1
67696d49d386c9789b03b1da,CP,adult,1.3333333333333333,1
5dd5b42a2091e95798fbf574,CP,adult,1.025,1
666ca8f24bc3a8e75b8f6ee2,CP,adult,1.333332857142857,0
67696d49d386c9789b03b1da,CP,adult,1.0499999999999998,1
60e7639e8eca5490df1e412e,CP,adult,1.5,1
60314f566c0b9306e3956ebc,CP,adult,1.333332857142857,1
60e70621e54d41df0e70bfcd,CP,adult,1.25,1
697bc0049bada14424bebac5,CP,adult,1.05,1
67bcba4cce51e01aa4648b3b,CP,adult,1.25,1
5f93aff4d654c619d22b94b9,CP,adult,1.02,0
60314f566c0b9306e3956ebc,CP,adult,1.02,1
5dd5b42a2091e95798fbf574,CP,adult,1.05,0
60314f566c0b9306e3956ebc,CP,adult,1.3333333333333333,1
62fd14d7b1e0729dc8aadb79,CP,adult,1.033332857142857,1
610b115d45797ba46b20aa4c,CP,adult,1.333332857142857,1
69d417a7e7e648dad98e0d3c,CP,adult,1.25,1
661a8441949f9133be9a2097,CP,adult,1.25,1
60e7639e8eca5490df1e412e,CP,adult,1.025,1
610b115d45797ba46b20aa4c,CP,adult,1.5,1
6978d4afc2649c9396f7266c,CP,adult,1.5,1
610b115d45797ba46b20aa4c,CP,adult,1.5,1
661a8441949f9133be9a2097,CP,adult,1.333332857142857,1
610b115d45797ba46b20aa4c,CP,adult,1.05,1
55ac3198fdf99b6de3b68b23,CP,adult,1.0499999999999998,0
610b115d45797ba46b20aa4c,CP,adult,1.333332857142857,1
60314f566c0b9306e3956ebc,CP,adult,1.5,1
610b115d45797ba46b20aa4c,CP,adult,1.025,1
62fd14d7b1e0729dc8aadb79,CP,adult,1.0333333333333334,1
610b115d45797ba46b20aa4c,CP,adult,1.0333333333333334,1
661a8441949f9133be9a2097,CP,adult,1.5,1
697900ae46a7b40c447e7e88,CP,adult,1.05,0
69d417a7e7e648dad98e0d3c,CP,adult,1.025,0
60314f566c0b9306e3956ebc,CP,adult,1.033334,1
697900ae46a7b40c447e7e88,CP,adult,1.25,1
610b115d45797ba46b20aa4c,CP,adult,1.25,1
60314f566c0b9306e3956ebc,CP,adult,1.25,1
62fd14d7b1e0729dc8aadb79,CP,adult,1.333332857142857,1
6978d4afc2649c9396f7266c,CP,adult,1.5,1
5e16bce18dffa0c6f76cda9b,CP,adult,1.033332857142857,1
5f93aff4d654c619d22b94b9,CP,adult,1.0333333333333334,0
67bcba4cce51e01aa4648b3b,CP,adult,1.025,0
60e7639e8eca5490df1e412e,CP,adult,1.02,1
60e70621e54d41df0e70bfcd,CP,adult,1.05,1
67bcba4cce51e01aa4648b3b,CP,adult,1.033334,0
661a8441949f9133be9a2097,CP,adult,1.25,1
6510b799ca6f903d2d4c2d2c,CP,adult,1.333334,1
67bcba4cce51e01aa4648b3b,CP,adult,1.025,1
62fd14d7b1e0729dc8aadb79,CP,adult,1.025,0
666ca8f24bc3a8e75b8f6ee2,CP,adult,1.02,1
6510b799ca6f903d2d4c2d2c,CP,adult,1.02,1
60e7639e8eca5490df1e412e,CP,adult,1.02,1
60314f566c0b9306e3956ebc,CP,adult,1.033334,0
5c55a5d2318c6b000118fc36,CP,adult,1.25,1
6658c4239af9537eefdfbcc9,CP,adult,1.025,1
5f93aff4d654c619d22b94b9,CP,adult,1.0499999999999998,1
5c55a5d2318c6b000118fc36,CP,adult,1.05,0
55ac3198fdf99b6de3b68b23,CP,adult,1.033334,1
67bcba4cce51e01aa4648b3b,CP,adult,1.3333333333333333,0
661a8441949f9133be9a2097,CP,adult,1.5,1
697900ae46a7b40c447e7e88,CP,adult,1.5,1
610b115d45797ba46b20aa4c,CP,adult,1.025,1
60314f566c0b9306e3956ebc,CP,adult,1.033332857142857,1
666ca8f24bc3a8e75b8f6ee2,CP,adult,1.25,1
610b115d45797ba46b20aa4c,CP,adult,1.033334,1
67696d49d386c9789b03b1da,CP,adult,1.5,1
5e16bce18dffa0c6f76cda9b,CP,adult,1.02,1
6658c4239af9537eefdfbcc9,CP,adult,1.5,1
697900ae46a7b40c447e7e88,CP,adult,1.5,1
6978d4afc2649c9396f7266c,CP,adult,1.5,1
6658c4239af9537eefdfbcc9,CP,adult,1.025,1
610b115d45797ba46b20aa4c,CP,adult,1.25,1
5e16bce18dffa0c6f76cda9b,CP,adult,1.5,1
6658c4239af9537eefdfbcc9,CP,adult,1.5,1
6510b799ca6f903d2d4c2d2c,CP,adult,1.025,0
6658c4239af9537eefdfbcc9,CP,adult,1.033332857142857,1
60314f566c0b9306e3956ebc,CP,adult,1.5,1
62fd14d7b1e0729dc8aadb79,CP,adult,1.5,1
697900ae46a7b40c447e7e88,CP,adult,1.05,0
69d417a7e7e648dad98e0d3c,CP,adult,1.25,1
55ac3198fdf99b6de3b68b23,CP,adult,1.3333333333333333,1
5e16bce18dffa0c6f76cda9b,CP,adult,1.025,1
6978d4afc2649c9396f7266c,CP,adult,1.0333333333333334,1
666ca8f24bc3a8e75b8f6ee2,CP,adult,1.333332857142857,1
6658c4239af9537eefdfbcc9,CP,adult,1.05,1
6978d4afc2649c9396f7266c,CP,adult,1.025,1
661a8441949f9133be9a2097,CP,adult,1.02,0
60e7639e8eca5490df1e412e,CP,adult,1.02,1
5f93aff4d654c619d22b94b9,CP,adult,1.25,1
6658c4239af9537eefdfbcc9,CP,adult,1.025,1
6978d4afc2649c9396f7266c,CP,adult,1.05,0
5f93aff4d654c619d22b94b9,CP,adult,1.025,0
661a8441949f9133be9a2097,CP,adult,1.3333333333333333,1
69d417a7e7e648dad98e0d3c,CP,adult,1.25,1
62fd14d7b1e0729dc8aadb79,CP,adult,1.05,1
697bc0049bada14424bebac5,CP,adult,1.25,1
62fd14d7b1e0729dc8aadb79,CP,adult,1.05,0
5c55a5d2318c6b000118fc36,CP,adult,1.5,1
5e16bce18dffa0c6f76cda9b,CP,adult,1.0499999999999998,1
6510b799ca6f903d2d4c2d2c,CP,adult,1.025,1
55ac3198fdf99b6de3b68b23,CP,adult,1.033332857142857,0
5f93aff4d654c619d22b94b9,CP,adult,1.05,1
697900ae46a7b40c447e7e88,CP,adult,1.0333333333333334,1
6658c4239af9537eefdfbcc9,CP,adult,1.25,1
60e7639e8eca5490df1e412e,CP,adult,1.033332857142857,0
5dd5b42a2091e95798fbf574,CP,adult,1.025,1
60314f566c0b9306e3956ebc,CP,adult,1.025,0
6658c4239af9537eefdfbcc9,CP,adult,1.25,1
661a8441949f9133be9a2097,CP,adult,1.5,1
697bc0049bada14424bebac5,CP,adult,1.333334,1
697900ae46a7b40c447e7e88,CP,adult,1.033334,1
60e7639e8eca5490df1e412e,CP,adult,1.033334,0
661a8441949f9133be9a2097,CP,adult,1.5,1
697900ae46a7b40c447e7e88,CP,adult,1.02,0
5c55a5d2318c6b000118fc36,CP,adult,1.25,0
5dd5b42a2091e95798fbf574,CP,adult,1.033332857142857,1
55ac3198fdf99b6de3b68b23,CP,adult,1.05,1
6658c4239af9537eefdfbcc9,CP,adult,1.25,1
661a8441949f9133be9a2097,CP,adult,1.5,1
67696d49d386c9789b03b1da,CP,adult,1.25,1
60e7639e8eca5490df1e412e,CP,adult,1.25,1
6510b799ca6f903d2d4c2d2c,CP,adult,1.3333333333333333,1
60e70621e54d41df0e70bfcd,CP,adult,1.25,1
67696d49d386c9789b03b1da,CP,adult,1.025,0
661a8441949f9133be9a2097,CP,adult,1.5,1
5e16bce18dffa0c6f76cda9b,CP,adult,1.0333333333333334,1
697900ae46a7b40c447e7e88,CP,adult,1.333332857142857,1
69d417a7e7e648dad98e0d3c,CP,adult,1.3333333333333333,1
55ac3198fdf99b6de3b68b23,CP,adult,1.3333333333333333,1
60e7639e8eca5490df1e412e,CP,adult,1.05,1
5e16bce18dffa0c6f76cda9b,CP,adult,1.02,0
60e70621e54d41df0e70bfcd,CP,adult,1.333334,1
6658c4239af9537eefdfbcc9,CP,adult,1.25,1
5f93aff4d654c619d22b94b9,CP,adult,1.02,1
6658c4239af9537eefdfbcc9,CP,adult,1.333334,1
60e70621e54d41df0e70bfcd,CP,adult,1.25,1
6658c4239af9537eefdfbcc9,CP,adult,1.5,1
60e70621e54d41df0e70bfcd,CP,adult,1.3333333333333333,1
69d417a7e7e648dad98e0d3c,CP,adult,1.0499999999999998,0
62fd14d7b1e0729dc8aadb79,CP,adult,1.025,1
610b115d45797ba46b20aa4c,CP,adult,1.02,1
60e70621e54d41df0e70bfcd,CP,adult,1.333334,1
6510b799ca6f903d2d4c2d2c,CP,adult,1.025,0
69d417a7e7e648dad98e0d3c,CP,adult,1.333334,1
60e7639e8eca5490df1e412e,CP,adult,1.02,1
60e70621e54d41df0e70bfcd,CP,adult,1.3333333333333333,1
6658c4239af9537eefdfbcc9,CP,adult,1.5,1
60e70621e54d41df0e70bfcd,CP,adult,1.333332857142857,1
610b115d45797ba46b20aa4c,CP,adult,1.025,0
60e70621e54d41df0e70bfcd,CP,adult,1.5,1
5e16bce18dffa0c6f76cda9b,CP,adult,1.05,1
60314f566c0b9306e3956ebc,CP,adult,1.5,1
67696d49d386c9789b03b1da,CP,adult,1.02,0
5f93aff4d654c619d22b94b9,CP,adult,1.25,1
67bcba4cce51e01aa4648b3b,CP,adult,1.05,0
610b115d45797ba46b20aa4c,CP,adult,1.05,1
675230603ce35dd4658c4dd0,CP,adult,1.025,0
67696d49d386c9789b03b1da,CP,adult,1.333332857142857,1
610b115d45797ba46b20aa4c,CP,adult,1.02,1
697bc0049bada14424bebac5,CP,adult,1.5,1
697900ae46a7b40c447e7e88,CP,adult,1.025,1
67696d49d386c9789b03b1da,CP,adult,1.5,1
697900ae46a7b40c447e7e88,CP,adult,1.05,0
67696d49d386c9789b03b1da,CP,adult,1.25,0
60314f566c0b9306e3956ebc,CP,adult,1.033334,0
67bcba4cce51e01aa4648b3b,CP,adult,1.3333333333333333,1
60314f566c0b9306e3956ebc,CP,adult,1.025,0
610b115d45797ba46b20aa4c,CP,adult,1.05,1
697bc0049bada14424bebac5,CP,adult,1.25,1
67696d49d386c9789b03b1da,CP,adult,1.0499999999999998,0
60e7639e8eca5490df1e412e,CP,adult,1.02,1
697900ae46a7b40c447e7e88,CP,adult,1.333332857142857,1
5e16bce18dffa0c6f76cda9b,CP,adult,1.025,1
62fd14d7b1e0729dc8aadb79,CP,adult,1.02,1
661a8441949f9133be9a2097,CP,adult,1.02,1
55ac3198fdf99b6de3b68b23,CP,adult,1.033334,0
60e7639e8eca5490df1e412e,CP,adult,1.333332857142857,1
60e70621e54d41df0e70bfcd,CP,adult,1.25,1
60314f566c0b9306e3956ebc,CP,adult,1.0499999999999998,1
5f93aff4d654c619d22b94b9,CP,adult,1.025,0
6510b799ca6f903d2d4c2d2c,CP,adult,1.5,1
62fd14d7b1e0729dc8aadb79,CP,adult,1.025,1
5f93aff4d654c619d22b94b9,CP,adult,1.02,1
60e70621e54d41df0e70bfcd,CP,adult,1.333334,1
55ac3198fdf99b6de3b68b23,CP,adult,1.333332857142857,1
60e7639e8eca5490df1e412e,CP,adult,1.02,1
6510b799ca6f903d2d4c2d2c,CP,adult,1.333334,1
666ca8f24bc3a8e75b8f6ee2,CP,adult,1.033334,0
62fd14d7b1e0729dc8aadb79,CP,adult,1.3333333333333333,1
6510b799ca6f903d2d4c2d2c,CP,adult,1.333334,1
69d417a7e7e648dad98e0d3c,CP,adult,1.033332857142857,1
60314f566c0b9306e3956ebc,CP,adult,1.25,1
6510b799ca6f903d2d4c2d2c,CP,adult,1.333332857142857,1
60e7639e8eca5490df1e412e,CP,adult,1.0499999999999998,1
55ac3198fdf99b6de3b68b23,CP,adult,1.05,1
6658c4239af9537eefdfbcc9,CP,adult,1.25,1
610b115d45797ba46b20aa4c,CP,adult,1.3333333333333333,1
60e70621e54d41df0e70bfcd,CP,adult,1.333332857142857,1
62fd14d7b1e0729dc8aadb79,CP,adult,1.033332857142857,1
697900ae46a7b40c447e7e88,CP,adult,1.02,1
5e16bce18dffa0c6f76cda9b,CP,adult,1.025,1
60314f566c0b9306e3956ebc,CP,adult,1.5,1
5f93aff4d654c619d22b94b9,CP,adult,1.025,1
697900ae46a7b40c447e7e88,CP,adult,1.25,1
5c55a5d2318c6b000118fc36,CP,adult,1.25,1
60e70621e54d41df0e70bfcd,CP,adult,1.05,0
6658c4239af9537eefdfbcc9,CP,adult,1.05,1
697bc0049bada14424bebac5,CP,adult,1.025,1
62fd14d7b1e0729dc8aadb79,CP,adult,1.033334,0
697900ae46a7b40c447e7e88,CP,adult,1.02,0
60314f566c0b9306e3956ebc,CP,adult,1.05,1
5dd5b42a2091e95798fbf574,CP,adult,1.25,1
5c55a5d2318c6b000118fc36,CP,adult,1.333334,0
60314f566c0b9306e3956ebc,CP,adult,1.333334,0
5f93aff4d654c619d22b94b9,CP,adult,1.025,1
661a8441949f9133be9a2097,CP,adult,1.025,1
67bcba4cce51e01aa4648b3b,CP,adult,1.25,0
5f93aff4d654c619d22b94b9,CP,adult,1.333334,1
610b115d45797ba46b20aa4c,CP,adult,1.025,1
67bcba4cce51e01aa4648b3b,CP,adult,1.5,1
610b115d45797ba46b20aa4c,CP,adult,1.5,1
5e16bce18dffa0c6f76cda9b,CP,adult,1.0333333333333334,0
6658c4239af9537eefdfbcc9,CP,adult,1.033334,0
62fd14d7b1e0729dc8aadb79,CP,adult,1.0499999999999998,1
5f93aff4d654c619d22b94b9,CP,adult,1.025,1
67bcba4cce51e01aa4648b3b,CP,adult,1.25,1
6510b799ca6f903d2d4c2d2c,CP,adult,1.05,1
5c55a5d2318c6b000118fc36,CP,adult,1.5,1
55ac3198fdf99b6de3b68b23,CP,adult,1.0333333333333334,1
6658c4239af9537eefdfbcc9,CP,adult,1.25,1
69d417a7e7e648dad98e0d3c,CP,adult,1.25,1
697bc0049bada14424bebac5,CP,adult,1.02,1
5dd5b42a2091e95798fbf574,CP,adult,1.25,1
60e7639e8eca5490df1e412e,CP,adult,1.033332857142857,0
62fd14d7b1e0729dc8aadb79,CP,adult,1.033334,1
60314f566c0b9306e3956ebc,CP,adult,1.02,0
60e70621e54d41df0e70bfcd,CP,adult,1.3333333333333333,1
661a8441949f9133be9a2097,CP,adult,1.033334,0
62fd14d7b1e0729dc8aadb79,CP,adult,1.3333333333333333,1
697900ae46a7b40c447e7e88,CP,adult,1.25,0
6978d4afc2649c9396f7266c,CP,adult,1.25,1
5e16bce18dffa0c6f76cda9b,CP,adult,1.033334,0
60e70621e54d41df0e70bfcd,CP,adult,1.333332857142857,1
60e7639e8eca5490df1e412e,CP,adult,1.0333333333333334,1
697900ae46a7b40c447e7e88,CP,adult,1.033332857142857,1
661a8441949f9133be9a2097,CP,adult,1.025,0
697900ae46a7b40c447e7e88,CP,adult,1.02,0
5e16bce18dffa0c6f76cda9b,CP,adult,1.033332857142857,1
60314f566c0b9306e3956ebc,CP,adult,1.25,0
5e16bce18dffa0c6f76cda9b,CP,adult,1.0333333333333334,1
697900ae46a7b40c447e7e88,CP,adult,1.033334,0
6978d4afc2649c9396f7266c,CP,adult,1.025,0
5e16bce18dffa0c6f76cda9b,CP,adult,1.25,1
661a8441949f9133be9a2097,CP,adult,1.025,0
69d417a7e7e648dad98e0d3c,CP,adult,1.5,1
666ca8f24bc3a8e75b8f6ee2,CP,adult,1.033334,1
697900ae46a7b40c447e7e88,CP,adult,1.5,1
60e7639e8eca5490df1e412e,CP,adult,1.025,1
60314f566c0b9306e3956ebc,CP,adult,1.333334,1
610b115d45797ba46b20aa4c,CP,adult,1.0333333333333334,0
610b115d45797ba46b20aa4c,CP,adult,1.033334,0
5f93aff4d654c619d22b94b9,CP,adult,1.02,1
5e16bce18dffa0c6f76cda9b,CP,adult,1.25,1
60e70621e54d41df0e70bfcd,CP,adult,1.5,1
5e16bce18dffa0c6f76cda9b,CP,adult,1.3333333333333333,1
60e7639e8eca5490df1e412e,CP,adult,1.25,0
5e16bce18dffa0c6f76cda9b,CP,adult,1.333334,1
697900ae46a7b40c447e7e88,CP,adult,1.5,1
6658c4239af9537eefdfbcc9,CP,adult,1.333334,1
60e7639e8eca5490df1e412e,CP,adult,1.0333333333333334,1
661a8441949f9133be9a2097,CP,adult,1.0333333333333334,1
60e7639e8eca5490df1e412e,CP,adult,1.025,0
697900ae46a7b40c447e7e88,CP,adult,1.3333333333333333,1
610b115d45797ba46b20aa4c,CP,adult,1.025,1
60314f566c0b9306e3956ebc,CP,adult,1.5,1
6658c4239af9537eefdfbcc9,CP,adult,1.05,1
666ca8f24bc3a8e75b8f6ee2,CP,adult,1.5,0
697900ae46a7b40c447e7e88,CP,adult,1.0499999999999998,1
661a8441949f9133be9a2097,CP,adult,1.033332857142857,0
6978d4afc2649c9396f7266c,CP,adult,1.25,1
60314f566c0b9306e3956ebc,CP,adult,1.025,0
60314f566c0b9306e3956ebc,CP,adult,1.25,1
661a8441949f9133be9a2097,CP,adult,1.05,1
697900ae46a7b40c447e7e88,CP,adult,1.025,0
62fd14d7b1e0729dc8aadb79,CP,adult,1.5,1
661a8441949f9133be9a2097,CP,adult,1.0499999999999998,1
697900ae46a7b40c447e7e88,CP,adult,1.05,1
695bd336ccd5efeb99787297,CP,adult,1.025,1
5e16bce18dffa0c6f76cda9b,CP,adult,1.025,0
610b115d45797ba46b20aa4c,CP,adult,1.333334,1
60e7639e8eca5490df1e412e,CP,adult,1.0499999999999998,1
695bd336ccd5efeb99787297,CP,adult,1.033334,1
610b115d45797ba46b20aa4c,CP,adult,1.25,1
69d417a7e7e648dad98e0d3c,CP,adult,1.025,1
6658c4239af9537eefdfbcc9,CP,adult,1.05,0
69d417a7e7e648dad98e0d3c,CP,adult,1.5,1
60e7639e8eca5490df1e412e,CP,adult,1.5,1
610d4df86c4abc6b5ced6fa0,CP,adult,1.333334,1
666ca8f24bc3a8e75b8f6ee2,CP,adult,1.5,0
695bd336ccd5efeb99787297,CP,adult,1.3333333333333333,1
6978d4afc2649c9396f7266c,CP,adult,1.3333333333333333,1
661a8441949f9133be9a2097,CP,adult,1.333332857142857,1
610d4df86c4abc6b5ced6fa0,CP,adult,1.5,1
698b902e1b07434906796778,CP,adult,1.5,1
62fd14d7b1e0729dc8aadb79,CP,adult,1.5,1
69d417a7e7e648dad98e0d3c,CP,adult,1.02,1
6978d4afc2649c9396f7266c,CP,adult,1.033332857142857,1
5f93aff4d654c619d22b94b9,CP,adult,1.05,1
697900ae46a7b40c447e7e88,CP,adult,1.02,1
69d417a7e7e648dad98e0d3c,CP,adult,1.02,1
6658c4239af9537eefdfbcc9,CP,adult,1.02,1
661a8441949f9133be9a2097,CP,adult,1.025,1
6658c4239af9537eefdfbcc9,CP,adult,1.0499999999999998,1
697900ae46a7b40c447e7e88,CP,adult,1.05,0
6658c4239af9537eefdfbcc9,CP,adult,1.025,1
666ca8f24bc3a8e75b8f6ee2,CP,adult,1.5,0
610b115d45797ba46b20aa4c,CP,adult,1.033332857142857,0
6510b799ca6f903d2d4c2d2c,CP,adult,1.033334,0
6658c4239af9537eefdfbcc9,CP,adult,1.0333333333333334,1
60314f566c0b9306e3956ebc,CP,adult,1.05,1
661a8441949f9133be9a2097,CP,adult,1.02,1
60e7639e8eca5490df1e412e,CP,adult,1.05,0
6658c4239af9537eefdfbcc9,CP,adult,1.5,1
610b115d45797ba46b20aa4c,CP,adult,1.05,0
6978d4afc2649c9396f7266c,CP,adult,1.0499999999999998,0
5e16bce18dffa0c6f76cda9b,CP,adult,1.25,1
69d417a7e7e648dad98e0d3c,CP,adult,1.02,0
60e7639e8eca5490df1e412e,CP,adult,1.3333333333333333,1
5e16bce18dffa0c6f76cda9b,CP,adult,1.25,1
60314f566c0b9306e3956ebc,CP,adult,1.025,0
6658c4239af9537eefdfbcc9,CP,adult,1.025,1
661a8441949f9133be9a2097,CP,adult,1.05,0
666ca8f24bc3a8e75b8f6ee2,CP,adult,1.333334,1
6978d4afc2649c9396f7266c,CP,adult,1.02,0
5e16bce18dffa0c6f76cda9b,CP,adult,1.025,1
6978d4afc2649c9396f7266c,CP,adult,1.02,0
610b115d45797ba46b20aa4c,CP,adult,1.333332857142857,1
6658c4239af9537eefdfbcc9,CP,adult,1.5,1
69d417a7e7e648dad98e0d3c,CP,adult,1.05,0
6978d4afc2649c9396f7266c,CP,adult,1.25,1
6658c4239af9537eefdfbcc9,CP,adult,1.05,1
610d4df86c4abc6b5ced6fa0,CP,adult,1.5,1
661a8441949f9133be9a2097,CP,adult,1.0333333333333334,1
667a7ab2a6179deb78e9dd1a,CP,adult,1.0333333333333334,1
6658c4239af9537eefdfbcc9,CP,adult,1.033334,1
667a7ab2a6179deb78e9dd1a,CP,adult,1.0499999999999998,1
60e7639e8eca5490df1e412e,CP,adult,1.5,1
610b115d45797ba46b20aa4c,CP,adult,1.3333333333333333,1
695bd336ccd5efeb99787297,CP,adult,1.025,1
667a7ab2a6179deb78e9dd1a,CP,adult,1.333334,1
697900ae46a7b40c447e7e88,CP,adult,1.5,1
667a7ab2a6179deb78e9dd1a,CP,adult,1.02,1
5e16bce18dffa0c6f76cda9b,CP,adult,1.02,0
698b902e1b07434906796778,CP,adult,1.25,1
695bd336ccd5efeb99787297,CP,adult,1.033334,1
69d417a7e7e648dad98e0d3c,CP,adult,1.333334,1
60e7639e8eca5490df1e412e,CP,adult,1.333332857142857,1
610d4df86c4abc6b5ced6fa0,CP,adult,1.033332857142857,0
60e7639e8eca5490df1e412e,CP,adult,1.333332857142857,1
69d417a7e7e648dad98e0d3c,CP,adult,1.333332857142857,1
661a8441949f9133be9a2097,CP,adult,1.0499999999999998,1
666ca8f24bc3a8e75b8f6ee2,CP,adult,1.333332857142857,0
62fd14d7b1e0729dc8aadb79,CP,adult,1.02,1
60e70621e54d41df0e70bfcd,CP,adult,1.5,1
60314f566c0b9306e3956ebc,CP,adult,1.025,1
610b115d45797ba46b20aa4c,CP,adult,1.025,0
6510b799ca6f903d2d4c2d2c,CP,adult,1.333334,1
610b115d45797ba46b20aa4c,CP,adult,1.025,0
6510b799ca6f903d2d4c2d2c,CP,adult,1.0333333333333334,1
69d417a7e7e648dad98e0d3c,CP,adult,1.02,1
697900ae46a7b40c447e7e88,CP,adult,1.025,1
6978d4afc2649c9396f7266c,CP,adult,1.025,0
610b115d45797ba46b20aa4c,CP,adult,1.025,1
62fd14d7b1e0729dc8aadb79,CP,adult,1.5,1
697900ae46a7b40c447e7e88,CP,adult,1.02,0
6658c4239af9537eefdfbcc9,CP,adult,1.333332857142857,1
697900ae46a7b40c447e7e88,CP,adult,1.3333333333333333,1
697900ae46a7b40c447e7e88,CP,adult,1.333332857142857,1
5e16bce18dffa0c6f76cda9b,CP,adult,1.025,1
69d417a7e7e648dad98e0d3c,CP,adult,1.333334,1
60314f566c0b9306e3956ebc,CP,adult,1.025,0
697900ae46a7b40c447e7e88,CP,adult,1.0333333333333334,0
610b115d45797ba46b20aa4c,CP,adult,1.033334,1
697900ae46a7b40c447e7e88,CP,adult,1.033334,0
610b115d45797ba46b20aa4c,CP,adult,1.3333333333333333,1
697900ae46a7b40c447e7e88,CP,adult,1.025,1
62fd14d7b1e0729dc8aadb79,CP,adult,1.05,1
610b115d45797ba46b20aa4c,CP,adult,1.5,1
69d417a7e7e648dad98e0d3c,CP,adult,1.033332857142857,0
6978d4afc2649c9396f7266c,CP,adult,1.0499999999999998,1
60e7639e8eca5490df1e412e,CP,adult,1.25,1
610b115d45797ba46b20aa4c,CP,adult,1.3333333333333333,0
60e7639e8eca5490df1e412e,CP,adult,1.25,1
6978d4afc2649c9396f7266c,CP,adult,1.3333333333333333,1
698b902e1b07434906796778,CP,adult,1.025,1
69d417a7e7e648dad98e0d3c,CP,adult,1.05,1
60e7639e8eca5490df1e412e,CP,adult,1.333332857142857,1
610b115d45797ba46b20aa4c,CP,adult,1.25,0
6978d4afc2649c9396f7266c,CP,adult,1.333332857142857,1
667a7ab2a6179deb78e9dd1a,CP,adult,1.025,0
69d417a7e7e648dad98e0d3c,CP,adult,1.25,1
6978d4afc2649c9396f7266c,CP,adult,1.025,0
610b115d45797ba46b20aa4c,CP,adult,1.02,1
661a8441949f9133be9a2097,CP,adult,1.25,1
69d417a7e7e648dad98e0d3c,CP,adult,1.025,1
62fd14d7b1e0729dc8aadb79,CP,adult,1.25,1
60e7639e8eca5490df1e412e,CP,adult,1.5,1
62fd14d7b1e0729dc8aadb79,CP,adult,1.0333333333333334,1
69d417a7e7e648dad98e0d3c,CP,adult,1.333332857142857,1
695bd336ccd5efeb99787297,CP,adult,1.0499999999999998,0
610d4df86c4abc6b5ced6fa0,CP,adult,1.0333333333333334,0
6510b799ca6f903d2d4c2d2c,CP,adult,1.5,1
6658c4239af9537eefdfbcc9,CP,adult,1.0499999999999998,1
6978d4afc2649c9396f7266c,CP,adult,1.02,1
6510b799ca6f903d2d4c2d2c,CP,adult,1.25,1
62fd14d7b1e0729dc8aadb79,CP,adult,1.025,1
69d417a7e7e648dad98e0d3c,CP,adult,1.02,1
60314f566c0b9306e3956ebc,CP,adult,1.025,0
69d417a7e7e648dad98e0d3c,CP,adult,1.033332857142857,1
62fd14d7b1e0729dc8aadb79,CP,adult,1.05,1
6978d4afc2649c9396f7266c,CP,adult,1.025,0
5e16bce18dffa0c6f76cda9b,CP,adult,1.05,0
60314f566c0b9306e3956ebc,CP,adult,1.333332857142857,1
697900ae46a7b40c447e7e88,CP,adult,1.025,0
6978d4afc2649c9396f7266c,CP,adult,1.25,1
69d417a7e7e648dad98e0d3c,CP,adult,1.05,0
5e16bce18dffa0c6f76cda9b,CP,adult,1.0499999999999998,0
60e7639e8eca5490df1e412e,CP,adult,1.5,1
60314f566c0b9306e3956ebc,CP,adult,1.5,1
661a8441949f9133be9a2097,CP,adult,1.25,1
60314f566c0b9306e3956ebc,CP,adult,1.0333333333333334,1
62fd14d7b1e0729dc8aadb79,CP,adult,1.05,1
6978d4afc2649c9396f7266c,CP,adult,1.02,1
62fd14d7b1e0729dc8aadb79,CP,adult,1.25,1
6658c4239af9537eefdfbcc9,CP,adult,1.02,1
610b115d45797ba46b20aa4c,CP,adult,1.5,1
6978d4afc2649c9396f7266c,CP,adult,1.025,1
6658c4239af9537eefdfbcc9,CP,adult,1.333334,1
5e16bce18dffa0c6f76cda9b,CP,adult,1.5,1
69d417a7e7e648dad98e0d3c,CP,adult,1.3333333333333333,1
695bd336ccd5efeb99787297,CP,adult,1.02,0
661a8441949f9133be9a2097,CP,adult,1.05,1
697900ae46a7b40c447e7e88,CP,adult,1.25,1
5e16bce18dffa0c6f76cda9b,CP,adult,1.02,1
698b902e1b07434906796778,CP,adult,1.5,1
69d417a7e7e648dad98e0d3c,CP,adult,1.333334,1
661a8441949f9133be9a2097,CP,adult,1.025,1
62fd14d7b1e0729dc8aadb79,CP,adult,1.5,1
610b115d45797ba46b20aa4c,CP,adult,1.0499999999999998,1
62fd14d7b1e0729dc8aadb79,CP,adult,1.5,1
698b902e1b07434906796778,CP,adult,1.02,1
62fd14d7b1e0729dc8aadb79,CP,adult,1.25,1
695bd336ccd5efeb99787297,CP,adult,1.02,1
62fd14d7b1e0729dc8aadb79,CP,adult,1.25,1
610b115d45797ba46b20aa4c,CP,adult,1.333332857142857,1
698b902e1b07434906796778,CP,adult,1.05,1
60e7639e8eca5490df1e412e,CP,adult,1.5,1
698b902e1b07434906796778,CP,adult,1.02,0
610d4df86c4abc6b5ced6fa0,CP,adult,1.05,0
667a7ab2a6179deb78e9dd1a,CP,adult,1.0499999999999998,0
667a7ab2a6179deb78e9dd1a,CP,adult,1.02,0
610d4df86c4abc6b5ced6fa0,CP,adult,1.025,1
667a7ab2a6179deb78e9dd1a,CP,adult,1.025,1
6978d4afc2649c9396f7266c,CP,adult,1.25,1
661a8441949f9133be9a2097,CP,adult,1.333332857142857,0
6978d4afc2649c9396f7266c,CP,adult,1.025,1
69d417a7e7e648dad98e0d3c,CP,adult,1.05,0
60e70621e54d41df0e70bfcd,CP,adult,1.5,1
661a8441949f9133be9a2097,CP,adult,1.02,1
610b115d45797ba46b20aa4c,CP,adult,1.05,0
6978d4afc2649c9396f7266c,CP,adult,1.033332857142857,0
62fd14d7b1e0729dc8aadb79,CP,adult,1.025,1
661a8441949f9133be9a2097,CP,adult,1.02,1
60314f566c0b9306e3956ebc,CP,adult,1.25,0
69d417a7e7e648dad98e0d3c,CP,adult,1.0499999999999998,0
69d417a7e7e648dad98e0d3c,CP,adult,1.025,1
62fd14d7b1e0729dc8aadb79,CP,adult,1.033334,0
5e16bce18dffa0c6f76cda9b,CP,adult,1.3333333333333333,1
6978d4afc2649c9396f7266c,CP,adult,1.0499999999999998,1
69d417a7e7e648dad98e0d3c,CP,adult,1.5,0
62fd14d7b1e0729dc8aadb79,CP,adult,1.25,1
69d417a7e7e648dad98e0d3c,CP,adult,1.033334,0
60e7639e8eca5490df1e412e,CP,adult,1.033332857142857,0
6978d4afc2649c9396f7266c,CP,adult,1.333332857142857,1
60e7639e8eca5490df1e412e,CP,adult,1.5,1
60314f566c0b9306e3956ebc,CP,adult,1.5,1
6658c4239af9537eefdfbcc9,CP,adult,1.25,1
610b115d45797ba46b20aa4c,CP,adult,1.25,1
69d417a7e7e648dad98e0d3c,CP,adult,1.025,1
60e7639e8eca5490df1e412e,CP,adult,1.333332857142857,1
69d417a7e7e648dad98e0d3c,CP,adult,1.05,1
60e7639e8eca5490df1e412e,CP,adult,1.25,1
69d417a7e7e648dad98e0d3c,CP,adult,1.5,1
62fd14d7b1e0729dc8aadb79,CP,adult,1.333332857142857,1
610b115d45797ba46b20aa4c,CP,adult,1.05,1
60e7639e8eca5490df1e412e,CP,adult,1.0333333333333334,0
6658c4239af9537eefdfbcc9,CP,adult,1.02,0
60e7639e8eca5490df1e412e,CP,adult,1.025,0
610b115d45797ba46b20aa4c,CP,adult,1.5,1
661a8441949f9133be9a2097,CP,adult,1.3333333333333333,1
697900ae46a7b40c447e7e88,CP,adult,1.333334,1
698b902e1b07434906796778,CP,adult,1.02,1
69d417a7e7e648dad98e0d3c,CP,adult,1.0499999999999998,1
666ca8f24bc3a8e75b8f6ee2,CP,adult,1.5,0
610d4df86c4abc6b5ced6fa0,CP,adult,1.025,0
661a8441949f9133be9a2097,CP,adult,1.333332857142857,1
610d4df86c4abc6b5ced6fa0,CP,adult,1.025,1
661a8441949f9133be9a2097,CP,adult,1.5,1
610d4df86c4abc6b5ced6fa0,CP,adult,1.333334,1
6658c4239af9537eefdfbcc9,CP,adult,1.333334,1
661a8441949f9133be9a2097,CP,adult,1.25,1
69d417a7e7e648dad98e0d3c,CP,adult,1.0333333333333334,0
6658c4239af9537eefdfbcc9,CP,adult,1.25,1
695bd336ccd5efeb99787297,CP,adult,1.02,0
69d417a7e7e648dad98e0d3c,CP,adult,1.5,1
661a8441949f9133be9a2097,CP,adult,1.02,1
6978d4afc2649c9396f7266c,CP,adult,1.0333333333333334,0
661a8441949f9133be9a2097,CP,adult,1.025,1
667a7ab2a6179deb78e9dd1a,CP,adult,1.333332857142857,1
698b902e1b07434906796778,CP,adult,1.3333333333333333,1
60e7639e8eca5490df1e412e,CP,adult,1.025,0
5e16bce18dffa0c6f76cda9b,CP,adult,1.05,0
60e7639e8eca5490df1e412e,CP,adult,1.05,0
697900ae46a7b40c447e7e88,CP,adult,1.0333333333333334,1
60e7639e8eca5490df1e412e,CP,adult,1.25,0
697900ae46a7b40c447e7e88,CP,adult,1.025,0
6978d4afc2649c9396f7266c,CP,adult,1.033332857142857,1
60314f566c0b9306e3956ebc,CP,adult,1.0333333333333334,1
60e7639e8eca5490df1e412e,CP,adult,1.033332857142857,1
661a8441949f9133be9a2097,CP,adult,1.05,1
62fd14d7b1e0729dc8aadb79,CP,adult,1.025,1
610b115d45797ba46b20aa4c,CP,adult,1.0333333333333334,0
5e16bce18dffa0c6f76cda9b,CP,adult,1.5,1
6510b799ca6f903d2d4c2d2c,CP,adult,1.0333333333333334,0
60314f566c0b9306e3956ebc,CP,adult,1.05,0
666ca8f24bc3a8e75b8f6ee2,CP,adult,1.25,1
661a8441949f9133be9a2097,CP,adult,1.333334,1
697900ae46a7b40c447e7e88,CP,adult,1.5,1
610b115d45797ba46b20aa4c,CP,adult,1.02,0
62fd14d7b1e0729dc8aadb79,CP,adult,1.0333333333333334,0
610b115d45797ba46b20aa4c,CP,adult,1.025,1
661a8441949f9133be9a2097,CP,adult,1.3333333333333333,1
610b115d45797ba46b20aa4c,CP,adult,1.02,1
697900ae46a7b40c447e7e88,CP,adult,1.05,0
62fd14d7b1e0729dc8aadb79,CP,adult,1.25,0
5e16bce18dffa0c6f76cda9b,CP,adult,1.05,0
62fd14d7b1e0729dc8aadb79,CP,adult,1.3333333333333333,1
60e7639e8eca5490df1e412e,CP,adult,1.025,1
6658c4239af9537eefdfbcc9,CP,adult,1.333332857142857,1
69d417a7e7e648dad98e0d3c,CP,adult,1.02,0
695bd336ccd5efeb99787297,CP,adult,1.05,1
62fd14d7b1e0729dc8aadb79,CP,adult,1.25,1
6658c4239af9537eefdfbcc9,CP,adult,1.5,1
62fd14d7b1e0729dc8aadb79,CP,adult,1.25,1
695bd336ccd5efeb99787297,CP,adult,1.0499999999999998,1
6658c4239af9537eefdfbcc9,CP,adult,1.033334,1
5e16bce18dffa0c6f76cda9b,CP,adult,1.033332857142857,1
6978d4afc2649c9396f7266c,CP,adult,1.02,1
695bd336ccd5efeb99787297,CP,adult,1.02,1
5e16bce18dffa0c6f76cda9b,CP,adult,1.25,0
698b902e1b07434906796778,CP,adult,1.033334,1
697900ae46a7b40c447e7e88,CP,adult,1.0333333333333334,0
5e16bce18dffa0c6f76cda9b,CP,adult,1.02,1
62fd14d7b1e0729dc8aadb79,CP,adult,1.5,1
610d4df86c4abc6b5ced6fa0,CP,adult,1.0333333333333334,1
62fd14d7b1e0729dc8aadb79,CP,adult,1.5,1
60e7639e8eca5490df1e412e,CP,adult,1.3333333333333333,1
6978d4afc2649c9396f7266c,CP,adult,1.02,0
695bd336ccd5efeb99787297,CP,adult,1.02,1
698b902e1b07434906796778,CP,adult,1.25,1
666ca8f24bc3a8e75b8f6ee2,CP,adult,1.25,1
695bd336ccd5efeb99787297,CP,adult,1.02,0
60e7639e8eca5490df1e412e,CP,adult,1.333334,1
698b902e1b07434906796778,CP,adult,1.5,1
667a7ab2a6179deb78e9dd1a,CP,adult,1.0333333333333334,1
698b902e1b07434906796778,CP,adult,1.0499999999999998,0
60e7639e8eca5490df1e412e,CP,adult,1.5,1
698b902e1b07434906796778,CP,adult,1.025,1
667a7ab2a6179deb78e9dd1a,CP,adult,1.25,0
698b902e1b07434906796778,CP,adult,1.5,1
60e7639e8eca5490df1e412e,CP,adult,1.25,1
6978d4afc2649c9396f7266c,CP,adult,1.25,1
69d8501df44c01f3dd2ebc20,CP,adult,1.5,0
698b902e1b07434906796778,CP,adult,1.25,1
6978d4afc2649c9396f7266c,CP,adult,1.333332857142857,1
610d4df86c4abc6b5ced6fa0,CP,adult,1.033334,0
6978d4afc2649c9396f7266c,CP,adult,1.25,1
69d417a7e7e648dad98e0d3c,CP,adult,1.025,0
6978d4afc2649c9396f7266c,CP,adult,1.02,0
667a7ab2a6179deb78e9dd1a,CP,adult,1.02,0
69d417a7e7e648dad98e0d3c,CP,adult,1.25,1
698b902e1b07434906796778,CP,adult,1.025,0
69d417a7e7e648dad98e0d3c,CP,adult,1.025,1
610d4df86c4abc6b5ced6fa0,CP,adult,1.025,0
69d417a7e7e648dad98e0d3c,CP,adult,1.02,1
698b902e1b07434906796778,CP,adult,1.25,1
610d4df86c4abc6b5ced6fa0,CP,adult,1.0499999999999998,1
60ff9ad556237558de37397c,CP,adult,1.0499999999999998,0
698b902e1b07434906796778,CP,adult,1.033332857142857,0
667a7ab2a6179deb78e9dd1a,CP,adult,1.05,1
69d417a7e7e648dad98e0d3c,CP,adult,1.02,1
60ff9ad556237558de37397c,CP,adult,1.033332857142857,1
667a7ab2a6179deb78e9dd1a,CP,adult,1.5,1
693b2398905c5229e2fb930a,CP,adult,1.02,1
610d4df86c4abc6b5ced6fa0,CP,adult,1.02,0
69d417a7e7e648dad98e0d3c,CP,adult,1.025,0
661a8441949f9133be9a2097,CP,adult,1.05,0
664f99fe99ad74bdbb1adc35,CP,adult,1.333334,1
60ff9ad556237558de37397c,CP,adult,1.0333333333333334,1
667a7ab2a6179deb78e9dd1a,CP,adult,1.5,1
610d4df86c4abc6b5ced6fa0,CP,adult,1.333334,1
667a7ab2a6179deb78e9dd1a,CP,adult,1.02,1
6978d4afc2649c9396f7266c,CP,adult,1.0333333333333334,1
667a7ab2a6179deb78e9dd1a,CP,adult,1.5,1
695bd336ccd5efeb99787297,CP,adult,1.25,1
667a7ab2a6179deb78e9dd1a,CP,adult,1.033332857142857,1
693b2398905c5229e2fb930a,CP,adult,1.025,1
661a8441949f9133be9a2097,CP,adult,1.333332857142857,1
698b902e1b07434906796778,CP,adult,1.02,0
6621a2f38453311275d17d65,CP,adult,1.333334,1
6978d4afc2649c9396f7266c,CP,adult,1.025,1
664f99fe99ad74bdbb1adc35,CP,adult,1.5,1
69bb4a09ee2c6dbc3f264e4b,CP,adult,1.025,1
666ca8f24bc3a8e75b8f6ee2,CP,adult,1.05,0
60ff9ad556237558de37397c,CP,adult,1.025,1
6942cdbe08f75d111bb9713d,CP,adult,1.033334,1
661a8441949f9133be9a2097,CP,adult,1.25,1
6978d4afc2649c9396f7266c,CP,adult,1.05,1
69d417a7e7e648dad98e0d3c,CP,adult,1.033332857142857,0
6978d4afc2649c9396f7266c,CP,adult,1.5,1
695bd336ccd5efeb99787297,CP,adult,1.02,0
610d4df86c4abc6b5ced6fa0,CP,adult,1.033332857142857,1
695bd336ccd5efeb99787297,CP,adult,1.333332857142857,0
69d417a7e7e648dad98e0d3c,CP,adult,1.25,1
610d4df86c4abc6b5ced6fa0,CP,adult,1.5,1
69d417a7e7e648dad98e0d3c,CP,adult,1.0333333333333334,1
69d417a7e7e648dad98e0d3c,CP,adult,1.025,0
698b902e1b07434906796778,CP,adult,1.333332857142857,1
695bd336ccd5efeb99787297,CP,adult,1.25,1
69d417a7e7e648dad98e0d3c,CP,adult,1.25,0
698b902e1b07434906796778,CP,adult,1.033334,1
693b2398905c5229e2fb930a,CP,adult,1.033332857142857,0
69d8501df44c01f3dd2ebc20,CP,adult,1.05,1
610d4df86c4abc6b5ced6fa0,CP,adult,1.333334,1
695bd336ccd5efeb99787297,CP,adult,1.25,1
693b2398905c5229e2fb930a,CP,adult,1.05,0
695bd336ccd5efeb99787297,CP,adult,1.033334,1
666ca8f24bc3a8e75b8f6ee2,CP,adult,1.02,1
60ff9ad556237558de37397c,CP,adult,1.025,1
69d8501df44c01f3dd2ebc20,CP,adult,1.025,1
693b2398905c5229e2fb930a,CP,adult,1.25,1
69d417a7e7e648dad98e0d3c,CP,adult,1.025,0
693b2398905c5229e2fb930a,CP,adult,1.025,1
69d8501df44c01f3dd2ebc20,CP,adult,1.5,1
667a7ab2a6179deb78e9dd1a,CP,adult,1.25,1
69d8501df44c01f3dd2ebc20,CP,adult,1.5,1
666ca8f24bc3a8e75b8f6ee2,CP,adult,1.5,0
69bb4a09ee2c6dbc3f264e4b,CP,adult,1.0499999999999998,1
667a7ab2a6179deb78e9dd1a,CP,adult,1.0333333333333334,0
698b902e1b07434906796778,CP,adult,1.5,1
60ff9ad556237558de37397c,CP,adult,1.05,0
6978d4afc2649c9396f7266c,CP,adult,1.025,0
610d4df86c4abc6b5ced6fa0,CP,adult,1.025,0
698b902e1b07434906796778,CP,adult,1.3333333333333333,1
69d8501df44c01f3dd2ebc20,CP,adult,1.25,1
69bb4a09ee2c6dbc3f264e4b,CP,adult,1.5,1
60ff9ad556237558de37397c,CP,adult,1.033334,0
661a8441949f9133be9a2097,CP,adult,1.05,0
60ff9ad556237558de37397c,CP,adult,1.033334,0
661a8441949f9133be9a2097,CP,adult,1.5,1
60ff9ad556237558de37397c,CP,adult,1.02,0
69d8501df44c01f3dd2ebc20,CP,adult,1.025,1
695bd336ccd5efeb99787297,CP,adult,1.033332857142857,1
664f99fe99ad74bdbb1adc35,CP,adult,1.5,1
698b902e1b07434906796778,CP,adult,1.25,1
610d4df86c4abc6b5ced6fa0,CP,adult,1.25,1
695bd336ccd5efeb99787297,CP,adult,1.5,1
6978d4afc2649c9396f7266c,CP,adult,1.0333333333333334,0
6621a2f38453311275d17d65,CP,adult,1.25,1
69d8501df44c01f3dd2ebc20,CP,adult,1.02,1
69d417a7e7e648dad98e0d3c,CP,adult,1.25,1
661a8441949f9133be9a2097,CP,adult,1.02,1
5e16bce18dffa0c6f76cda9b,CP,adult,1.0333333333333334,1
666ca8f24bc3a8e75b8f6ee2,CP,adult,1.025,1
69d417a7e7e648dad98e0d3c,CP,adult,1.02,0
6978d4afc2649c9396f7266c,CP,adult,1.5,1
698b902e1b07434906796778,CP,adult,1.05,1
661a8441949f9133be9a2097,CP,adult,1.05,1
610d4df86c4abc6b5ced6fa0,CP,adult,1.0499999999999998,0
661a8441949f9133be9a2097,CP,adult,1.25,0
666ca8f24bc3a8e75b8f6ee2,CP,adult,1.3333333333333333,1
610d4df86c4abc6b5ced6fa0,CP,adult,1.0499999999999998,0
6978d4afc2649c9396f7266c,CP,adult,1.3333333333333333,1
698b902e1b07434906796778,CP,adult,1.333332857142857,1
69d8501df44c01f3dd2ebc20,CP,adult,1.333332857142857,1
69d417a7e7e648dad98e0d3c,CP,adult,1.5,1
6978d4afc2649c9396f7266c,CP,adult,1.033332857142857,0
661a8441949f9133be9a2097,CP,adult,1.0333333333333334,1
6978d4afc2649c9396f7266c,CP,adult,1.02,1
69d417a7e7e648dad98e0d3c,CP,adult,1.3333333333333333,1
698b902e1b07434906796778,CP,adult,1.033332857142857,1
695bd336ccd5efeb99787297,CP,adult,1.5,1
69d417a7e7e648dad98e0d3c,CP,adult,1.033332857142857,0
60ff9ad556237558de37397c,CP,adult,1.025,1
610d4df86c4abc6b5ced6fa0,CP,adult,1.25,1
69bb4a09ee2c6dbc3f264e4b,CP,adult,1.033334,0
695bd336ccd5efeb99787297,CP,adult,1.333334,0
698b902e1b07434906796778,CP,adult,1.025,0
60ff9ad556237558de37397c,CP,adult,1.025,1
664f99fe99ad74bdbb1adc35,CP,adult,1.025,0
695bd336ccd5efeb99787297,CP,adult,1.025,0
693b2398905c5229e2fb930a,CP,adult,1.25,1
695bd336ccd5efeb99787297,CP,adult,1.025,1
664f99fe99ad74bdbb1adc35,CP,adult,1.0499999999999998,1
60ff9ad556237558de37397c,CP,adult,1.033332857142857,0
664f99fe99ad74bdbb1adc35,CP,adult,1.5,1
6621a2f38453311275d17d65,CP,adult,1.05,1
664f99fe99ad74bdbb1adc35,CP,adult,1.5,1
6978d4afc2649c9396f7266c,CP,adult,1.333334,1
664f99fe99ad74bdbb1adc35,CP,adult,1.5,1
6942cdbe08f75d111bb9713d,CP,adult,1.02,1
664f99fe99ad74bdbb1adc35,CP,adult,1.025,0
60ff9ad556237558de37397c,CP,adult,1.033332857142857,1
661a8441949f9133be9a2097,CP,adult,1.3333333333333333,1
695bd336ccd5efeb99787297,CP,adult,1.5,1
6621a2f38453311275d17d65,CP,adult,1.0333333333333334,1
698b902e1b07434906796778,CP,adult,1.05,0
667a7ab2a6179deb78e9dd1a,CP,adult,1.25,1
693b2398905c5229e2fb930a,CP,adult,1.033332857142857,1
69bb4a09ee2c6dbc3f264e4b,CP,adult,1.5,1
5e16bce18dffa0c6f76cda9b,CP,adult,1.5,0
60e7639e8eca5490df1e412e,CP,adult,1.05,1
667a7ab2a6179deb78e9dd1a,CP,adult,1.333332857142857,0
69d417a7e7e648dad98e0d3c,CP,adult,1.5,1
6978d4afc2649c9396f7266c,CP,adult,1.5,1
661a8441949f9133be9a2097,CP,adult,1.25,1
698b902e1b07434906796778,CP,adult,1.333332857142857,1
661a8441949f9133be9a2097,CP,adult,1.033334,0
667a7ab2a6179deb78e9dd1a,CP,adult,1.025,1
695bd336ccd5efeb99787297,CP,adult,1.25,1
69d8501df44c01f3dd2ebc20,CP,adult,1.0499999999999998,1
698b902e1b07434906796778,CP,adult,1.5,1
695bd336ccd5efeb99787297,CP,adult,1.025,0
69d8501df44c01f3dd2ebc20,CP,adult,1.0333333333333334,1
661a8441949f9133be9a2097,CP,adult,1.25,0
69d8501df44c01f3dd2ebc20,CP,adult,1.25,1
695bd336ccd5efeb99787297,CP,adult,1.3333333333333333,1
667a7ab2a6179deb78e9dd1a,CP,adult,1.25,1
661a8441949f9133be9a2097,CP,adult,1.025,1
667a7ab2a6179deb78e9dd1a,CP,adult,1.333334,1
60ff9ad556237558de37397c,CP,adult,1.02,1
693b2398905c5229e2fb930a,CP,adult,1.0333333333333334,1
695bd336ccd5efeb99787297,CP,adult,1.025,1
610d4df86c4abc6b5ced6fa0,CP,adult,1.5,1
69d8501df44c01f3dd2ebc20,CP,adult,1.025,0
610d4df86c4abc6b5ced6fa0,CP,adult,1.025,1
69bb4a09ee2c6dbc3f264e4b,CP,adult,1.025,0
693b2398905c5229e2fb930a,CP,adult,1.05,1
661a8441949f9133be9a2097,CP,adult,1.0333333333333334,0
610d4df86c4abc6b5ced6fa0,CP,adult,1.025,1
69d417a7e7e648dad98e0d3c,CP,adult,1.033334,1
693b2398905c5229e2fb930a,CP,adult,1.3333333333333333,1
6942cdbe08f75d111bb9713d,CP,adult,1.5,1
667a7ab2a6179deb78e9dd1a,CP,adult,1.25,0
69d8501df44c01f3dd2ebc20,CP,adult,1.25,1
661a8441949f9133be9a2097,CP,adult,1.025,1
6978d4afc2649c9396f7266c,CP,adult,1.033332857142857,1
695bd336ccd5efeb99787297,CP,adult,1.3333333333333333,1
698b902e1b07434906796778,CP,adult,1.02,0
69d8501df44c01f3dd2ebc20,CP,adult,1.02,1
610d4df86c4abc6b5ced6fa0,CP,adult,1.333332857142857,1
6621a2f38453311275d17d65,CP,adult,1.025,1
610d4df86c4abc6b5ced6fa0,CP,adult,1.333332857142857,1
695bd336ccd5efeb99787297,CP,adult,1.025,1
6978d4afc2649c9396f7266c,CP,adult,1.05,0
69bb4a09ee2c6dbc3f264e4b,CP,adult,1.25,0
610d4df86c4abc6b5ced6fa0,CP,adult,1.5,1
60ff9ad556237558de37397c,CP,adult,1.025,0
667a7ab2a6179deb78e9dd1a,CP,adult,1.025,1
60ff9ad556237558de37397c,CP,adult,1.025,0
6942cdbe08f75d111bb9713d,CP,adult,1.05,0
698b902e1b07434906796778,CP,adult,1.05,0
610d4df86c4abc6b5ced6fa0,CP,adult,1.02,1
695bd336ccd5efeb99787297,CP,adult,1.5,1
610d4df86c4abc6b5ced6fa0,CP,adult,1.033334,1
695bd336ccd5efeb99787297,CP,adult,1.02,1
661a8441949f9133be9a2097,CP,adult,1.033334,0
5e16bce18dffa0c6f76cda9b,CP,adult,1.5,1
667a7ab2a6179deb78e9dd1a,CP,adult,1.333334,1
610d4df86c4abc6b5ced6fa0,CP,adult,1.5,1
60e7639e8eca5490df1e412e,CP,adult,1.05,1
666ca8f24bc3a8e75b8f6ee2,CP,adult,1.02,0
6978d4afc2649c9396f7266c,CP,adult,1.0499999999999998,1
661a8441949f9133be9a2097,CP,adult,1.0333333333333334,0
667a7ab2a6179deb78e9dd1a,CP,adult,1.25,1
69d417a7e7e648dad98e0d3c,CP,adult,1.05,1
667a7ab2a6179deb78e9dd1a,CP,adult,1.5,1
695bd336ccd5efeb99787297,CP,adult,1.025,0
610d4df86c4abc6b5ced6fa0,CP,adult,1.025,1
69d417a7e7e648dad98e0d3c,CP,adult,1.5,1
695bd336ccd5efeb99787297,CP,adult,1.025,0
6978d4afc2649c9396f7266c,CP,adult,1.02,0
698b902e1b07434906796778,CP,adult,1.02,1
69d8501df44c01f3dd2ebc20,CP,adult,1.05,1
610d4df86c4abc6b5ced6fa0,CP,adult,1.02,1
69d417a7e7e648dad98e0d3c,CP,adult,1.5,1
698b902e1b07434906796778,CP,adult,1.033334,0
661a8441949f9133be9a2097,CP,adult,1.02,0
6978d4afc2649c9396f7266c,CP,adult,1.333334,1
60ff9ad556237558de37397c,CP,adult,1.02,0
6978d4afc2649c9396f7266c,CP,adult,1.025,0
661a8441949f9133be9a2097,CP,adult,1.0333333333333334,0
6978d4afc2649c9396f7266c,CP,adult,1.02,1
698b902e1b07434906796778,CP,adult,1.5,1
60ff9ad556237558de37397c,CP,adult,1.02,1
661a8441949f9133be9a2097,CP,adult,1.02,0
69d8501df44c01f3dd2ebc20,CP,adult,1.033334,1
69bb4a09ee2c6dbc3f264e4b,CP,adult,1.25,1
69d417a7e7e648dad98e0d3c,CP,adult,1.033332857142857,0
6621a2f38453311275d17d65,CP,adult,1.025,0
69bb4a09ee2c6dbc3f264e4b,CP,adult,1.0333333333333334,1
693b2398905c5229e2fb930a,CP,adult,1.02,0
6942cdbe08f75d111bb9713d,CP,adult,1.5,1
610d4df86c4abc6b5ced6fa0,CP,adult,1.25,1
698b902e1b07434906796778,CP,adult,1.025,0
69bb4a09ee2c6dbc3f264e4b,CP,adult,1.3333333333333333,1
698b902e1b07434906796778,CP,adult,1.5,1
6621a2f38453311275d17d65,CP,adult,1.5,1
610d4df86c4abc6b5ced6fa0,CP,adult,1.25,1
667a7ab2a6179deb78e9dd1a,CP,adult,1.25,1
693b2398905c5229e2fb930a,CP,adult,1.0333333333333334,1
6942cdbe08f75d111bb9713d,CP,adult,1.0499999999999998,1
693b2398905c5229e2fb930a,CP,adult,1.333334,1
661a8441949f9133be9a2097,CP,adult,1.5,1
610d4df86c4abc6b5ced6fa0,CP,adult,1.333334,1
695bd336ccd5efeb99787297,CP,adult,1.033332857142857,1
6978d4afc2649c9396f7266c,CP,adult,1.5,1
667a7ab2a6179deb78e9dd1a,CP,adult,1.5,1
610d4df86c4abc6b5ced6fa0,CP,adult,1.0499999999999998,1
60e7639e8eca5490df1e412e,CP,adult,1.25,1
69d417a7e7e648dad98e0d3c,CP,adult,1.5,1
667a7ab2a6179deb78e9dd1a,CP,adult,1.5,1
695bd336ccd5efeb99787297,CP,adult,1.05,0
69d417a7e7e648dad98e0d3c,CP,adult,1.25,1
667a7ab2a6179deb78e9dd1a,CP,adult,1.02,0
695bd336ccd5efeb99787297,CP,adult,1.25,1
69d8501df44c01f3dd2ebc20,CP,adult,1.05,0
667a7ab2a6179deb78e9dd1a,CP,adult,1.0333333333333334,0
610d4df86c4abc6b5ced6fa0,CP,adult,1.02,0
698b902e1b07434906796778,CP,adult,1.025,0
661a8441949f9133be9a2097,CP,adult,1.5,1
6978d4afc2649c9396f7266c,CP,adult,1.05,1
667a7ab2a6179deb78e9dd1a,CP,adult,1.025,0
661a8441949f9133be9a2097,CP,adult,1.025,1
693b2398905c5229e2fb930a,CP,adult,1.0499999999999998,0
60ff9ad556237558de37397c,CP,adult,1.0499999999999998,0
661a8441949f9133be9a2097,CP,adult,1.02,1
667a7ab2a6179deb78e9dd1a,CP,adult,1.02,1
695bd336ccd5efeb99787297,CP,adult,1.033332857142857,1
667a7ab2a6179deb78e9dd1a,CP,adult,1.05,1
667a7ab2a6179deb78e9dd1a,CP,adult,1.5,1
661a8441949f9133be9a2097,CP,adult,1.05,0
695bd336ccd5efeb99787297,CP,adult,1.3333333333333333,1
698b902e1b07434906796778,CP,adult,1.025,1
695bd336ccd5efeb99787297,CP,adult,1.25,1
69d417a7e7e648dad98e0d3c,CP,adult,1.02,1
6978d4afc2649c9396f7266c,CP,adult,1.25,1
695bd336ccd5efeb99787297,CP,adult,1.02,1
6978d4afc2649c9396f7266c,CP,adult,1.25,1
610d4df86c4abc6b5ced6fa0,CP,adult,1.0499999999999998,1
698b902e1b07434906796778,CP,adult,1.033332857142857,1
666ca8f24bc3a8e75b8f6ee2,CP,adult,1.3333333333333333,0
6942cdbe08f75d111bb9713d,CP,adult,1.0499999999999998,1
6621a2f38453311275d17d65,CP,adult,1.25,1
661a8441949f9133be9a2097,CP,adult,1.025,1
695bd336ccd5efeb99787297,CP,adult,1.5,1
693b2398905c5229e2fb930a,CP,adult,1.025,0
6942cdbe08f75d111bb9713d,CP,adult,1.0499999999999998,0
69d8501df44c01f3dd2ebc20,CP,adult,1.5,1
666ca8f24bc3a8e75b8f6ee2,CP,adult,1.05,1
667a7ab2a6179deb78e9dd1a,CP,adult,1.02,1
6942cdbe08f75d111bb9713d,CP,adult,1.25,1
69d8501df44c01f3dd2ebc20,CP,adult,1.25,1
69d8501df44c01f3dd2ebc20,CP,adult,1.05,1
664f99fe99ad74bdbb1adc35,CP,adult,1.5,1
667a7ab2a6179deb78e9dd1a,CP,adult,1.333332857142857,1
664f99fe99ad74bdbb1adc35,CP,adult,1.033334,0
6621a2f38453311275d17d65,CP,adult,1.02,1
695bd336ccd5efeb99787297,CP,adult,1.5,0
6621a2f38453311275d17d65,CP,adult,1.0333333333333334,0
60ff9ad556237558de37397c,CP,adult,1.02,0
698b902e1b07434906796778,CP,adult,1.05,0
6942cdbe08f75d111bb9713d,CP,adult,1.333332857142857,1
698b902e1b07434906796778,CP,adult,1.25,1
693b2398905c5229e2fb930a,CP,adult,1.0499999999999998,1
664f99fe99ad74bdbb1adc35,CP,adult,1.033334,1
69d8501df44c01f3dd2ebc20,CP,adult,1.25,1
6621a2f38453311275d17d65,CP,adult,1.02,0
69bb4a09ee2c6dbc3f264e4b,CP,adult,1.02,1
610d4df86c4abc6b5ced6fa0,CP,adult,1.25,1
693b2398905c5229e2fb930a,CP,adult,1.0499999999999998,1
610d4df86c4abc6b5ced6fa0,CP,adult,1.5,1
69d8501df44c01f3dd2ebc20,CP,adult,1.3333333333333333,1
667a7ab2a6179deb78e9dd1a,CP,adult,1.333334,1
69bb4a09ee2c6dbc3f264e4b,CP,adult,1.02,0
60ff9ad556237558de37397c,CP,adult,1.025,0
664f99fe99ad74bdbb1adc35,CP,adult,1.0499999999999998,1
695bd336ccd5efeb99787297,CP,adult,1.333334,1
664f99fe99ad74bdbb1adc35,CP,adult,1.02,0
69866ab58c3d41549288290a,CP,adult,1.05,1
69d8501df44c01f3dd2ebc20,CP,adult,1.25,1
6942cdbe08f75d111bb9713d,CP,adult,1.5,1
60ff9ad556237558de37397c,CP,adult,1.02,1
667a7ab2a6179deb78e9dd1a,CP,adult,1.0333333333333334,1
69d50e21f6129f7c5ddc63ef,CP,adult,1.25,1
666ca8f24bc3a8e75b8f6ee2,CP,adult,1.5,0
698b902e1b07434906796778,CP,adult,1.333334,1
664f99fe99ad74bdbb1adc35,CP,adult,1.5,1
698b902e1b07434906796778,CP,adult,1.3333333333333333,1
6942cdbe08f75d111bb9713d,CP,adult,1.05,1
698b902e1b07434906796778,CP,adult,1.25,1
69d50e21f6129f7c5ddc63ef,CP,adult,1.333332857142857,1
60bbba1662529ae59d1c55cf,CP,adult,1.25,1
693b2398905c5229e2fb930a,CP,adult,1.333332857142857,1
664f99fe99ad74bdbb1adc35,CP,adult,1.5,1
6621a2f38453311275d17d65,CP,adult,1.25,1
664f99fe99ad74bdbb1adc35,CP,adult,1.033332857142857,0
667a7ab2a6179deb78e9dd1a,CP,adult,1.02,1
693b2398905c5229e2fb930a,CP,adult,1.025,0
610d4df86c4abc6b5ced6fa0,CP,adult,1.033332857142857,1
69866ab58c3d41549288290a,CP,adult,1.02,1
664f99fe99ad74bdbb1adc35,CP,adult,1.25,1
610d4df86c4abc6b5ced6fa0,CP,adult,1.3333333333333333,1
610d4df86c4abc6b5ced6fa0,CP,adult,1.02,1
698b902e1b07434906796778,CP,adult,1.025,0
610d4df86c4abc6b5ced6fa0,CP,adult,1.333334,1
693b2398905c5229e2fb930a,CP,adult,1.0333333333333334,0
6151e69a392433707e7a9dfb,CP,adult,1.5,1
6621a2f38453311275d17d65,CP,adult,1.5,1
693b2398905c5229e2fb930a,CP,adult,1.5,1
60ff9ad556237558de37397c,CP,adult,1.0333333333333334,0
6942cdbe08f75d111bb9713d,CP,adult,1.25,1
6978d4afc2649c9396f7266c,CP,adult,1.5,1
666ca8f24bc3a8e75b8f6ee2,CP,adult,1.033332857142857,0
69bb4a09ee2c6dbc3f264e4b,CP,adult,1.033334,1
695bd336ccd5efeb99787297,CP,adult,1.05,1
6978d4afc2649c9396f7266c,CP,adult,1.5,1
667a7ab2a6179deb78e9dd1a,CP,adult,1.3333333333333333,1
698b902e1b07434906796778,CP,adult,1.05,1
69866ab58c3d41549288290a,CP,adult,1.02,0
693b2398905c5229e2fb930a,CP,adult,1.05,1
6978d4afc2649c9396f7266c,CP,adult,1.333332857142857,1
664f99fe99ad74bdbb1adc35,CP,adult,1.333332857142857,1
60ff9ad556237558de37397c,CP,adult,1.025,0
698b902e1b07434906796778,CP,adult,1.025,0
6621a2f38453311275d17d65,CP,adult,1.333334,1
695bd336ccd5efeb99787297,CP,adult,1.033332857142857,0
6942cdbe08f75d111bb9713d,CP,adult,1.0333333333333334,1
698b902e1b07434906796778,CP,adult,1.02,1
6942cdbe08f75d111bb9713d,CP,adult,1.25,0
698b902e1b07434906796778,CP,adult,1.02,0
6942cdbe08f75d111bb9713d,CP,adult,1.5,1
698b902e1b07434906796778,CP,adult,1.0499999999999998,1
610d4df86c4abc6b5ced6fa0,CP,adult,1.05,1
69bb4a09ee2c6dbc3f264e4b,CP,adult,1.333334,1
60ff9ad556237558de37397c,CP,adult,1.02,1
69866ab58c3d41549288290a,CP,adult,1.05,1
667a7ab2a6179deb78e9dd1a,CP,adult,1.25,0
60ff9ad556237558de37397c,CP,adult,1.25,1
664f99fe99ad74bdbb1adc35,CP,adult,1.25,0
666ca8f24bc3a8e75b8f6ee2,CP,adult,1.0499999999999998,0
6621a2f38453311275d17d65,CP,adult,1.5,1
610d4df86c4abc6b5ced6fa0,CP,adult,1.25,1
6621a2f38453311275d17d65,CP,adult,1.033332857142857,1
667a7ab2a6179deb78e9dd1a,CP,adult,1.05,1
693b2398905c5229e2fb930a,CP,adult,1.5,1
6942cdbe08f75d111bb9713d,CP,adult,1.3333333333333333,0
610d4df86c4abc6b5ced6fa0,CP,adult,1.02,0
6942cdbe08f75d111bb9713d,CP,adult,1.3333333333333333,1
60bbba1662529ae59d1c55cf,CP,adult,1.5,1
69d50e21f6129f7c5ddc63ef,CP,adult,1.25,1
6942cdbe08f75d111bb9713d,CP,adult,1.25,1
60ff9ad556237558de37397c,CP,adult,1.05,0
69bb4a09ee2c6dbc3f264e4b,CP,adult,1.3333333333333333,1
695bd336ccd5efeb99787297,CP,adult,1.0499999999999998,0
6621a2f38453311275d17d65,CP,adult,1.25,1
60ff9ad556237558de37397c,CP,adult,1.5,1
6942cdbe08f75d111bb9713d,CP,adult,1.0333333333333334,1
610d4df86c4abc6b5ced6fa0,CP,adult,1.0333333333333334,1
695bd336ccd5efeb99787297,CP,adult,1.5,1
610d4df86c4abc6b5ced6fa0,CP,adult,1.02,1
69bb4a09ee2c6dbc3f264e4b,CP,adult,1.05,1
610d4df86c4abc6b5ced6fa0,CP,adult,1.02,0
695bd336ccd5efeb99787297,CP,adult,1.25,1
610d4df86c4abc6b5ced6fa0,CP,adult,1.5,1
60ff9ad556237558de37397c,CP,adult,1.05,1
664f99fe99ad74bdbb1adc35,CP,adult,1.25,1
6621a2f38453311275d17d65,CP,adult,1.05,1
610d4df86c4abc6b5ced6fa0,CP,adult,1.25,1
667a7ab2a6179deb78e9dd1a,CP,adult,1.333334,1
698b902e1b07434906796778,CP,adult,1.0333333333333334,0
60ff9ad556237558de37397c,CP,adult,1.025,1
69d8501df44c01f3dd2ebc20,CP,adult,1.333332857142857,1
664f99fe99ad74bdbb1adc35,CP,adult,1.333334,1
693b2398905c5229e2fb930a,CP,adult,1.5,1
6978d4afc2649c9396f7266c,CP,adult,1.033332857142857,1
69d8501df44c01f3dd2ebc20,CP,adult,1.0499999999999998,0
695bd336ccd5efeb99787297,CP,adult,1.25,1
60ff9ad556237558de37397c,CP,adult,1.02,0
610d4df86c4abc6b5ced6fa0,CP,adult,1.02,1
667a7ab2a6179deb78e9dd1a,CP,adult,1.0499999999999998,0
693b2398905c5229e2fb930a,CP,adult,1.5,1
60ff9ad556237558de37397c,CP,adult,1.0499999999999998,1
693b2398905c5229e2fb930a,CP,adult,1.25,1
6621a2f38453311275d17d65,CP,adult,1.0333333333333334,0
664f99fe99ad74bdbb1adc35,CP,adult,1.0333333333333334,0
664f99fe99ad74bdbb1adc35,CP,adult,1.25,1
60ff9ad556237558de37397c,CP,adult,1.25,1
695bd336ccd5efeb99787297,CP,adult,1.25,0
693b2398905c5229e2fb930a,CP,adult,1.025,0
60ff9ad556237558de37397c,CP,adult,1.333332857142857,1
695bd336ccd5efeb99787297,CP,adult,1.033332857142857,0
664f99fe99ad74bdbb1adc35,CP,adult,1.05,1
695bd336ccd5efeb99787297,CP,adult,1.3333333333333333,1
610d4df86c4abc6b5ced6fa0,CP,adult,1.25,1
69bb4a09ee2c6dbc3f264e4b,CP,adult,1.025,1
69866ab58c3d41549288290a,CP,adult,1.033332857142857,1
69d50e21f6129f7c5ddc63ef,CP,adult,1.0499999999999998,1
60ff9ad556237558de37397c,CP,adult,1.5,1
69866ab58c3d41549288290a,CP,adult,1.025,0
664f99fe99ad74bdbb1adc35,CP,adult,1.5,1
695bd336ccd5efeb99787297,CP,adult,1.5,1
60bbba1662529ae59d1c55cf,CP,adult,1.0499999999999998,1
6942cdbe08f75d111bb9713d,CP,adult,1.02,0
664f99fe99ad74bdbb1adc35,CP,adult,1.033334,1
69866ab58c3d41549288290a,CP,adult,1.025,0
693b2398905c5229e2fb930a,CP,adult,1.3333333333333333,1
664f99fe99ad74bdbb1adc35,CP,adult,1.02,0
698b902e1b07434906796778,CP,adult,1.25,0
610d4df86c4abc6b5ced6fa0,CP,adult,1.025,0
667a7ab2a6179deb78e9dd1a,CP,adult,1.033334,0
60ff9ad556237558de37397c,CP,adult,1.25,1
667a7ab2a6179deb78e9dd1a,CP,adult,1.333334,1
664f99fe99ad74bdbb1adc35,CP,adult,1.333334,1
664f99fe99ad74bdbb1adc35,CP,adult,1.02,1
693b2398905c5229e2fb930a,CP,adult,1.02,0
610d4df86c4abc6b5ced6fa0,CP,adult,1.0499999999999998,1
60ff9ad556237558de37397c,CP,adult,1.02,1
60ff9ad556237558de37397c,CP,adult,1.025,1
664f99fe99ad74bdbb1adc35,CP,adult,1.033332857142857,1
667a7ab2a6179deb78e9dd1a,CP,adult,1.025,1
698b902e1b07434906796778,CP,adult,1.033332857142857,0
6978d4afc2649c9396f7266c,CP,adult,1.5,1
69bb4a09ee2c6dbc3f264e4b,CP,adult,1.033334,1
60ff9ad556237558de37397c,CP,adult,1.033332857142857,1
610d4df86c4abc6b5ced6fa0,CP,adult,1.25,1
69866ab58c3d41549288290a,CP,adult,1.033334,0
610d4df86c4abc6b5ced6fa0,CP,adult,1.333334,1
69d8501df44c01f3dd2ebc20,CP,adult,1.025,1
60ff9ad556237558de37397c,CP,adult,1.0333333333333334,0
610d4df86c4abc6b5ced6fa0,CP,adult,1.0499999999999998,0
6621a2f38453311275d17d65,CP,adult,1.0333333333333334,1
664f99fe99ad74bdbb1adc35,CP,adult,1.25,1
69866ab58c3d41549288290a,CP,adult,1.0333333333333334,0
610d4df86c4abc6b5ced6fa0,CP,adult,1.05,1
6621a2f38453311275d17d65,CP,adult,1.02,0
693b2398905c5229e2fb930a,CP,adult,1.02,1
69bb4a09ee2c6dbc3f264e4b,CP,adult,1.5,1
610d4df86c4abc6b5ced6fa0,CP,adult,1.5,1
69bb4a09ee2c6dbc3f264e4b,CP,adult,1.02,0
667a7ab2a6179deb78e9dd1a,CP,adult,1.02,1
693b2398905c5229e2fb930a,CP,adult,1.3333333333333333,1
69866ab58c3d41549288290a,CP,adult,1.0333333333333334,1
667a7ab2a6179deb78e9dd1a,CP,adult,1.5,1
69bb4a09ee2c6dbc3f264e4b,CP,adult,1.05,1
60ff9ad556237558de37397c,CP,adult,1.0333333333333334,0
695bd336ccd5efeb99787297,CP,adult,1.333332857142857,0
60ff9ad556237558de37397c,CP,adult,1.333332857142857,0
6621a2f38453311275d17d65,CP,adult,1.05,0
664f99fe99ad74bdbb1adc35,CP,adult,1.025,0
69bb4a09ee2c6dbc3f264e4b,CP,adult,1.25,1
693b2398905c5229e2fb930a,CP,adult,1.5,1
6621a2f38453311275d17d65,CP,adult,1.05,0
666ca8f24bc3a8e75b8f6ee2,CP,adult,1.05,1
69d50e21f6129f7c5ddc63ef,CP,adult,1.0499999999999998,0
60ff9ad556237558de37397c,CP,adult,1.3333333333333333,0
6942cdbe08f75d111bb9713d,CP,adult,1.0499999999999998,1
69d50e21f6129f7c5ddc63ef,CP,adult,1.25,1
69bb4a09ee2c6dbc3f264e4b,CP,adult,1.05,1
60bbba1662529ae59d1c55cf,CP,adult,1.0333333333333334,1
69866ab58c3d41549288290a,CP,adult,1.033332857142857,1
667a7ab2a6179deb78e9dd1a,CP,adult,1.5,1
667a7ab2a6179deb78e9dd1a,CP,adult,1.5,1
69866ab58c3d41549288290a,CP,adult,1.025,1
664f99fe99ad74bdbb1adc35,CP,adult,1.033334,0
698b902e1b07434906796778,CP,adult,1.02,1
69d8501df44c01f3dd2ebc20,CP,adult,1.5,1
698b902e1b07434906796778,CP,adult,1.025,1
6942cdbe08f75d111bb9713d,CP,adult,1.333334,1
69d8501df44c01f3dd2ebc20,CP,adult,1.25,1
6621a2f38453311275d17d65,CP,adult,1.05,1
69866ab58c3d41549288290a,CP,adult,1.02,0
69d8501df44c01f3dd2ebc20,CP,adult,1.333334,1
695bd336ccd5efeb99787297,CP,adult,1.025,1
666ca8f24bc3a8e75b8f6ee2,CP,adult,1.025,1
695bd336ccd5efeb99787297,CP,adult,1.05,1
6942cdbe08f75d111bb9713d,CP,adult,1.05,0
695bd336ccd5efeb99787297,CP,adult,1.033332857142857,0
6621a2f38453311275d17d65,CP,adult,1.033334,1
667a7ab2a6179deb78e9dd1a,CP,adult,1.033334,1
6942cdbe08f75d111bb9713d,CP,adult,1.3333333333333333,1
666ca8f24bc3a8e75b8f6ee2,CP,adult,1.025,1
698b902e1b07434906796778,CP,adult,1.333334,1
6621a2f38453311275d17d65,CP,adult,1.5,1
667a7ab2a6179deb78e9dd1a,CP,adult,1.0333333333333334,1
6621a2f38453311275d17d65,CP,adult,1.5,1
69bb4a09ee2c6dbc3f264e4b,CP,adult,1.02,1
6621a2f38453311275d17d65,CP,adult,1.5,1
667a7ab2a6179deb78e9dd1a,CP,adult,1.025,1
698b902e1b07434906796778,CP,adult,1.05,1
695bd336ccd5efeb99787297,CP,adult,1.05,1
693b2398905c5229e2fb930a,CP,adult,1.5,1
6942cdbe08f75d111bb9713d,CP,adult,1.25,1
610d4df86c4abc6b5ced6fa0,CP,adult,1.0333333333333334,0
6621a2f38453311275d17d65,CP,adult,1.02,0
6621a2f38453311275d17d65,CP,adult,1.025,1
698b902e1b07434906796778,CP,adult,1.25,1
6942cdbe08f75d111bb9713d,CP,adult,1.5,1
698b902e1b07434906796778,CP,adult,1.333334,1
60bbba1662529ae59d1c55cf,CP,adult,1.025,1
698b902e1b07434906796778,CP,adult,1.033332857142857,0
695bd336ccd5efeb99787297,CP,adult,1.5,1
6621a2f38453311275d17d65,CP,adult,1.02,0
60ff9ad556237558de37397c,CP,adult,1.0499999999999998,1
610d4df86c4abc6b5ced6fa0,CP,adult,1.025,1
693b2398905c5229e2fb930a,CP,adult,1.25,1
695bd336ccd5efeb99787297,CP,adult,1.333334,0
693b2398905c5229e2fb930a,CP,adult,1.25,1
60bbba1662529ae59d1c55cf,CP,adult,1.02,0
664f99fe99ad74bdbb1adc35,CP,adult,1.25,1
6942cdbe08f75d111bb9713d,CP,adult,1.02,1
60ff9ad556237558de37397c,CP,adult,1.5,1
6942cdbe08f75d111bb9713d,CP,adult,1.5,1
69bb4a09ee2c6dbc3f264e4b,CP,adult,1.25,1
698b902e1b07434906796778,CP,adult,1.25,1
69d50e21f6129f7c5ddc63ef,CP,adult,1.05,1
6151e69a392433707e7a9dfb,CP,adult,1.02,1
693b2398905c5229e2fb930a,CP,adult,1.025,1
60ff9ad556237558de37397c,CP,adult,1.02,1
693b2398905c5229e2fb930a,CP,adult,1.5,1
667a7ab2a6179deb78e9dd1a,CP,adult,1.02,1
6978d4afc2649c9396f7266c,CP,adult,1.0499999999999998,1
667a7ab2a6179deb78e9dd1a,CP,adult,1.05,0
69bb4a09ee2c6dbc3f264e4b,CP,adult,1.025,0
6942cdbe08f75d111bb9713d,CP,adult,1.025,0
6978d4afc2649c9396f7266c,CP,adult,1.05,1
610d4df86c4abc6b5ced6fa0,CP,adult,1.25,1
69866ab58c3d41549288290a,CP,adult,1.02,1
6942cdbe08f75d111bb9713d,CP,adult,1.25,1
695bd336ccd5efeb99787297,CP,adult,1.25,0
69866ab58c3d41549288290a,CP,adult,1.02,0
664f99fe99ad74bdbb1adc35,CP,adult,1.025,1
693b2398905c5229e2fb930a,CP,adult,1.333332857142857,1
693b2398905c5229e2fb930a,CP,adult,1.333332857142857,1
666ca8f24bc3a8e75b8f6ee2,CP,adult,1.25,0
695bd336ccd5efeb99787297,CP,adult,1.02,1
664f99fe99ad74bdbb1adc35,CP,adult,1.025,1
695bd336ccd5efeb99787297,CP,adult,1.5,1
667a7ab2a6179deb78e9dd1a,CP,adult,1.033332857142857,1
6942cdbe08f75d111bb9713d,CP,adult,1.033332857142857,1
698b902e1b07434906796778,CP,adult,1.5,1
667a7ab2a6179deb78e9dd1a,CP,adult,1.025,0
695bd336ccd5efeb99787297,CP,adult,1.033334,1
6942cdbe08f75d111bb9713d,CP,adult,1.5,1
69d50e21f6129f7c5ddc63ef,CP,adult,1.025,1
695bd336ccd5efeb99787297,CP,adult,1.05,1
610d4df86c4abc6b5ced6fa0,CP,adult,1.02,1
69bb4a09ee2c6dbc3f264e4b,CP,adult,1.02,0
6942cdbe08f75d111bb9713d,CP,adult,1.033332857142857,0
60ff9ad556237558de37397c,CP,adult,1.25,0
69d50e21f6129f7c5ddc63ef,CP,adult,1.02,1
666ca8f24bc3a8e75b8f6ee2,CP,adult,1.25,1
69bb4a09ee2c6dbc3f264e4b,CP,adult,1.02,0
698b902e1b07434906796778,CP,adult,1.0333333333333334,1
695bd336ccd5efeb99787297,CP,adult,1.05,0
698b902e1b07434906796778,CP,adult,1.02,0
698b902e1b07434906796778,CP,adult,1.333334,0
6621a2f38453311275d17d65,CP,adult,1.0499999999999998,1
698b902e1b07434906796778,CP,adult,1.05,1
6621a2f38453311275d17d65,CP,adult,1.25,1
60ff9ad556237558de37397c,CP,adult,1.3333333333333333,1
6621a2f38453311275d17d65,CP,adult,1.033334,0
69d50e21f6129f7c5ddc63ef,CP,adult,1.5,1
666ca8f24bc3a8e75b8f6ee2,CP,adult,1.3333333333333333,0
664f99fe99ad74bdbb1adc35,CP,adult,1.05,1
60bbba1662529ae59d1c55cf,CP,adult,1.333332857142857,1
667a7ab2a6179deb78e9dd1a,CP,adult,1.05,0
667a7ab2a6179deb78e9dd1a,CP,adult,1.025,0
698b902e1b07434906796778,CP,adult,1.5,1
667a7ab2a6179deb78e9dd1a,CP,adult,1.0499999999999998,1
610d4df86c4abc6b5ced6fa0,CP,adult,1.0333333333333334,1
6621a2f38453311275d17d65,CP,adult,1.02,0
664f99fe99ad74bdbb1adc35,CP,adult,1.025,1
6621a2f38453311275d17d65,CP,adult,1.5,1
60ff9ad556237558de37397c,CP,adult,1.25,1
6151e69a392433707e7a9dfb,CP,adult,1.025,0
693b2398905c5229e2fb930a,CP,adult,1.5,1
6151e69a392433707e7a9dfb,CP,adult,1.05,0
693b2398905c5229e2fb930a,CP,adult,1.333332857142857,1
6151e69a392433707e7a9dfb,CP,adult,1.0499999999999998,1
69bb4a09ee2c6dbc3f264e4b,CP,adult,1.333332857142857,1
69d50e21f6129f7c5ddc63ef,CP,adult,1.033332857142857,1
69866ab58c3d41549288290a,CP,adult,1.025,1
6621a2f38453311275d17d65,CP,adult,1.5,1
693b2398905c5229e2fb930a,CP,adult,1.05,1
6151e69a392433707e7a9dfb,CP,adult,1.0499999999999998,0
69bb4a09ee2c6dbc3f264e4b,CP,adult,1.033334,0
693b2398905c5229e2fb930a,CP,adult,1.25,1
6942cdbe08f75d111bb9713d,CP,adult,1.5,1
69bb4a09ee2c6dbc3f264e4b,CP,adult,1.025,0
6606cb0cf43ba898ccdc6e78,CP,adult,1.5,1
69bb4a09ee2c6dbc3f264e4b,CP,adult,1.5,1
69866ab58c3d41549288290a,CP,adult,1.033334,1
6151e69a392433707e7a9dfb,CP,adult,1.25,1
56b78f11e77ebe000cbefe79,CP,adult,1.5,1
62e42aaad0079d2ff8e97597,CP,adult,1.0499999999999998,0
699cc81dfe512adf908498ce,CP,adult,1.025,1
69c82b26bbadde18a3e131c4,CP,adult,1.02,1
69c82b26bbadde18a3e131c4,CP,adult,1.02,0
56b78f11e77ebe000cbefe79,CP,adult,1.333334,1
56b78f11e77ebe000cbefe79,CP,adult,1.25,1
62e42aaad0079d2ff8e97597,CP,adult,1.5,1
55c495d2fdf99b2d6cabb691,CP,adult,1.333334,1
55c495d2fdf99b2d6cabb691,CP,adult,1.5,1
5c224f5289f0350001738d48,CP,adult,1.3333333333333333,0
55c495d2fdf99b2d6cabb691,CP,adult,1.02,1
55c495d2fdf99b2d6cabb691,CP,adult,1.3333333333333333,1
69c82b26bbadde18a3e131c4,CP,adult,1.025,1
55c495d2fdf99b2d6cabb691,CP,adult,1.05,1
55c495d2fdf99b2d6cabb691,CP,adult,1.02,0
608437f0b139060610c9f0c1,CP,adult,1.5,0
608437f0b139060610c9f0c1,CP,adult,1.033334,1
69c82b26bbadde18a3e131c4,CP,adult,1.033332857142857,1
55c495d2fdf99b2d6cabb691,CP,adult,1.02,1
608437f0b139060610c9f0c1,CP,adult,1.5,0
608437f0b139060610c9f0c1,CP,adult,1.0333333333333334,1
5c224f5289f0350001738d48,CP,adult,1.025,0
69c82b26bbadde18a3e131c4,CP,adult,1.5,1
667a7ab2a6179deb78e9dd1a,CP,adult,1.25,1
60ff9ad556237558de37397c,CP,adult,1.5,1
693b2398905c5229e2fb930a,CP,adult,1.5,1
69bb4a09ee2c6dbc3f264e4b,CP,adult,1.02,1
60ff9ad556237558de37397c,CP,adult,1.3333333333333333,1
6151e69a392433707e7a9dfb,CP,adult,1.0333333333333334,1
69866ab58c3d41549288290a,CP,adult,1.5,1
60ff9ad556237558de37397c,CP,adult,1.25,1
69d50e21f6129f7c5ddc63ef,CP,adult,1.0333333333333334,1
69bb4a09ee2c6dbc3f264e4b,CP,adult,1.05,1
664f99fe99ad74bdbb1adc35,CP,adult,1.025,0
6942cdbe08f75d111bb9713d,CP,adult,1.0499999999999998,1
60bbba1662529ae59d1c55cf,CP,adult,1.02,1
6151e69a392433707e7a9dfb,CP,adult,1.025,0
666ca8f24bc3a8e75b8f6ee2,CP,adult,1.5,1
6151e69a392433707e7a9dfb,CP,adult,1.025,0
69bb4a09ee2c6dbc3f264e4b,CP,adult,1.033332857142857,0
6942cdbe08f75d111bb9713d,CP,adult,1.5,1
60ff9ad556237558de37397c,CP,adult,1.5,1
61521b77189f1ecd957345d7,CP,adult,1.05,0
6621a2f38453311275d17d65,CP,adult,1.02,1
664f99fe99ad74bdbb1adc35,CP,adult,1.333332857142857,1
6621a2f38453311275d17d65,CP,adult,1.025,1
60bbba1662529ae59d1c55cf,CP,adult,1.5,1
6621a2f38453311275d17d65,CP,adult,1.25,0
6606cb0cf43ba898ccdc6e78,CP,adult,1.25,1
6621a2f38453311275d17d65,CP,adult,1.333334,1
55c495d2fdf99b2d6cabb691,CP,adult,1.033334,1
5c224f5289f0350001738d48,CP,adult,1.05,1
66465bc3e981d84abaedde48,CP,adult,1.033332857142857,1
5c224f5289f0350001738d48,CP,adult,1.025,0
608437f0b139060610c9f0c1,CP,adult,1.025,1
608437f0b139060610c9f0c1,CP,adult,1.02,0
608437f0b139060610c9f0c1,CP,adult,1.0499999999999998,0
670075d557d79b4cef60c761,CP,adult,1.033334,1
670075d557d79b4cef60c761,CP,adult,1.5,1
608437f0b139060610c9f0c1,CP,adult,1.3333333333333333,1
66465bc3e981d84abaedde48,CP,adult,1.0499999999999998,0
63ed04d2ce3b27bda2fbbb9c,CP,adult,1.025,0
670075d557d79b4cef60c761,CP,adult,1.025,1
670075d557d79b4cef60c761,CP,adult,1.02,1
608437f0b139060610c9f0c1,CP,adult,1.0499999999999998,0
63ed04d2ce3b27bda2fbbb9c,CP,adult,1.025,1
670075d557d79b4cef60c761,CP,adult,1.02,1
63ed04d2ce3b27bda2fbbb9c,CP,adult,1.025,1
55c495d2fdf99b2d6cabb691,CP,adult,1.02,1
55c495d2fdf99b2d6cabb691,CP,adult,1.25,1
66465bc3e981d84abaedde48,CP,adult,1.025,1
608437f0b139060610c9f0c1,CP,adult,1.0499999999999998,1
5c224f5289f0350001738d48,CP,adult,1.025,1
55c495d2fdf99b2d6cabb691,CP,adult,1.05,1
55c495d2fdf99b2d6cabb691,CP,adult,1.5,1
670075d557d79b4cef60c761,CP,adult,1.05,0
5c224f5289f0350001738d48,CP,adult,1.025,1
69bb4a09ee2c6dbc3f264e4b,CP,adult,1.333332857142857,1
6942cdbe08f75d111bb9713d,CP,adult,1.025,0
60bbba1662529ae59d1c55cf,CP,adult,1.0333333333333334,1
69866ab58c3d41549288290a,CP,adult,1.025,1
60bbba1662529ae59d1c55cf,CP,adult,1.5,1
666ca8f24bc3a8e75b8f6ee2,CP,adult,1.0499999999999998,0
6621a2f38453311275d17d65,CP,adult,1.333334,1
61521b77189f1ecd957345d7,CP,adult,1.025,0
664f99fe99ad74bdbb1adc35,CP,adult,1.02,0
666ca8f24bc3a8e75b8f6ee2,CP,adult,1.0333333333333334,1
6606cb0cf43ba898ccdc6e78,CP,adult,1.5,0
60ff9ad556237558de37397c,CP,adult,1.5,1
60ff9ad556237558de37397c,CP,adult,1.25,1
5e0696dea7fba607951ae479,CP,adult,1.05,0
693b2398905c5229e2fb930a,CP,adult,1.5,1
60bbba1662529ae59d1c55cf,CP,adult,1.02,0
69866ab58c3d41549288290a,CP,adult,1.025,1
60bbba1662529ae59d1c55cf,CP,adult,1.333332857142857,1
6621a2f38453311275d17d65,CP,adult,1.333334,1
664f99fe99ad74bdbb1adc35,CP,adult,1.02,0
60bbba1662529ae59d1c55cf,CP,adult,1.5,1
60ff9ad556237558de37397c,CP,adult,1.5,1
693b2398905c5229e2fb930a,CP,adult,1.05,1
60ff9ad556237558de37397c,CP,adult,1.333334,1
6942cdbe08f75d111bb9713d,CP,adult,1.25,1
664f99fe99ad74bdbb1adc35,CP,adult,1.0499999999999998,1
6942cdbe08f75d111bb9713d,CP,adult,1.25,1
608437f0b139060610c9f0c1,CP,adult,1.3333333333333333,1
69c82b26bbadde18a3e131c4,CP,adult,1.0499999999999998,0
66465bc3e981d84abaedde48,CP,adult,1.5,1
63ed04d2ce3b27bda2fbbb9c,CP,adult,1.02,1
55c495d2fdf99b2d6cabb691,CP,adult,1.02,1
608437f0b139060610c9f0c1,CP,adult,1.05,0
55c495d2fdf99b2d6cabb691,CP,adult,1.333332857142857,1
55c495d2fdf99b2d6cabb691,CP,adult,1.3333333333333333,1
55c495d2fdf99b2d6cabb691,CP,adult,1.5,1
55c495d2fdf99b2d6cabb691,CP,adult,1.333334,1
69c82b26bbadde18a3e131c4,CP,adult,1.333334,1
608437f0b139060610c9f0c1,CP,adult,1.0333333333333334,0
66465bc3e981d84abaedde48,CP,adult,1.033334,0
670075d557d79b4cef60c761,CP,adult,1.025,0
5c224f5289f0350001738d48,CP,adult,1.025,1
608437f0b139060610c9f0c1,CP,adult,1.3333333333333333,0
670075d557d79b4cef60c761,CP,adult,1.025,1
55c495d2fdf99b2d6cabb691,CP,adult,1.0499999999999998,0
63ed04d2ce3b27bda2fbbb9c,CP,adult,1.05,0
608437f0b139060610c9f0c1,CP,adult,1.025,0
670075d557d79b4cef60c761,CP,adult,1.02,1
63ed04d2ce3b27bda2fbbb9c,CP,adult,1.0499999999999998,1
608437f0b139060610c9f0c1,CP,adult,1.02,0
5c224f5289f0350001738d48,CP,adult,1.25,1
55c495d2fdf99b2d6cabb691,CP,adult,1.333332857142857,1
55c495d2fdf99b2d6cabb691,CP,adult,1.5,1
5c224f5289f0350001738d48,CP,adult,1.033332857142857,1
666ca8f24bc3a8e75b8f6ee2,CP,adult,1.25,0
6151e69a392433707e7a9dfb,CP,adult,1.02,0
60ff9ad556237558de37397c,CP,adult,1.05,1
6151e69a392433707e7a9dfb,CP,adult,1.02,0
664f99fe99ad74bdbb1adc35,CP,adult,1.333332857142857,1
664f99fe99ad74bdbb1adc35,CP,adult,1.05,0
69866ab58c3d41549288290a,CP,adult,1.5,1
6621a2f38453311275d17d65,CP,adult,1.333334,1
69d50e21f6129f7c5ddc63ef,CP,adult,1.3333333333333333,1
6621a2f38453311275d17d65,CP,adult,1.3333333333333333,1
6606cb0cf43ba898ccdc6e78,CP,adult,1.0333333333333334,0
61521b77189f1ecd957345d7,CP,adult,1.333332857142857,1
60ff9ad556237558de37397c,CP,adult,1.0499999999999998,0
664f99fe99ad74bdbb1adc35,CP,adult,1.3333333333333333,1
69d50e21f6129f7c5ddc63ef,CP,adult,1.0499999999999998,1
6621a2f38453311275d17d65,CP,adult,1.025,1
5e0696dea7fba607951ae479,CP,adult,1.3333333333333333,1
6606cb0cf43ba898ccdc6e78,CP,adult,1.5,1
60ff9ad556237558de37397c,CP,adult,1.333332857142857,1
5e0696dea7fba607951ae479,CP,adult,1.05,1
6942cdbe08f75d111bb9713d,CP,adult,1.033332857142857,0
664f99fe99ad74bdbb1adc35,CP,adult,1.5,1
69d50e21f6129f7c5ddc63ef,CP,adult,1.3333333333333333,1
5e0696dea7fba607951ae479,CP,adult,1.0333333333333334,1
60bbba1662529ae59d1c55cf,CP,adult,1.5,1
670075d557d79b4cef60c761,CP,adult,1.5,1
670075d557d79b4cef60c761,CP,adult,1.025,1
670075d557d79b4cef60c761,CP,adult,1.025,0
66465bc3e981d84abaedde48,CP,adult,1.025,1
63ed04d2ce3b27bda2fbbb9c,CP,adult,1.02,1
5c224f5289f0350001738d48,CP,adult,1.025,0
69c82b26bbadde18a3e131c4,CP,adult,1.5,1
5c224f5289f0350001738d48,CP,adult,1.025,1
5c224f5289f0350001738d48,CP,adult,1.5,1
5c224f5289f0350001738d48,CP,adult,1.0333333333333334,0
608437f0b139060610c9f0c1,CP,adult,1.033332857142857,1
670075d557d79b4cef60c761,CP,adult,1.3333333333333333,1
608437f0b139060610c9f0c1,CP,adult,1.25,1
608437f0b139060610c9f0c1,CP,adult,1.5,1
5c224f5289f0350001738d48,CP,adult,1.5,1
5c224f5289f0350001738d48,CP,adult,1.0499999999999998,1
670075d557d79b4cef60c761,CP,adult,1.25,1
608437f0b139060610c9f0c1,CP,adult,1.025,0
66465bc3e981d84abaedde48,CP,adult,1.02,1
5bf349126f97050001e6a6e6,CP,adult,1.025,0
608437f0b139060610c9f0c1,CP,adult,1.5,1
5c224f5289f0350001738d48,CP,adult,1.025,0
5c224f5289f0350001738d48,CP,adult,1.25,1
63ed04d2ce3b27bda2fbbb9c,CP,adult,1.02,1
608437f0b139060610c9f0c1,CP,adult,1.333334,0
5c224f5289f0350001738d48,CP,adult,1.25,1
670075d557d79b4cef60c761,CP,adult,1.0499999999999998,0
667a7ab2a6179deb78e9dd1a,CP,adult,1.025,1
664f99fe99ad74bdbb1adc35,CP,adult,1.25,1
667a7ab2a6179deb78e9dd1a,CP,adult,1.05,1
6942cdbe08f75d111bb9713d,CP,adult,1.02,1
693b2398905c5229e2fb930a,CP,adult,1.25,1
69d50e21f6129f7c5ddc63ef,CP,adult,1.05,1
693b2398905c5229e2fb930a,CP,adult,1.25,1
6942cdbe08f75d111bb9713d,CP,adult,1.333332857142857,1
6621a2f38453311275d17d65,CP,adult,1.05,1
6942cdbe08f75d111bb9713d,CP,adult,1.333332857142857,1
60bbba1662529ae59d1c55cf,CP,adult,1.02,1
61521b77189f1ecd957345d7,CP,adult,1.033334,1
664f99fe99ad74bdbb1adc35,CP,adult,1.02,1
6942cdbe08f75d111bb9713d,CP,adult,1.3333333333333333,1
6621a2f38453311275d17d65,CP,adult,1.0333333333333334,1
6942cdbe08f75d111bb9713d,CP,adult,1.0333333333333334,0
5e0696dea7fba607951ae479,CP,adult,1.05,1
60ff9ad556237558de37397c,CP,adult,1.05,0
6606cb0cf43ba898ccdc6e78,CP,adult,1.05,0
6151e69a392433707e7a9dfb,CP,adult,1.033334,1
61521b77189f1ecd957345d7,CP,adult,1.025,0
69d50e21f6129f7c5ddc63ef,CP,adult,1.333334,1
5e0696dea7fba607951ae479,CP,adult,1.333332857142857,1
6151e69a392433707e7a9dfb,CP,adult,1.025,1
693b2398905c5229e2fb930a,CP,adult,1.02,0
55c495d2fdf99b2d6cabb691,CP,adult,1.333332857142857,1
5c224f5289f0350001738d48,CP,adult,1.05,0
670075d557d79b4cef60c761,CP,adult,1.05,0
69c82b26bbadde18a3e131c4,CP,adult,1.0499999999999998,0
55c495d2fdf99b2d6cabb691,CP,adult,1.25,1
66465bc3e981d84abaedde48,CP,adult,1.25,1
5c224f5289f0350001738d48,CP,adult,1.0499999999999998,1
69c82b26bbadde18a3e131c4,CP,adult,1.05,1
608437f0b139060610c9f0c1,CP,adult,1.25,1
63ed04d2ce3b27bda2fbbb9c,CP,adult,1.02,0
55c495d2fdf99b2d6cabb691,CP,adult,1.5,1
55c495d2fdf99b2d6cabb691,CP,adult,1.025,1
55c495d2fdf99b2d6cabb691,CP,adult,1.0499999999999998,1
5bf349126f97050001e6a6e6,CP,adult,1.0333333333333334,1
608437f0b139060610c9f0c1,CP,adult,1.05,1
608437f0b139060610c9f0c1,CP,adult,1.5,0
670075d557d79b4cef60c761,CP,adult,1.0499999999999998,1
55c495d2fdf99b2d6cabb691,CP,adult,1.5,1
66465bc3e981d84abaedde48,CP,adult,1.02,1
608437f0b139060610c9f0c1,CP,adult,1.05,1
66465bc3e981d84abaedde48,CP,adult,1.25,1
66465bc3e981d84abaedde48,CP,adult,1.033332857142857,1
5bf349126f97050001e6a6e6,CP,adult,1.02,1
608437f0b139060610c9f0c1,CP,adult,1.333334,1
608437f0b139060610c9f0c1,CP,adult,1.5,1
6621a2f38453311275d17d65,CP,adult,1.0333333333333334,0
69866ab58c3d41549288290a,CP,adult,1.025,1
69d50e21f6129f7c5ddc63ef,CP,adult,1.025,1
610d4df86c4abc6b5ced6fa0,CP,adult,1.5,1
667a7ab2a6179deb78e9dd1a,CP,adult,1.25,1
6942cdbe08f75d111bb9713d,CP,adult,1.05,0
69bb4a09ee2c6dbc3f264e4b,CP,adult,1.25,1
60bbba1662529ae59d1c55cf,CP,adult,1.033334,0
6606cb0cf43ba898ccdc6e78,CP,adult,1.05,1
60ff9ad556237558de37397c,CP,adult,1.3333333333333333,1
69866ab58c3d41549288290a,CP,adult,1.333334,1
693b2398905c5229e2fb930a,CP,adult,1.333334,1
664f99fe99ad74bdbb1adc35,CP,adult,1.25,1
6606cb0cf43ba898ccdc6e78,CP,adult,1.02,0
61521b77189f1ecd957345d7,CP,adult,1.025,0
664f99fe99ad74bdbb1adc35,CP,adult,1.02,0
6942cdbe08f75d111bb9713d,CP,adult,1.025,1
69d50e21f6129f7c5ddc63ef,CP,adult,1.05,0
69866ab58c3d41549288290a,CP,adult,1.0333333333333334,1
6606cb0cf43ba898ccdc6e78,CP,adult,1.02,1
6151e69a392433707e7a9dfb,CP,adult,1.02,1
69866ab58c3d41549288290a,CP,adult,1.02,0
61521b77189f1ecd957345d7,CP,adult,1.025,0
60ff9ad556237558de37397c,CP,adult,1.5,1
60ff9ad556237558de37397c,CP,adult,1.333334,0
61521b77189f1ecd957345d7,CP,adult,1.025,1
6606cb0cf43ba898ccdc6e78,CP,adult,1.333332857142857,1
664f99fe99ad74bdbb1adc35,CP,adult,1.02,0
69bb4a09ee2c6dbc3f264e4b,CP,adult,1.02,1
69d50e21f6129f7c5ddc63ef,CP,adult,1.02,1
5e0696dea7fba607951ae479,CP,adult,1.25,1
6621a2f38453311275d17d65,CP,adult,1.02,0
6942cdbe08f75d111bb9713d,CP,adult,1.033332857142857,1
693b2398905c5229e2fb930a,CP,adult,1.02,1
6151e69a392433707e7a9dfb,CP,adult,1.25,1
60ff9ad556237558de37397c,CP,adult,1.25,1
6606cb0cf43ba898ccdc6e78,CP,adult,1.02,1
664f99fe99ad74bdbb1adc35,CP,adult,1.025,0
60bbba1662529ae59d1c55cf,CP,adult,1.05,1
69866ab58c3d41549288290a,CP,adult,1.02,0
61521b77189f1ecd957345d7,CP,adult,1.033334,0
69d50e21f6129f7c5ddc63ef,CP,adult,1.5,1
666ca8f24bc3a8e75b8f6ee2,CP,adult,1.25,1
69bb4a09ee2c6dbc3f264e4b,CP,adult,1.02,1
6621a2f38453311275d17d65,CP,adult,1.333332857142857,1
60ff9ad556237558de37397c,CP,adult,1.5,1
5e0696dea7fba607951ae479,CP,adult,1.02,0
6942cdbe08f75d111bb9713d,CP,adult,1.333332857142857,1
6151e69a392433707e7a9dfb,CP,adult,1.0499999999999998,1
6606cb0cf43ba898ccdc6e78,CP,adult,1.05,1
664f99fe99ad74bdbb1adc35,CP,adult,1.0499999999999998,0
693b2398905c5229e2fb930a,CP,adult,1.25,1
6621a2f38453311275d17d65,CP,adult,1.0333333333333334,1
61521b77189f1ecd957345d7,CP,adult,1.02,1
6621a2f38453311275d17d65,CP,adult,1.025,0
6606cb0cf43ba898ccdc6e78,CP,adult,1.033332857142857,1
5e0696dea7fba607951ae479,CP,adult,1.02,1
6151e69a392433707e7a9dfb,CP,adult,1.3333333333333333,1
61521b77189f1ecd957345d7,CP,adult,1.05,1
6151e69a392433707e7a9dfb,CP,adult,1.333332857142857,1
664f99fe99ad74bdbb1adc35,CP,adult,1.02,1
69bb4a09ee2c6dbc3f264e4b,CP,adult,1.05,1
6621a2f38453311275d17d65,CP,adult,1.25,1
5e0696dea7fba607951ae479,CP,adult,1.333332857142857,1
6606cb0cf43ba898ccdc6e78,CP,adult,1.25,1
6942cdbe08f75d111bb9713d,CP,adult,1.25,0
664f99fe99ad74bdbb1adc35,CP,adult,1.05,1
69866ab58c3d41549288290a,CP,adult,1.025,1
6621a2f38453311275d17d65,CP,adult,1.05,0
6942cdbe08f75d111bb9713d,CP,adult,1.025,0
6621a2f38453311275d17d65,CP,adult,1.333332857142857,1
6942cdbe08f75d111bb9713d,CP,adult,1.025,1
664f99fe99ad74bdbb1adc35,CP,adult,1.025,1
6151e69a392433707e7a9dfb,CP,adult,1.0333333333333334,1
664f99fe99ad74bdbb1adc35,CP,adult,1.333334,1
69bb4a09ee2c6dbc3f264e4b,CP,adult,1.025,0
61521b77189f1ecd957345d7,CP,adult,1.02,0
61087f78e9163fde22e933c9,CP,adult,1.25,1
664f99fe99ad74bdbb1adc35,CP,adult,1.25,1
69bd9f66451b01fdf0b14f81,CP,adult,1.02,0
693b2398905c5229e2fb930a,CP,adult,1.0333333333333334,1
69bb4a09ee2c6dbc3f264e4b,CP,adult,1.5,1
693b2398905c5229e2fb930a,CP,adult,1.02,1
5e0696dea7fba607951ae479,CP,adult,1.3333333333333333,1
69d50e21f6129f7c5ddc63ef,CP,adult,1.5,1
61521b77189f1ecd957345d7,CP,adult,1.0499999999999998,0
69bd9f66451b01fdf0b14f81,CP,adult,1.0333333333333334,1
6606cb0cf43ba898ccdc6e78,CP,adult,1.333334,1
6621a2f38453311275d17d65,CP,adult,1.025,1
61521b77189f1ecd957345d7,CP,adult,1.25,0
6942cdbe08f75d111bb9713d,CP,adult,1.02,0
6606cb0cf43ba898ccdc6e78,CP,adult,1.25,1
69bd9f66451b01fdf0b14f81,CP,adult,1.333334,1
61087f78e9163fde22e933c9,CP,adult,1.02,0
5e0696dea7fba607951ae479,CP,adult,1.025,0
64012a2623351894f2917605,CP,adult,1.02,0
56b78f11e77ebe000cbefe79,CP,adult,1.05,0
69bd9f66451b01fdf0b14f81,CP,adult,1.05,1
5e0696dea7fba607951ae479,CP,adult,1.033334,1
69bd9f66451b01fdf0b14f81,CP,adult,1.333334,1
61521b77189f1ecd957345d7,CP,adult,1.0333333333333334,0
60bbba1662529ae59d1c55cf,CP,adult,1.25,1
61521b77189f1ecd957345d7,CP,adult,1.3333333333333333,1
69866ab58c3d41549288290a,CP,adult,1.5,1
69bb4a09ee2c6dbc3f264e4b,CP,adult,1.25,1
69d50e21f6129f7c5ddc63ef,CP,adult,1.02,1
69d50e21f6129f7c5ddc63ef,CP,adult,1.5,1
6151e69a392433707e7a9dfb,CP,adult,1.25,1
693b2398905c5229e2fb930a,CP,adult,1.0333333333333334,0
61521b77189f1ecd957345d7,CP,adult,1.5,1
69866ab58c3d41549288290a,CP,adult,1.3333333333333333,1
69bb4a09ee2c6dbc3f264e4b,CP,adult,1.5,1
61087f78e9163fde22e933c9,CP,adult,1.5,1
6621a2f38453311275d17d65,CP,adult,1.05,1
64012a2623351894f2917605,CP,adult,1.0333333333333334,1
64012a2623351894f2917605,CP,adult,1.0499999999999998,1
69bb4a09ee2c6dbc3f264e4b,CP,adult,1.5,1
6606cb0cf43ba898ccdc6e78,CP,adult,1.025,0
693b2398905c5229e2fb930a,CP,adult,1.0499999999999998,1
664f99fe99ad74bdbb1adc35,CP,adult,1.033334,0
61087f78e9163fde22e933c9,CP,adult,1.02,1
60bbba1662529ae59d1c55cf,CP,adult,1.25,1
6151e69a392433707e7a9dfb,CP,adult,1.3333333333333333,1
6621a2f38453311275d17d65,CP,adult,1.333332857142857,1
69866ab58c3d41549288290a,CP,adult,1.0499999999999998,0
61087f78e9163fde22e933c9,CP,adult,1.05,0
69d50e21f6129f7c5ddc63ef,CP,adult,1.033334,0
664f99fe99ad74bdbb1adc35,CP,adult,1.025,0
6606cb0cf43ba898ccdc6e78,CP,adult,1.3333333333333333,1
64012a2623351894f2917605,CP,adult,1.025,1
6621a2f38453311275d17d65,CP,adult,1.05,1
5e0696dea7fba607951ae479,CP,adult,1.25,1
6621a2f38453311275d17d65,CP,adult,1.25,1
6151e69a392433707e7a9dfb,CP,adult,1.025,0
693b2398905c5229e2fb930a,CP,adult,1.0499999999999998,1
6621a2f38453311275d17d65,CP,adult,1.25,1
69bb4a09ee2c6dbc3f264e4b,CP,adult,1.033332857142857,0
64012a2623351894f2917605,CP,adult,1.0333333333333334,1
69d50e21f6129f7c5ddc63ef,CP,adult,1.25,1
693b2398905c5229e2fb930a,CP,adult,1.025,1
56b78f11e77ebe000cbefe79,CP,adult,1.25,1
69d50e21f6129f7c5ddc63ef,CP,adult,1.02,1
56b78f11e77ebe000cbefe79,CP,adult,1.02,0
69866ab58c3d41549288290a,CP,adult,1.025,1
6606cb0cf43ba898ccdc6e78,CP,adult,1.25,1
6606cb0cf43ba898ccdc6e78,CP,adult,1.0499999999999998,1
69866ab58c3d41549288290a,CP,adult,1.05,0
6606cb0cf43ba898ccdc6e78,CP,adult,1.5,1
61087f78e9163fde22e933c9,CP,adult,1.5,1
61087f78e9163fde22e933c9,CP,adult,1.025,1
69bd9f66451b01fdf0b14f81,CP,adult,1.025,0
64012a2623351894f2917605,CP,adult,1.02,0
6151e69a392433707e7a9dfb,CP,adult,1.033332857142857,0
6151e69a392433707e7a9dfb,CP,adult,1.0499999999999998,1
69866ab58c3d41549288290a,CP,adult,1.02,1
60bbba1662529ae59d1c55cf,CP,adult,1.05,0
6606cb0cf43ba898ccdc6e78,CP,adult,1.02,0
60ff9ad556237558de37397c,CP,adult,1.25,1
69bb4a09ee2c6dbc3f264e4b,CP,adult,1.033334,1
60ff9ad556237558de37397c,CP,adult,1.5,1
6606cb0cf43ba898ccdc6e78,CP,adult,1.025,0
60bbba1662529ae59d1c55cf,CP,adult,1.5,1
64012a2623351894f2917605,CP,adult,1.025,0
6942cdbe08f75d111bb9713d,CP,adult,1.025,0
60bbba1662529ae59d1c55cf,CP,adult,1.025,0
664f99fe99ad74bdbb1adc35,CP,adult,1.0499999999999998,1
69866ab58c3d41549288290a,CP,adult,1.033332857142857,0
61521b77189f1ecd957345d7,CP,adult,1.5,1
5e0696dea7fba607951ae479,CP,adult,1.333334,1
61087f78e9163fde22e933c9,CP,adult,1.02,1
60bbba1662529ae59d1c55cf,CP,adult,1.025,1
6606cb0cf43ba898ccdc6e78,CP,adult,1.033334,0
693b2398905c5229e2fb930a,CP,adult,1.025,1
69866ab58c3d41549288290a,CP,adult,1.02,1
69d50e21f6129f7c5ddc63ef,CP,adult,1.0499999999999998,0
6606cb0cf43ba898ccdc6e78,CP,adult,1.333332857142857,1
6942cdbe08f75d111bb9713d,CP,adult,1.02,0
69bd9f66451b01fdf0b14f81,CP,adult,1.05,0
693b2398905c5229e2fb930a,CP,adult,1.02,1
60bbba1662529ae59d1c55cf,CP,adult,1.02,1
6621a2f38453311275d17d65,CP,adult,1.25,1
69866ab58c3d41549288290a,CP,adult,1.0499999999999998,0
61521b77189f1ecd957345d7,CP,adult,1.05,1
64012a2623351894f2917605,CP,adult,1.02,1
6606cb0cf43ba898ccdc6e78,CP,adult,1.333332857142857,1
64012a2623351894f2917605,CP,adult,1.033332857142857,1
6942cdbe08f75d111bb9713d,CP,adult,1.025,0
60bbba1662529ae59d1c55cf,CP,adult,1.333334,1
6942cdbe08f75d111bb9713d,CP,adult,1.02,1
69866ab58c3d41549288290a,CP,adult,1.05,0
6621a2f38453311275d17d65,CP,adult,1.5,1
61087f78e9163fde22e933c9,CP,adult,1.5,1
5e0696dea7fba607951ae479,CP,adult,1.05,0
69866ab58c3d41549288290a,CP,adult,1.333334,1
693b2398905c5229e2fb930a,CP,adult,1.025,0
6621a2f38453311275d17d65,CP,adult,1.5,1
60bbba1662529ae59d1c55cf,CP,adult,1.05,1
693b2398905c5229e2fb930a,CP,adult,1.333332857142857,1
69bb4a09ee2c6dbc3f264e4b,CP,adult,1.025,1
64012a2623351894f2917605,CP,adult,1.02,1
69d50e21f6129f7c5ddc63ef,CP,adult,1.5,1
69bb4a09ee2c6dbc3f264e4b,CP,adult,1.0499999999999998,1
61521b77189f1ecd957345d7,CP,adult,1.5,1
69d50e21f6129f7c5ddc63ef,CP,adult,1.05,1
60bbba1662529ae59d1c55cf,CP,adult,1.025,1
56b78f11e77ebe000cbefe79,CP,adult,1.05,0
64012a2623351894f2917605,CP,adult,1.0333333333333334,1
6151e69a392433707e7a9dfb,CP,adult,1.025,1
5e0696dea7fba607951ae479,CP,adult,1.025,1
61087f78e9163fde22e933c9,CP,adult,1.5,1
64012a2623351894f2917605,CP,adult,1.0499999999999998,0
61087f78e9163fde22e933c9,CP,adult,1.025,0
69bd9f66451b01fdf0b14f81,CP,adult,1.02,1
60ff9ad556237558de37397c,CP,adult,1.333334,1
5e0696dea7fba607951ae479,CP,adult,1.025,0
6942cdbe08f75d111bb9713d,CP,adult,1.5,1
60bbba1662529ae59d1c55cf,CP,adult,1.025,1
6621a2f38453311275d17d65,CP,adult,1.02,1
664f99fe99ad74bdbb1adc35,CP,adult,1.333332857142857,1
5e0696dea7fba607951ae479,CP,adult,1.5,1
693b2398905c5229e2fb930a,CP,adult,1.02,1
6151e69a392433707e7a9dfb,CP,adult,1.02,1
61521b77189f1ecd957345d7,CP,adult,1.025,1
69d50e21f6129f7c5ddc63ef,CP,adult,1.02,0
61087f78e9163fde22e933c9,CP,adult,1.05,0
60bbba1662529ae59d1c55cf,CP,adult,1.025,0
64012a2623351894f2917605,CP,adult,1.02,1
6151e69a392433707e7a9dfb,CP,adult,1.02,1
64012a2623351894f2917605,CP,adult,1.02,0
69d50e21f6129f7c5ddc63ef,CP,adult,1.25,1
64012a2623351894f2917605,CP,adult,1.025,0
69bb4a09ee2c6dbc3f264e4b,CP,adult,1.05,0
69bb4a09ee2c6dbc3f264e4b,CP,adult,1.25,1
5e0696dea7fba607951ae479,CP,adult,1.25,1
6621a2f38453311275d17d65,CP,adult,1.02,0
6942cdbe08f75d111bb9713d,CP,adult,1.025,0
64012a2623351894f2917605,CP,adult,1.033334,1
6942cdbe08f75d111bb9713d,CP,adult,1.02,0
69d50e21f6129f7c5ddc63ef,CP,adult,1.25,1
6151e69a392433707e7a9dfb,CP,adult,1.033334,1
6942cdbe08f75d111bb9713d,CP,adult,1.025,0
60bbba1662529ae59d1c55cf,CP,adult,1.05,1
61521b77189f1ecd957345d7,CP,adult,1.333332857142857,1
69866ab58c3d41549288290a,CP,adult,1.25,1
64012a2623351894f2917605,CP,adult,1.033334,0
6151e69a392433707e7a9dfb,CP,adult,1.25,1
5e0696dea7fba607951ae479,CP,adult,1.033332857142857,1
6151e69a392433707e7a9dfb,CP,adult,1.5,1
69bb4a09ee2c6dbc3f264e4b,CP,adult,1.025,0
64012a2623351894f2917605,CP,adult,1.025,1
60bbba1662529ae59d1c55cf,CP,adult,1.333332857142857,1
6606cb0cf43ba898ccdc6e78,CP,adult,1.25,1
5e0696dea7fba607951ae479,CP,adult,1.5,1
6151e69a392433707e7a9dfb,CP,adult,1.5,1
5e0696dea7fba607951ae479,CP,adult,1.5,1
56b78f11e77ebe000cbefe79,CP,adult,1.05,0
60bbba1662529ae59d1c55cf,CP,adult,1.333334,1
6151e69a392433707e7a9dfb,CP,adult,1.0333333333333334,1
6151e69a392433707e7a9dfb,CP,adult,1.333332857142857,1
64012a2623351894f2917605,CP,adult,1.033334,0
64012a2623351894f2917605,CP,adult,1.025,0
6151e69a392433707e7a9dfb,CP,adult,1.02,1
6606cb0cf43ba898ccdc6e78,CP,adult,1.0499999999999998,0
69bb4a09ee2c6dbc3f264e4b,CP,adult,1.033334,1
6606cb0cf43ba898ccdc6e78,CP,adult,1.05,0
69bd9f66451b01fdf0b14f81,CP,adult,1.033332857142857,0
61521b77189f1ecd957345d7,CP,adult,1.033332857142857,1
6942cdbe08f75d111bb9713d,CP,adult,1.0499999999999998,1
69bb4a09ee2c6dbc3f264e4b,CP,adult,1.333334,1
69d50e21f6129f7c5ddc63ef,CP,adult,1.333334,1
664f99fe99ad74bdbb1adc35,CP,adult,1.05,1
6942cdbe08f75d111bb9713d,CP,adult,1.02,1
6621a2f38453311275d17d65,CP,adult,1.025,1
6942cdbe08f75d111bb9713d,CP,adult,1.02,1
6606cb0cf43ba898ccdc6e78,CP,adult,1.02,1
61087f78e9163fde22e933c9,CP,adult,1.02,1
6606cb0cf43ba898ccdc6e78,CP,adult,1.333332857142857,1
6151e69a392433707e7a9dfb,CP,adult,1.5,1
6621a2f38453311275d17d65,CP,adult,1.025,0
693b2398905c5229e2fb930a,CP,adult,1.0333333333333334,1
69d50e21f6129f7c5ddc63ef,CP,adult,1.025,1
61521b77189f1ecd957345d7,CP,adult,1.05,1
69bb4a09ee2c6dbc3f264e4b,CP,adult,1.5,1
61521b77189f1ecd957345d7,CP,adult,1.333334,1
6606cb0cf43ba898ccdc6e78,CP,adult,1.025,0
61087f78e9163fde22e933c9,CP,adult,1.02,0
693b2398905c5229e2fb930a,CP,adult,1.0333333333333334,0
60bbba1662529ae59d1c55cf,CP,adult,1.02,0
6606cb0cf43ba898ccdc6e78,CP,adult,1.25,1
69866ab58c3d41549288290a,CP,adult,1.033332857142857,1
693b2398905c5229e2fb930a,CP,adult,1.02,1
60bbba1662529ae59d1c55cf,CP,adult,1.333332857142857,1
6606cb0cf43ba898ccdc6e78,CP,adult,1.025,0
69866ab58c3d41549288290a,CP,adult,1.333334,1
69bd9f66451b01fdf0b14f81,CP,adult,1.02,0
664f99fe99ad74bdbb1adc35,CP,adult,1.033334,1
69bb4a09ee2c6dbc3f264e4b,CP,adult,1.025,1
69bd9f66451b01fdf0b14f81,CP,adult,1.025,1
6606cb0cf43ba898ccdc6e78,CP,adult,1.02,1
60bbba1662529ae59d1c55cf,CP,adult,1.25,1
61521b77189f1ecd957345d7,CP,adult,1.02,1
6151e69a392433707e7a9dfb,CP,adult,1.25,1
6942cdbe08f75d111bb9713d,CP,adult,1.025,0
64012a2623351894f2917605,CP,adult,1.05,0
69bd9f66451b01fdf0b14f81,CP,adult,1.05,1
61087f78e9163fde22e933c9,CP,adult,1.025,0
69d50e21f6129f7c5ddc63ef,CP,adult,1.333332857142857,1
69866ab58c3d41549288290a,CP,adult,1.25,0
69bd9f66451b01fdf0b14f81,CP,adult,1.033332857142857,0
60bbba1662529ae59d1c55cf,CP,adult,1.02,1
6606cb0cf43ba898ccdc6e78,CP,adult,1.0499999999999998,1
5e0696dea7fba607951ae479,CP,adult,1.25,1
61087f78e9163fde22e933c9,CP,adult,1.333332857142857,1
60bbba1662529ae59d1c55cf,CP,adult,1.5,1
6606cb0cf43ba898ccdc6e78,CP,adult,1.033334,0
64012a2623351894f2917605,CP,adult,1.033334,0
60bbba1662529ae59d1c55cf,CP,adult,1.025,1
69866ab58c3d41549288290a,CP,adult,1.025,1
664f99fe99ad74bdbb1adc35,CP,adult,1.02,1
6151e69a392433707e7a9dfb,CP,adult,1.5,1
61087f78e9163fde22e933c9,CP,adult,1.05,1
693b2398905c5229e2fb930a,CP,adult,1.25,1
60ff9ad556237558de37397c,CP,adult,1.25,1
69d50e21f6129f7c5ddc63ef,CP,adult,1.0499999999999998,1
69866ab58c3d41549288290a,CP,adult,1.5,1
5e0696dea7fba607951ae479,CP,adult,1.025,1
693b2398905c5229e2fb930a,CP,adult,1.033334,1
6942cdbe08f75d111bb9713d,CP,adult,1.25,1
664f99fe99ad74bdbb1adc35,CP,adult,1.0333333333333334,1
6151e69a392433707e7a9dfb,CP,adult,1.02,1
6621a2f38453311275d17d65,CP,adult,1.025,1
6942cdbe08f75d111bb9713d,CP,adult,1.333334,1
5e0696dea7fba607951ae479,CP,adult,1.5,1
6151e69a392433707e7a9dfb,CP,adult,1.25,1
664f99fe99ad74bdbb1adc35,CP,adult,1.25,1
5e0696dea7fba607951ae479,CP,adult,1.3333333333333333,1
64012a2623351894f2917605,CP,adult,1.02,0
61521b77189f1ecd957345d7,CP,adult,1.3333333333333333,1
64012a2623351894f2917605,CP,adult,1.033334,0
6151e69a392433707e7a9dfb,CP,adult,1.25,1
5e0696dea7fba607951ae479,CP,adult,1.05,0
6151e69a392433707e7a9dfb,CP,adult,1.333332857142857,1
69bb4a09ee2c6dbc3f264e4b,CP,adult,1.02,1
5e0696dea7fba607951ae479,CP,adult,1.25,1
61087f78e9163fde22e933c9,CP,adult,1.25,1
6151e69a392433707e7a9dfb,CP,adult,1.05,1
69d50e21f6129f7c5ddc63ef,CP,adult,1.0333333333333334,1
61087f78e9163fde22e933c9,CP,adult,1.033334,0
6606cb0cf43ba898ccdc6e78,CP,adult,1.25,1
664f99fe99ad74bdbb1adc35,CP,adult,1.3333333333333333,1
61087f78e9163fde22e933c9,CP,adult,1.3333333333333333,1
693b2398905c5229e2fb930a,CP,adult,1.025,1
6942cdbe08f75d111bb9713d,CP,adult,1.033332857142857,1
69bd9f66451b01fdf0b14f81,CP,adult,1.033332857142857,0
61087f78e9163fde22e933c9,CP,adult,1.3333333333333333,1
6151e69a392433707e7a9dfb,CP,adult,1.025,0
69bb4a09ee2c6dbc3f264e4b,CP,adult,1.25,1
64012a2623351894f2917605,CP,adult,1.05,0
6942cdbe08f75d111bb9713d,CP,adult,1.033332857142857,0
6151e69a392433707e7a9dfb,CP,adult,1.5,1
61521b77189f1ecd957345d7,CP,adult,1.0499999999999998,0
61087f78e9163fde22e933c9,CP,adult,1.25,0
5e0696dea7fba607951ae479,CP,adult,1.0333333333333334,1
61087f78e9163fde22e933c9,CP,adult,1.333334,0
6151e69a392433707e7a9dfb,CP,adult,1.3333333333333333,1
69bb4a09ee2c6dbc3f264e4b,CP,adult,1.333332857142857,1
69d50e21f6129f7c5ddc63ef,CP,adult,1.025,0
69866ab58c3d41549288290a,CP,adult,1.25,1
56b78f11e77ebe000cbefe79,CP,adult,1.25,1
69d50e21f6129f7c5ddc63ef,CP,adult,1.0333333333333334,0
56b78f11e77ebe000cbefe79,CP,adult,1.5,1
5e0696dea7fba607951ae479,CP,adult,1.05,1
56b78f11e77ebe000cbefe79,CP,adult,1.0333333333333334,1
6606cb0cf43ba898ccdc6e78,CP,adult,1.0499999999999998,1
56b78f11e77ebe000cbefe79,CP,adult,1.333334,1
6606cb0cf43ba898ccdc6e78,CP,adult,1.25,1
61087f78e9163fde22e933c9,CP,adult,1.033334,0
6151e69a392433707e7a9dfb,CP,adult,1.05,1
61087f78e9163fde22e933c9,CP,adult,1.3333333333333333,1
699cc81dfe512adf908498ce,CP,adult,1.05,0
61087f78e9163fde22e933c9,CP,adult,1.033334,1
69866ab58c3d41549288290a,CP,adult,1.25,1
69bb4a09ee2c6dbc3f264e4b,CP,adult,1.033332857142857,1
69c82b26bbadde18a3e131c4,CP,adult,1.25,1
69d50e21f6129f7c5ddc63ef,CP,adult,1.5,1
69bb4a09ee2c6dbc3f264e4b,CP,adult,1.333334,1
60bbba1662529ae59d1c55cf,CP,adult,1.0499999999999998,0
69866ab58c3d41549288290a,CP,adult,1.3333333333333333,1
61521b77189f1ecd957345d7,CP,adult,1.5,1
61087f78e9163fde22e933c9,CP,adult,1.5,1
5e0696dea7fba607951ae479,CP,adult,1.3333333333333333,1
6151e69a392433707e7a9dfb,CP,adult,1.5,1
69866ab58c3d41549288290a,CP,adult,1.25,1
6151e69a392433707e7a9dfb,CP,adult,1.033332857142857,0
6151e69a392433707e7a9dfb,CP,adult,1.25,1
69866ab58c3d41549288290a,CP,adult,1.25,1
69d50e21f6129f7c5ddc63ef,CP,adult,1.3333333333333333,1
64012a2623351894f2917605,CP,adult,1.25,0
69c82b26bbadde18a3e131c4,CP,adult,1.02,0
56b78f11e77ebe000cbefe79,CP,adult,1.033334,1
64012a2623351894f2917605,CP,adult,1.3333333333333333,1
56b78f11e77ebe000cbefe79,CP,adult,1.0499999999999998,1
64012a2623351894f2917605,CP,adult,1.5,1
61521b77189f1ecd957345d7,CP,adult,1.333334,1
6151e69a392433707e7a9dfb,CP,adult,1.25,0
62e42aaad0079d2ff8e97597,CP,adult,1.5,1
699cc81dfe512adf908498ce,CP,adult,1.333332857142857,1
62e42aaad0079d2ff8e97597,CP,adult,1.025,1
64012a2623351894f2917605,CP,adult,1.0499999999999998,0
6606cb0cf43ba898ccdc6e78,CP,adult,1.5,1
699cc81dfe512adf908498ce,CP,adult,1.02,1
62e42aaad0079d2ff8e97597,CP,adult,1.25,1
699cc81dfe512adf908498ce,CP,adult,1.5,1
61087f78e9163fde22e933c9,CP,adult,1.333334,1
699cc81dfe512adf908498ce,CP,adult,1.5,1
69d50e21f6129f7c5ddc63ef,CP,adult,1.25,1
699cc81dfe512adf908498ce,CP,adult,1.333332857142857,1
60bbba1662529ae59d1c55cf,CP,adult,1.5,1
61521b77189f1ecd957345d7,CP,adult,1.025,1
64012a2623351894f2917605,CP,adult,1.5,0
6606cb0cf43ba898ccdc6e78,CP,adult,1.02,1
64012a2623351894f2917605,CP,adult,1.5,1
60bbba1662529ae59d1c55cf,CP,adult,1.25,1
61521b77189f1ecd957345d7,CP,adult,1.25,1
69d50e21f6129f7c5ddc63ef,CP,adult,1.02,0
69866ab58c3d41549288290a,CP,adult,1.0499999999999998,1
699cc81dfe512adf908498ce,CP,adult,1.02,0
5c224f5289f0350001738d48,CP,adult,1.333332857142857,1
62e42aaad0079d2ff8e97597,CP,adult,1.3333333333333333,1
5e0696dea7fba607951ae479,CP,adult,1.333334,1
69bd9f66451b01fdf0b14f81,CP,adult,1.0499999999999998,1
69bb4a09ee2c6dbc3f264e4b,CP,adult,1.05,1
6606cb0cf43ba898ccdc6e78,CP,adult,1.5,1
5e0696dea7fba607951ae479,CP,adult,1.5,1
56b78f11e77ebe000cbefe79,CP,adult,1.033332857142857,1
69bd9f66451b01fdf0b14f81,CP,adult,1.025,1
699cc81dfe512adf908498ce,CP,adult,1.25,0
69bd9f66451b01fdf0b14f81,CP,adult,1.0499999999999998,0
699cc81dfe512adf908498ce,CP,adult,1.333334,1
69866ab58c3d41549288290a,CP,adult,1.05,0
5e0696dea7fba607951ae479,CP,adult,1.02,1
6151e69a392433707e7a9dfb,CP,adult,1.02,0
61087f78e9163fde22e933c9,CP,adult,1.05,1
62e42aaad0079d2ff8e97597,CP,adult,1.025,0
64012a2623351894f2917605,CP,adult,1.25,1
69bd9f66451b01fdf0b14f81,CP,adult,1.333332857142857,1
69bb4a09ee2c6dbc3f264e4b,CP,adult,1.25,0
69c82b26bbadde18a3e131c4,CP,adult,1.5,1
69bb4a09ee2c6dbc3f264e4b,CP,adult,1.25,1
64012a2623351894f2917605,CP,adult,1.25,1
62e42aaad0079d2ff8e97597,CP,adult,1.25,1
6606cb0cf43ba898ccdc6e78,CP,adult,1.5,1
56b78f11e77ebe000cbefe79,CP,adult,1.025,0
61087f78e9163fde22e933c9,CP,adult,1.02,1
60bbba1662529ae59d1c55cf,CP,adult,1.333332857142857,1
5e0696dea7fba607951ae479,CP,adult,1.05,0
69bd9f66451b01fdf0b14f81,CP,adult,1.25,1
5e0696dea7fba607951ae479,CP,adult,1.02,1
69bd9f66451b01fdf0b14f81,CP,adult,1.333332857142857,1
60bbba1662529ae59d1c55cf,CP,adult,1.02,1
56b78f11e77ebe000cbefe79,CP,adult,1.02,1
69d50e21f6129f7c5ddc63ef,CP,adult,1.0333333333333334,1
69866ab58c3d41549288290a,CP,adult,1.0499999999999998,1
56b78f11e77ebe000cbefe79,CP,adult,1.02,1
5e0696dea7fba607951ae479,CP,adult,1.05,1
699cc81dfe512adf908498ce,CP,adult,1.333334,1
62e42aaad0079d2ff8e97597,CP,adult,1.25,0
69bd9f66451b01fdf0b14f81,CP,adult,1.02,0
60bbba1662529ae59d1c55cf,CP,adult,1.025,1
5e0696dea7fba607951ae479,CP,adult,1.033334,0
61521b77189f1ecd957345d7,CP,adult,1.25,1
60bbba1662529ae59d1c55cf,CP,adult,1.033334,1
61087f78e9163fde22e933c9,CP,adult,1.0333333333333334,0
62e42aaad0079d2ff8e97597,CP,adult,1.0333333333333334,1
61087f78e9163fde22e933c9,CP,adult,1.02,1
69866ab58c3d41549288290a,CP,adult,1.5,1
5c224f5289f0350001738d48,CP,adult,1.3333333333333333,1
62e42aaad0079d2ff8e97597,CP,adult,1.033334,0
5e0696dea7fba607951ae479,CP,adult,1.02,0
5c224f5289f0350001738d48,CP,adult,1.033334,0
61087f78e9163fde22e933c9,CP,adult,1.0333333333333334,1
5c224f5289f0350001738d48,CP,adult,1.02,0
61087f78e9163fde22e933c9,CP,adult,1.5,1
64012a2623351894f2917605,CP,adult,1.5,1
61087f78e9163fde22e933c9,CP,adult,1.25,1
61521b77189f1ecd957345d7,CP,adult,1.02,1
6151e69a392433707e7a9dfb,CP,adult,1.025,0
69866ab58c3d41549288290a,CP,adult,1.02,1
69d50e21f6129f7c5ddc63ef,CP,adult,1.5,1
69866ab58c3d41549288290a,CP,adult,1.333332857142857,1
60bbba1662529ae59d1c55cf,CP,adult,1.033334,1
69c82b26bbadde18a3e131c4,CP,adult,1.25,1
6606cb0cf43ba898ccdc6e78,CP,adult,1.5,1
61521b77189f1ecd957345d7,CP,adult,1.025,1
64012a2623351894f2917605,CP,adult,1.02,1
6151e69a392433707e7a9dfb,CP,adult,1.5,1
699cc81dfe512adf908498ce,CP,adult,1.5,1
69bb4a09ee2c6dbc3f264e4b,CP,adult,1.025,1
64012a2623351894f2917605,CP,adult,1.033332857142857,1
6151e69a392433707e7a9dfb,CP,adult,1.333332857142857,1
6606cb0cf43ba898ccdc6e78,CP,adult,1.033334,1
69d50e21f6129f7c5ddc63ef,CP,adult,1.25,1
699cc81dfe512adf908498ce,CP,adult,1.0333333333333334,1
56b78f11e77ebe000cbefe79,CP,adult,1.25,1
69bd9f66451b01fdf0b14f81,CP,adult,1.02,0
6606cb0cf43ba898ccdc6e78,CP,adult,1.025,0
69c82b26bbadde18a3e131c4,CP,adult,1.3333333333333333,1
61087f78e9163fde22e933c9,CP,adult,1.033332857142857,0
6606cb0cf43ba898ccdc6e78,CP,adult,1.25,1
62e42aaad0079d2ff8e97597,CP,adult,1.5,1
64012a2623351894f2917605,CP,adult,1.25,0
699cc81dfe512adf908498ce,CP,adult,1.05,1
69866ab58c3d41549288290a,CP,adult,1.5,1
62e42aaad0079d2ff8e97597,CP,adult,1.025,1
69866ab58c3d41549288290a,CP,adult,1.5,1
62e42aaad0079d2ff8e97597,CP,adult,1.025,1
64012a2623351894f2917605,CP,adult,1.25,1
5e0696dea7fba607951ae479,CP,adult,1.333334,1
64012a2623351894f2917605,CP,adult,1.25,1
61521b77189f1ecd957345d7,CP,adult,1.02,1
69c82b26bbadde18a3e131c4,CP,adult,1.02,0
64012a2623351894f2917605,CP,adult,1.5,1
69c82b26bbadde18a3e131c4,CP,adult,1.5,1
56b78f11e77ebe000cbefe79,CP,adult,1.025,1
69bd9f66451b01fdf0b14f81,CP,adult,1.033332857142857,1
64012a2623351894f2917605,CP,adult,1.3333333333333333,1
62e42aaad0079d2ff8e97597,CP,adult,1.25,1
69bd9f66451b01fdf0b14f81,CP,adult,1.033332857142857,1
56b78f11e77ebe000cbefe79,CP,adult,1.033334,1
69c82b26bbadde18a3e131c4,CP,adult,1.333332857142857,1
699cc81dfe512adf908498ce,CP,adult,1.3333333333333333,0
61087f78e9163fde22e933c9,CP,adult,1.5,1
699cc81dfe512adf908498ce,CP,adult,1.033334,0
61087f78e9163fde22e933c9,CP,adult,1.3333333333333333,1
62e42aaad0079d2ff8e97597,CP,adult,1.05,1
5e0696dea7fba607951ae479,CP,adult,1.02,0
69bd9f66451b01fdf0b14f81,CP,adult,1.02,0
60bbba1662529ae59d1c55cf,CP,adult,1.0333333333333334,0
6606cb0cf43ba898ccdc6e78,CP,adult,1.02,1
69c82b26bbadde18a3e131c4,CP,adult,1.033334,1
64012a2623351894f2917605,CP,adult,1.05,1
61087f78e9163fde22e933c9,CP,adult,1.02,0
61521b77189f1ecd957345d7,CP,adult,1.5,1
60bbba1662529ae59d1c55cf,CP,adult,1.0499999999999998,0
56b78f11e77ebe000cbefe79,CP,adult,1.25,1
69d50e21f6129f7c5ddc63ef,CP,adult,1.5,1
64012a2623351894f2917605,CP,adult,1.025,1
5e0696dea7fba607951ae479,CP,adult,1.25,0
64012a2623351894f2917605,CP,adult,1.025,1
61087f78e9163fde22e933c9,CP,adult,1.02,1
6606cb0cf43ba898ccdc6e78,CP,adult,1.02,0
61087f78e9163fde22e933c9,CP,adult,1.02,1
64012a2623351894f2917605,CP,adult,1.025,0
699cc81dfe512adf908498ce,CP,adult,1.02,0
69d50e21f6129f7c5ddc63ef,CP,adult,1.25,1
69bb4a09ee2c6dbc3f264e4b,CP,adult,1.5,1
60bbba1662529ae59d1c55cf,CP,adult,1.0499999999999998,1
62e42aaad0079d2ff8e97597,CP,adult,1.025,1
61087f78e9163fde22e933c9,CP,adult,1.05,1
5e0696dea7fba607951ae479,CP,adult,1.25,1
61521b77189f1ecd957345d7,CP,adult,1.333332857142857,1
61087f78e9163fde22e933c9,CP,adult,1.033334,1
69bd9f66451b01fdf0b14f81,CP,adult,1.5,1
60bbba1662529ae59d1c55cf,CP,adult,1.033334,0
6151e69a392433707e7a9dfb,CP,adult,1.02,0
69bb4a09ee2c6dbc3f264e4b,CP,adult,1.0499999999999998,0
61521b77189f1ecd957345d7,CP,adult,1.25,1
69d50e21f6129f7c5ddc63ef,CP,adult,1.05,1
6151e69a392433707e7a9dfb,CP,adult,1.25,1
6606cb0cf43ba898ccdc6e78,CP,adult,1.5,1
69d50e21f6129f7c5ddc63ef,CP,adult,1.5,1
6606cb0cf43ba898ccdc6e78,CP,adult,1.025,1
69bd9f66451b01fdf0b14f81,CP,adult,1.5,1
6606cb0cf43ba898ccdc6e78,CP,adult,1.333334,1
61521b77189f1ecd957345d7,CP,adult,1.333332857142857,1
6606cb0cf43ba898ccdc6e78,CP,adult,1.033332857142857,1
6151e69a392433707e7a9dfb,CP,adult,1.5,1
60bbba1662529ae59d1c55cf,CP,adult,1.02,0
69d50e21f6129f7c5ddc63ef,CP,adult,1.5,1
61087f78e9163fde22e933c9,CP,adult,1.033334,0
69866ab58c3d41549288290a,CP,adult,1.3333333333333333,1
69d50e21f6129f7c5ddc63ef,CP,adult,1.02,1
6151e69a392433707e7a9dfb,CP,adult,1.05,0
5e0696dea7fba607951ae479,CP,adult,1.02,0
64012a2623351894f2917605,CP,adult,1.333332857142857,1
6606cb0cf43ba898ccdc6e78,CP,adult,1.033334,1
6151e69a392433707e7a9dfb,CP,adult,1.333334,1
62e42aaad0079d2ff8e97597,CP,adult,1.033334,0
56b78f11e77ebe000cbefe79,CP,adult,1.025,1
69d50e21f6129f7c5ddc63ef,CP,adult,1.333332857142857,1
69866ab58c3d41549288290a,CP,adult,1.25,1
6606cb0cf43ba898ccdc6e78,CP,adult,1.333334,1
69c82b26bbadde18a3e131c4,CP,adult,1.033332857142857,1
699cc81dfe512adf908498ce,CP,adult,1.0499999999999998,0
5e0696dea7fba607951ae479,CP,adult,1.25,1
56b78f11e77ebe000cbefe79,CP,adult,1.02,0
69d50e21f6129f7c5ddc63ef,CP,adult,1.025,0
6606cb0cf43ba898ccdc6e78,CP,adult,1.05,0
64012a2623351894f2917605,CP,adult,1.025,0
6151e69a392433707e7a9dfb,CP,adult,1.0333333333333334,1
5e0696dea7fba607951ae479,CP,adult,1.025,0
69bd9f66451b01fdf0b14f81,CP,adult,1.333332857142857,1
61521b77189f1ecd957345d7,CP,adult,1.5,1
69bb4a09ee2c6dbc3f264e4b,CP,adult,1.333332857142857,1
6606cb0cf43ba898ccdc6e78,CP,adult,1.025,1
60bbba1662529ae59d1c55cf,CP,adult,1.25,1
69d50e21f6129f7c5ddc63ef,CP,adult,1.333332857142857,1
6151e69a392433707e7a9dfb,CP,adult,1.5,1
60bbba1662529ae59d1c55cf,CP,adult,1.025,0
69bd9f66451b01fdf0b14f81,CP,adult,1.05,1
6606cb0cf43ba898ccdc6e78,CP,adult,1.333334,1
56b78f11e77ebe000cbefe79,CP,adult,1.02,0
5e0696dea7fba607951ae479,CP,adult,1.5,1
69c82b26bbadde18a3e131c4,CP,adult,1.5,1
56b78f11e77ebe000cbefe79,CP,adult,1.025,0
64012a2623351894f2917605,CP,adult,1.02,0
60bbba1662529ae59d1c55cf,CP,adult,1.25,1
69d50e21f6129f7c5ddc63ef,CP,adult,1.333332857142857,1
56b78f11e77ebe000cbefe79,CP,adult,1.5,1
699cc81dfe512adf908498ce,CP,adult,1.02,1
61521b77189f1ecd957345d7,CP,adult,1.02,1
62e42aaad0079d2ff8e97597,CP,adult,1.3333333333333333,1
69bd9f66451b01fdf0b14f81,CP,adult,1.025,0
6151e69a392433707e7a9dfb,CP,adult,1.025,0
6606cb0cf43ba898ccdc6e78,CP,adult,1.02,0
60bbba1662529ae59d1c55cf,CP,adult,1.25,1
61521b77189f1ecd957345d7,CP,adult,1.05,1
699cc81dfe512adf908498ce,CP,adult,1.033334,1
61087f78e9163fde22e933c9,CP,adult,1.025,0
69c82b26bbadde18a3e131c4,CP,adult,1.05,0
61087f78e9163fde22e933c9,CP,adult,1.025,0
69bd9f66451b01fdf0b14f81,CP,adult,1.05,1
61087f78e9163fde22e933c9,CP,adult,1.025,1
69bd9f66451b01fdf0b14f81,CP,adult,1.02,1
61087f78e9163fde22e933c9,CP,adult,1.5,1
6151e69a392433707e7a9dfb,CP,adult,1.033334,1
61521b77189f1ecd957345d7,CP,adult,1.033332857142857,0
64012a2623351894f2917605,CP,adult,1.0499999999999998,0
6606cb0cf43ba898ccdc6e78,CP,adult,1.25,1
69c82b26bbadde18a3e131c4,CP,adult,1.025,0
69866ab58c3d41549288290a,CP,adult,1.5,1
6151e69a392433707e7a9dfb,CP,adult,1.333332857142857,1
5e0696dea7fba607951ae479,CP,adult,1.033332857142857,1
69bd9f66451b01fdf0b14f81,CP,adult,1.25,1
6606cb0cf43ba898ccdc6e78,CP,adult,1.0333333333333334,0
69bd9f66451b01fdf0b14f81,CP,adult,1.5,1
61521b77189f1ecd957345d7,CP,adult,1.033334,1
56b78f11e77ebe000cbefe79,CP,adult,1.05,0
699cc81dfe512adf908498ce,CP,adult,1.02,1
62e42aaad0079d2ff8e97597,CP,adult,1.025,1
6606cb0cf43ba898ccdc6e78,CP,adult,1.05,1
61521b77189f1ecd957345d7,CP,adult,1.0333333333333334,1
69866ab58c3d41549288290a,CP,adult,1.3333333333333333,1
60bbba1662529ae59d1c55cf,CP,adult,1.333332857142857,1
699cc81dfe512adf908498ce,CP,adult,1.02,1
69bb4a09ee2c6dbc3f264e4b,CP,adult,1.5,1
699cc81dfe512adf908498ce,CP,adult,1.05,0
64012a2623351894f2917605,CP,adult,1.025,0
699cc81dfe512adf908498ce,CP,adult,1.025,1
64012a2623351894f2917605,CP,adult,1.0499999999999998,1
6151e69a392433707e7a9dfb,CP,adult,1.05,1
61521b77189f1ecd957345d7,CP,adult,1.25,1
6151e69a392433707e7a9dfb,CP,adult,1.025,1
56b78f11e77ebe000cbefe79,CP,adult,1.02,0
5e0696dea7fba607951ae479,CP,adult,1.05,0
56b78f11e77ebe000cbefe79,CP,adult,1.0333333333333334,0
61521b77189f1ecd957345d7,CP,adult,1.25,1
69c82b26bbadde18a3e131c4,CP,adult,1.25,1
6606cb0cf43ba898ccdc6e78,CP,adult,1.025,1
69bd9f66451b01fdf0b14f81,CP,adult,1.025,1
699cc81dfe512adf908498ce,CP,adult,1.25,0
69866ab58c3d41549288290a,CP,adult,1.333332857142857,1
61521b77189f1ecd957345d7,CP,adult,1.5,1
6606cb0cf43ba898ccdc6e78,CP,adult,1.5,1
62e42aaad0079d2ff8e97597,CP,adult,1.033332857142857,1
699cc81dfe512adf908498ce,CP,adult,1.333334,1
5e0696dea7fba607951ae479,CP,adult,1.25,1
64012a2623351894f2917605,CP,adult,1.5,1
69bb4a09ee2c6dbc3f264e4b,CP,adult,1.333332857142857,1
5e0696dea7fba607951ae479,CP,adult,1.033332857142857,1
699cc81dfe512adf908498ce,CP,adult,1.05,0
69866ab58c3d41549288290a,CP,adult,1.25,1
61087f78e9163fde22e933c9,CP,adult,1.025,0
69c82b26bbadde18a3e131c4,CP,adult,1.5,1
61087f78e9163fde22e933c9,CP,adult,1.025,0
6151e69a392433707e7a9dfb,CP,adult,1.333334,1
5e0696dea7fba607951ae479,CP,adult,1.0333333333333334,1
699cc81dfe512adf908498ce,CP,adult,1.25,1
60bbba1662529ae59d1c55cf,CP,adult,1.033332857142857,0
6151e69a392433707e7a9dfb,CP,adult,1.05,1
69d50e21f6129f7c5ddc63ef,CP,adult,1.25,1
69866ab58c3d41549288290a,CP,adult,1.05,1
56b78f11e77ebe000cbefe79,CP,adult,1.025,1
5e0696dea7fba607951ae479,CP,adult,1.02,1
6606cb0cf43ba898ccdc6e78,CP,adult,1.0333333333333334,0
6151e69a392433707e7a9dfb,CP,adult,1.033332857142857,0
62e42aaad0079d2ff8e97597,CP,adult,1.333332857142857,0
56b78f11e77ebe000cbefe79,CP,adult,1.025,0
6606cb0cf43ba898ccdc6e78,CP,adult,1.333332857142857,1
61521b77189f1ecd957345d7,CP,adult,1.0499999999999998,0
64012a2623351894f2917605,CP,adult,1.5,1
69d50e21f6129f7c5ddc63ef,CP,adult,1.02,1
5e0696dea7fba607951ae479,CP,adult,1.025,1
60bbba1662529ae59d1c55cf,CP,adult,1.25,1
69c82b26bbadde18a3e131c4,CP,adult,1.033332857142857,1
69bd9f66451b01fdf0b14f81,CP,adult,1.02,1
64012a2623351894f2917605,CP,adult,1.3333333333333333,1
56b78f11e77ebe000cbefe79,CP,adult,1.3333333333333333,1
64012a2623351894f2917605,CP,adult,1.25,1
62e42aaad0079d2ff8e97597,CP,adult,1.02,1
69bd9f66451b01fdf0b14f81,CP,adult,1.25,1
5e0696dea7fba607951ae479,CP,adult,1.0333333333333334,1
61087f78e9163fde22e933c9,CP,adult,1.25,0
69866ab58c3d41549288290a,CP,adult,1.25,1
69c82b26bbadde18a3e131c4,CP,adult,1.02,0
61087f78e9163fde22e933c9,CP,adult,1.25,1
5c224f5289f0350001738d48,CP,adult,1.02,1
699cc81dfe512adf908498ce,CP,adult,1.333332857142857,1
5e0696dea7fba607951ae479,CP,adult,1.0499999999999998,0
61087f78e9163fde22e933c9,CP,adult,1.033332857142857,1
64012a2623351894f2917605,CP,adult,1.3333333333333333,0
61087f78e9163fde22e933c9,CP,adult,1.025,0
56b78f11e77ebe000cbefe79,CP,adult,1.333332857142857,1
699cc81dfe512adf908498ce,CP,adult,1.025,1
5e0696dea7fba607951ae479,CP,adult,1.025,1
64012a2623351894f2917605,CP,adult,1.333332857142857,1
699cc81dfe512adf908498ce,CP,adult,1.025,1
62e42aaad0079d2ff8e97597,CP,adult,1.025,0
699cc81dfe512adf908498ce,CP,adult,1.05,1
60bbba1662529ae59d1c55cf,CP,adult,1.05,1
5e0696dea7fba607951ae479,CP,adult,1.5,1
62e42aaad0079d2ff8e97597,CP,adult,1.033334,1
64012a2623351894f2917605,CP,adult,1.333332857142857,1
69bd9f66451b01fdf0b14f81,CP,adult,1.033332857142857,0
61087f78e9163fde22e933c9,CP,adult,1.05,1
699cc81dfe512adf908498ce,CP,adult,1.25,1
62e42aaad0079d2ff8e97597,CP,adult,1.05,1
5e0696dea7fba607951ae479,CP,adult,1.033332857142857,0
62e42aaad0079d2ff8e97597,CP,adult,1.033332857142857,0
699cc81dfe512adf908498ce,CP,adult,1.25,1
69c82b26bbadde18a3e131c4,CP,adult,1.5,1
56b78f11e77ebe000cbefe79,CP,adult,1.3333333333333333,1
62e42aaad0079d2ff8e97597,CP,adult,1.333334,1
61521b77189f1ecd957345d7,CP,adult,1.25,1
699cc81dfe512adf908498ce,CP,adult,1.025,0
62e42aaad0079d2ff8e97597,CP,adult,1.0499999999999998,0
62e42aaad0079d2ff8e97597,CP,adult,1.25,0
62e42aaad0079d2ff8e97597,CP,adult,1.3333333333333333,1
56b78f11e77ebe000cbefe79,CP,adult,1.5,1
56b78f11e77ebe000cbefe79,CP,adult,1.25,1
69c82b26bbadde18a3e131c4,CP,adult,1.333334,1
62e42aaad0079d2ff8e97597,CP,adult,1.02,0
69bd9f66451b01fdf0b14f81,CP,adult,1.5,1
69c82b26bbadde18a3e131c4,CP,adult,1.0499999999999998,0
62e42aaad0079d2ff8e97597,CP,adult,1.02,1
699cc81dfe512adf908498ce,CP,adult,1.0333333333333334,0
69bd9f66451b01fdf0b14f81,CP,adult,1.25,1
63ed04d2ce3b27bda2fbbb9c,CP,adult,1.05,1
55c495d2fdf99b2d6cabb691,CP,adult,1.25,1
69c82b26bbadde18a3e131c4,CP,adult,1.05,1
5c224f5289f0350001738d48,CP,adult,1.02,1
69c82b26bbadde18a3e131c4,CP,adult,1.5,1
63ed04d2ce3b27bda2fbbb9c,CP,adult,1.02,1
608437f0b139060610c9f0c1,CP,adult,1.025,0
608437f0b139060610c9f0c1,CP,adult,1.033332857142857,1
55c495d2fdf99b2d6cabb691,CP,adult,1.333332857142857,1
55c495d2fdf99b2d6cabb691,CP,adult,1.033332857142857,0
63ed04d2ce3b27bda2fbbb9c,CP,adult,1.02,1
5c224f5289f0350001738d48,CP,adult,1.0333333333333334,1
56b78f11e77ebe000cbefe79,CP,adult,1.0333333333333334,0
64012a2623351894f2917605,CP,adult,1.5,1
62e42aaad0079d2ff8e97597,CP,adult,1.5,1
64012a2623351894f2917605,CP,adult,1.5,1
69d50e21f6129f7c5ddc63ef,CP,adult,1.025,0
69bd9f66451b01fdf0b14f81,CP,adult,1.025,0
61521b77189f1ecd957345d7,CP,adult,1.0499999999999998,1
5e0696dea7fba607951ae479,CP,adult,1.02,1
61521b77189f1ecd957345d7,CP,adult,1.25,0
62e42aaad0079d2ff8e97597,CP,adult,1.3333333333333333,1
64012a2623351894f2917605,CP,adult,1.05,0
60bbba1662529ae59d1c55cf,CP,adult,1.033334,0
62e42aaad0079d2ff8e97597,CP,adult,1.5,1
69bd9f66451b01fdf0b14f81,CP,adult,1.5,1
64012a2623351894f2917605,CP,adult,1.05,0
69d50e21f6129f7c5ddc63ef,CP,adult,1.025,1
69c82b26bbadde18a3e131c4,CP,adult,1.025,0
69d50e21f6129f7c5ddc63ef,CP,adult,1.02,0
69bd9f66451b01fdf0b14f81,CP,adult,1.25,1
69c82b26bbadde18a3e131c4,CP,adult,1.02,1
5c224f5289f0350001738d48,CP,adult,1.333332857142857,0
62e42aaad0079d2ff8e97597,CP,adult,1.5,0
5c224f5289f0350001738d48,CP,adult,1.033332857142857,1
56b78f11e77ebe000cbefe79,CP,adult,1.25,1
699cc81dfe512adf908498ce,CP,adult,1.5,1
69bd9f66451b01fdf0b14f81,CP,adult,1.25,0
61087f78e9163fde22e933c9,CP,adult,1.05,1
69bd9f66451b01fdf0b14f81,CP,adult,1.025,0
5c224f5289f0350001738d48,CP,adult,1.3333333333333333,1
69c82b26bbadde18a3e131c4,CP,adult,1.025,0
62e42aaad0079d2ff8e97597,CP,adult,1.02,1
62e42aaad0079d2ff8e97597,CP,adult,1.02,0
699cc81dfe512adf908498ce,CP,adult,1.0333333333333334,1
699cc81dfe512adf908498ce,CP,adult,1.05,0
56b78f11e77ebe000cbefe79,CP,adult,1.05,0
69c82b26bbadde18a3e131c4,CP,adult,1.025,0
56b78f11e77ebe000cbefe79,CP,adult,1.025,1
69bd9f66451b01fdf0b14f81,CP,adult,1.025,1
62e42aaad0079d2ff8e97597,CP,adult,1.3333333333333333,0
699cc81dfe512adf908498ce,CP,adult,1.5,1
69c82b26bbadde18a3e131c4,CP,adult,1.02,1
608437f0b139060610c9f0c1,CP,adult,1.0333333333333334,1
63ed04d2ce3b27bda2fbbb9c,CP,adult,1.02,1
55c495d2fdf99b2d6cabb691,CP,adult,1.25,1
63ed04d2ce3b27bda2fbbb9c,CP,adult,1.02,0
5c224f5289f0350001738d48,CP,adult,1.333332857142857,1
608437f0b139060610c9f0c1,CP,adult,1.02,1
608437f0b139060610c9f0c1,CP,adult,1.02,1
63ed04d2ce3b27bda2fbbb9c,CP,adult,1.02,0
63ed04d2ce3b27bda2fbbb9c,CP,adult,1.025,1
66465bc3e981d84abaedde48,CP,adult,1.02,0
5c224f5289f0350001738d48,CP,adult,1.02,0
5c224f5289f0350001738d48,CP,adult,1.05,1
608437f0b139060610c9f0c1,CP,adult,1.02,1
69bd9f66451b01fdf0b14f81,CP,adult,1.02,0
60bbba1662529ae59d1c55cf,CP,adult,1.033334,1
56b78f11e77ebe000cbefe79,CP,adult,1.05,0
6606cb0cf43ba898ccdc6e78,CP,adult,1.025,0
62e42aaad0079d2ff8e97597,CP,adult,1.033332857142857,0
64012a2623351894f2917605,CP,adult,1.333334,0
60bbba1662529ae59d1c55cf,CP,adult,1.25,1
699cc81dfe512adf908498ce,CP,adult,1.033332857142857,1
69bd9f66451b01fdf0b14f81,CP,adult,1.25,1
5e0696dea7fba607951ae479,CP,adult,1.025,1
69866ab58c3d41549288290a,CP,adult,1.5,1
56b78f11e77ebe000cbefe79,CP,adult,1.033334,1
69d50e21f6129f7c5ddc63ef,CP,adult,1.033334,0
61521b77189f1ecd957345d7,CP,adult,1.5,1
61087f78e9163fde22e933c9,CP,adult,1.25,0
62e42aaad0079d2ff8e97597,CP,adult,1.033332857142857,1
69bd9f66451b01fdf0b14f81,CP,adult,1.025,1
64012a2623351894f2917605,CP,adult,1.333332857142857,1
699cc81dfe512adf908498ce,CP,adult,1.333334,1
61087f78e9163fde22e933c9,CP,adult,1.5,1
699cc81dfe512adf908498ce,CP,adult,1.0333333333333334,0
56b78f11e77ebe000cbefe79,CP,adult,1.025,0
64012a2623351894f2917605,CP,adult,1.5,1
60bbba1662529ae59d1c55cf,CP,adult,1.5,1
61521b77189f1ecd957345d7,CP,adult,1.02,0
69d50e21f6129f7c5ddc63ef,CP,adult,1.025,0
62e42aaad0079d2ff8e97597,CP,adult,1.0499999999999998,0
699cc81dfe512adf908498ce,CP,adult,1.02,1
61521b77189f1ecd957345d7,CP,adult,1.5,1
56b78f11e77ebe000cbefe79,CP,adult,1.0333333333333334,1
69bd9f66451b01fdf0b14f81,CP,adult,1.033332857142857,1
5c224f5289f0350001738d48,CP,adult,1.02,1
5c224f5289f0350001738d48,CP,adult,1.033334,1
61521b77189f1ecd957345d7,CP,adult,1.05,1
61521b77189f1ecd957345d7,CP,adult,1.0333333333333334,1
61521b77189f1ecd957345d7,CP,adult,1.025,0
61521b77189f1ecd957345d7,CP,adult,1.25,1
699cc81dfe512adf908498ce,CP,adult,1.25,1
56b78f11e77ebe000cbefe79,CP,adult,1.025,1
62e42aaad0079d2ff8e97597,CP,adult,1.02,1
62e42aaad0079d2ff8e97597,CP,adult,1.3333333333333333,0
62e42aaad0079d2ff8e97597,CP,adult,1.5,1
66465bc3e981d84abaedde48,CP,adult,1.033332857142857,0
55c495d2fdf99b2d6cabb691,CP,adult,1.0333333333333334,0
66465bc3e981d84abaedde48,CP,adult,1.025,0
63ed04d2ce3b27bda2fbbb9c,CP,adult,1.025,0
5c224f5289f0350001738d48,CP,adult,1.25,1
5c224f5289f0350001738d48,CP,adult,1.0333333333333334,0
670075d557d79b4cef60c761,CP,adult,1.02,0
63ed04d2ce3b27bda2fbbb9c,CP,adult,1.05,1
670075d557d79b4cef60c761,CP,adult,1.25,0
670075d557d79b4cef60c761,CP,adult,1.033334,0
608437f0b139060610c9f0c1,CP,adult,1.25,1
608437f0b139060610c9f0c1,CP,adult,1.025,1
63ed04d2ce3b27bda2fbbb9c,CP,adult,1.05,0
63ed04d2ce3b27bda2fbbb9c,CP,adult,1.05,0
5e0696dea7fba607951ae479,CP,adult,1.5,1
61521b77189f1ecd957345d7,CP,adult,1.25,1
5e0696dea7fba607951ae479,CP,adult,1.025,0
60bbba1662529ae59d1c55cf,CP,adult,1.05,1
56b78f11e77ebe000cbefe79,CP,adult,1.5,1
6606cb0cf43ba898ccdc6e78,CP,adult,1.033332857142857,1
56b78f11e77ebe000cbefe79,CP,adult,1.333334,1
69c82b26bbadde18a3e131c4,CP,adult,1.0499999999999998,1
60bbba1662529ae59d1c55cf,CP,adult,1.5,1
61087f78e9163fde22e933c9,CP,adult,1.25,1
62e42aaad0079d2ff8e97597,CP,adult,1.333332857142857,1
61521b77189f1ecd957345d7,CP,adult,1.02,0
61087f78e9163fde22e933c9,CP,adult,1.025,0
69866ab58c3d41549288290a,CP,adult,1.0333333333333334,1
56b78f11e77ebe000cbefe79,CP,adult,1.05,0
64012a2623351894f2917605,CP,adult,1.25,0
62e42aaad0079d2ff8e97597,CP,adult,1.25,1
61521b77189f1ecd957345d7,CP,adult,1.033332857142857,1
60bbba1662529ae59d1c55cf,CP,adult,1.333332857142857,1
62e42aaad0079d2ff8e97597,CP,adult,1.0333333333333334,0
64012a2623351894f2917605,CP,adult,1.25,1
69bd9f66451b01fdf0b14f81,CP,adult,1.02,1
5e0696dea7fba607951ae479,CP,adult,1.5,1
69bd9f66451b01fdf0b14f81,CP,adult,1.05,0
61087f78e9163fde22e933c9,CP,adult,1.05,0
64012a2623351894f2917605,CP,adult,1.02,0
56b78f11e77ebe000cbefe79,CP,adult,1.25,1
61087f78e9163fde22e933c9,CP,adult,1.3333333333333333,1
61087f78e9163fde22e933c9,CP,adult,1.333334,1
61087f78e9163fde22e933c9,CP,adult,1.5,1
56b78f11e77ebe000cbefe79,CP,adult,1.02,1
61521b77189f1ecd957345d7,CP,adult,1.5,1
69c82b26bbadde18a3e131c4,CP,adult,1.25,1
69bd9f66451b01fdf0b14f81,CP,adult,1.333332857142857,1
62e42aaad0079d2ff8e97597,CP,adult,1.25,0
699cc81dfe512adf908498ce,CP,adult,1.5,1
699cc81dfe512adf908498ce,CP,adult,1.25,1
69c82b26bbadde18a3e131c4,CP,adult,1.025,1
699cc81dfe512adf908498ce,CP,adult,1.025,1
699cc81dfe512adf908498ce,CP,adult,1.033334,1
56b78f11e77ebe000cbefe79,CP,adult,1.5,1
69c82b26bbadde18a3e131c4,CP,adult,1.0333333333333334,0
63ed04d2ce3b27bda2fbbb9c,CP,adult,1.0499999999999998,0
670075d557d79b4cef60c761,CP,adult,1.0333333333333334,1
5bf349126f97050001e6a6e6,CP,adult,1.02,0
66465bc3e981d84abaedde48,CP,adult,1.333332857142857,1
63ed04d2ce3b27bda2fbbb9c,CP,adult,1.02,1
5c224f5289f0350001738d48,CP,adult,1.25,1
55c495d2fdf99b2d6cabb691,CP,adult,1.25,1
66465bc3e981d84abaedde48,CP,adult,1.333332857142857,1
63ed04d2ce3b27bda2fbbb9c,CP,adult,1.025,0
55c495d2fdf99b2d6cabb691,CP,adult,1.033332857142857,1
670075d557d79b4cef60c761,CP,adult,1.25,1
66465bc3e981d84abaedde48,CP,adult,1.02,0
66465bc3e981d84abaedde48,CP,adult,1.0499999999999998,0
62e42aaad0079d2ff8e97597,CP,adult,1.25,1
6606cb0cf43ba898ccdc6e78,CP,adult,1.025,1
69866ab58c3d41549288290a,CP,adult,1.25,1
61521b77189f1ecd957345d7,CP,adult,1.0333333333333334,0
69866ab58c3d41549288290a,CP,adult,1.5,1
699cc81dfe512adf908498ce,CP,adult,1.25,0
69bd9f66451b01fdf0b14f81,CP,adult,1.25,1
62e42aaad0079d2ff8e97597,CP,adult,1.02,1
64012a2623351894f2917605,CP,adult,1.333332857142857,1
69d50e21f6129f7c5ddc63ef,CP,adult,1.0333333333333334,0
69c82b26bbadde18a3e131c4,CP,adult,1.02,1
699cc81dfe512adf908498ce,CP,adult,1.025,1
5e0696dea7fba607951ae479,CP,adult,1.333334,1
60bbba1662529ae59d1c55cf,CP,adult,1.025,0
5e0696dea7fba607951ae479,CP,adult,1.02,0
61521b77189f1ecd957345d7,CP,adult,1.02,0
56b78f11e77ebe000cbefe79,CP,adult,1.333334,1
61087f78e9163fde22e933c9,CP,adult,1.033334,0
56b78f11e77ebe000cbefe79,CP,adult,1.02,1
69d50e21f6129f7c5ddc63ef,CP,adult,1.0333333333333334,1
5e0696dea7fba607951ae479,CP,adult,1.25,0
61521b77189f1ecd957345d7,CP,adult,1.3333333333333333,1
69d50e21f6129f7c5ddc63ef,CP,adult,1.033332857142857,1
64012a2623351894f2917605,CP,adult,1.25,1
69c82b26bbadde18a3e131c4,CP,adult,1.3333333333333333,1
60bbba1662529ae59d1c55cf,CP,adult,1.02,0
5c224f5289f0350001738d48,CP,adult,1.25,1
69d50e21f6129f7c5ddc63ef,CP,adult,1.025,1
699cc81dfe512adf908498ce,CP,adult,1.5,1
5c224f5289f0350001738d48,CP,adult,1.0333333333333334,1
69c82b26bbadde18a3e131c4,CP,adult,1.25,1
69bd9f66451b01fdf0b14f81,CP,adult,1.5,1
69bd9f66451b01fdf0b14f81,CP,adult,1.025,1
699cc81dfe512adf908498ce,CP,adult,1.02,0
69bd9f66451b01fdf0b14f81,CP,adult,1.0333333333333334,0
69bd9f66451b01fdf0b14f81,CP,adult,1.3333333333333333,1
62e42aaad0079d2ff8e97597,CP,adult,1.02,1
61521b77189f1ecd957345d7,CP,adult,1.333332857142857,1
699cc81dfe512adf908498ce,CP,adult,1.333332857142857,1
56b78f11e77ebe000cbefe79,CP,adult,1.033334,1
56b78f11e77ebe000cbefe79,CP,adult,1.333334,1
69bd9f66451b01fdf0b14f81,CP,adult,1.5,1
56b78f11e77ebe000cbefe79,CP,adult,1.25,1
699cc81dfe512adf908498ce,CP,adult,1.5,1
670075d557d79b4cef60c761,CP,adult,1.025,0
66e4942b5e367063e3a707b5,CP,adult,1.025,1
66e4942b5e367063e3a707b5,CP,adult,1.02,1
63ed04d2ce3b27bda2fbbb9c,CP,adult,1.05,0
608437f0b139060610c9f0c1,CP,adult,1.025,1
608437f0b139060610c9f0c1,CP,adult,1.025,0
66e4942b5e367063e3a707b5,CP,adult,1.5,1
63ed04d2ce3b27bda2fbbb9c,CP,adult,1.0333333333333334,1
608437f0b139060610c9f0c1,CP,adult,1.025,1
66e4942b5e367063e3a707b5,CP,adult,1.25,1
63ed04d2ce3b27bda2fbbb9c,CP,adult,1.25,1
608437f0b139060610c9f0c1,CP,adult,1.033334,0
66e4942b5e367063e3a707b5,CP,adult,1.02,1
66465bc3e981d84abaedde48,CP,adult,1.25,1
69d50e21f6129f7c5ddc63ef,CP,adult,1.025,0
699cc81dfe512adf908498ce,CP,adult,1.25,1
69bd9f66451b01fdf0b14f81,CP,adult,1.5,1
61087f78e9163fde22e933c9,CP,adult,1.05,0
69c82b26bbadde18a3e131c4,CP,adult,1.033334,0
62e42aaad0079d2ff8e97597,CP,adult,1.025,0
69d50e21f6129f7c5ddc63ef,CP,adult,1.02,1
69866ab58c3d41549288290a,CP,adult,1.333332857142857,1
699cc81dfe512adf908498ce,CP,adult,1.05,0
69bd9f66451b01fdf0b14f81,CP,adult,1.3333333333333333,1
61087f78e9163fde22e933c9,CP,adult,1.25,1
69bd9f66451b01fdf0b14f81,CP,adult,1.0333333333333334,1
56b78f11e77ebe000cbefe79,CP,adult,1.5,1
69c82b26bbadde18a3e131c4,CP,adult,1.025,0
69bd9f66451b01fdf0b14f81,CP,adult,1.25,1
61087f78e9163fde22e933c9,CP,adult,1.25,1
699cc81dfe512adf908498ce,CP,adult,1.25,1
5c224f5289f0350001738d48,CP,adult,1.05,1
5e0696dea7fba607951ae479,CP,adult,1.025,1
61521b77189f1ecd957345d7,CP,adult,1.02,1
60bbba1662529ae59d1c55cf,CP,adult,1.333332857142857,1
69c82b26bbadde18a3e131c4,CP,adult,1.333332857142857,1
61087f78e9163fde22e933c9,CP,adult,1.0499999999999998,1
5c224f5289f0350001738d48,CP,adult,1.0333333333333334,1
56b78f11e77ebe000cbefe79,CP,adult,1.5,1
5e0696dea7fba607951ae479,CP,adult,1.5,1
61521b77189f1ecd957345d7,CP,adult,1.025,0
62e42aaad0079d2ff8e97597,CP,adult,1.05,1
69bd9f66451b01fdf0b14f81,CP,adult,1.333334,1
699cc81dfe512adf908498ce,CP,adult,1.025,0
61087f78e9163fde22e933c9,CP,adult,1.3333333333333333,1
56b78f11e77ebe000cbefe79,CP,adult,1.0333333333333334,1
56b78f11e77ebe000cbefe79,CP,adult,1.05,1
69c82b26bbadde18a3e131c4,CP,adult,1.25,1
699cc81dfe512adf908498ce,CP,adult,1.033334,0
62e42aaad0079d2ff8e97597,CP,adult,1.025,0
69bd9f66451b01fdf0b14f81,CP,adult,1.3333333333333333,1
62e42aaad0079d2ff8e97597,CP,adult,1.033332857142857,0
69bd9f66451b01fdf0b14f81,CP,adult,1.05,0
69bd9f66451b01fdf0b14f81,CP,adult,1.25,1
62e42aaad0079d2ff8e97597,CP,adult,1.05,1
699cc81dfe512adf908498ce,CP,adult,1.333332857142857,0
55c495d2fdf99b2d6cabb691,CP,adult,1.0333333333333334,1
670075d557d79b4cef60c761,CP,adult,1.5,1
66465bc3e981d84abaedde48,CP,adult,1.333334,1
55c495d2fdf99b2d6cabb691,CP,adult,1.5,1
670075d557d79b4cef60c761,CP,adult,1.02,0
55c495d2fdf99b2d6cabb691,CP,adult,1.02,0
66465bc3e981d84abaedde48,CP,adult,1.5,1
670075d557d79b4cef60c761,CP,adult,1.025,0
55c495d2fdf99b2d6cabb691,CP,adult,1.025,0
66465bc3e981d84abaedde48,CP,adult,1.5,1
670075d557d79b4cef60c761,CP,adult,1.25,1
5c224f5289f0350001738d48,CP,adult,1.025,1
63ed04d2ce3b27bda2fbbb9c,CP,adult,1.025,1
55c495d2fdf99b2d6cabb691,CP,adult,1.02,1
608437f0b139060610c9f0c1,CP,adult,1.033334,1
66e4942b5e367063e3a707b5,CP,adult,1.02,1
63ed04d2ce3b27bda2fbbb9c,CP,adult,1.25,1
66465bc3e981d84abaedde48,CP,adult,1.25,0
5c224f5289f0350001738d48,CP,adult,1.5,1
55c495d2fdf99b2d6cabb691,CP,adult,1.033332857142857,0
63ed04d2ce3b27bda2fbbb9c,CP,adult,1.25,1
66465bc3e981d84abaedde48,CP,adult,1.025,1
63ed04d2ce3b27bda2fbbb9c,CP,adult,1.033334,1
670075d557d79b4cef60c761,CP,adult,1.033332857142857,1
670075d557d79b4cef60c761,CP,adult,1.25,1
670075d557d79b4cef60c761,CP,adult,1.033334,0
66e4942b5e367063e3a707b5,CP,adult,1.05,1
66e4942b5e367063e3a707b5,CP,adult,1.02,1
608437f0b139060610c9f0c1,CP,adult,1.333332857142857,0
6342679e9890a58b5f8d2965,CP,adult,1.02,1
6342679e9890a58b5f8d2965,CP,adult,1.025,1
6342679e9890a58b5f8d2965,CP,adult,1.25,1
6342679e9890a58b5f8d2965,CP,adult,1.25,1
6342679e9890a58b5f8d2965,CP,adult,1.333334,1
6342679e9890a58b5f8d2965,CP,adult,1.0499999999999998,1
6342679e9890a58b5f8d2965,CP,adult,1.25,0
6342679e9890a58b5f8d2965,CP,adult,1.033332857142857,1
6342679e9890a58b5f8d2965,CP,adult,1.25,1
6342679e9890a58b5f8d2965,CP,adult,1.25,0
6342679e9890a58b5f8d2965,CP,adult,1.033332857142857,1
6342679e9890a58b5f8d2965,CP,adult,1.025,0
6342679e9890a58b5f8d2965,CP,adult,1.333332857142857,1
6342679e9890a58b5f8d2965,CP,adult,1.02,1
6342679e9890a58b5f8d2965,CP,adult,1.5,1
6342679e9890a58b5f8d2965,CP,adult,1.333332857142857,1
6342679e9890a58b5f8d2965,CP,adult,1.02,0
6342679e9890a58b5f8d2965,CP,adult,1.25,1
6342679e9890a58b5f8d2965,CP,adult,1.333334,1
6342679e9890a58b5f8d2965,CP,adult,1.033334,1
6342679e9890a58b5f8d2965,CP,adult,1.02,0
6342679e9890a58b5f8d2965,CP,adult,1.333334,1
6342679e9890a58b5f8d2965,CP,adult,1.5,1
6342679e9890a58b5f8d2965,CP,adult,1.033332857142857,1
6342679e9890a58b5f8d2965,CP,adult,1.5,1
6342679e9890a58b5f8d2965,CP,adult,1.02,1
6342679e9890a58b5f8d2965,CP,adult,1.5,1
6342679e9890a58b5f8d2965,CP,adult,1.05,1
6342679e9890a58b5f8d2965,CP,adult,1.05,1
6342679e9890a58b5f8d2965,CP,adult,1.3333333333333333,1
6342679e9890a58b5f8d2965,CP,adult,1.5,1
6342679e9890a58b5f8d2965,CP,adult,1.333334,1
6342679e9890a58b5f8d2965,CP,adult,1.3333333333333333,0
6342679e9890a58b5f8d2965,CP,adult,1.0333333333333334,0
6342679e9890a58b5f8d2965,CP,adult,1.02,1
6342679e9890a58b5f8d2965,CP,adult,1.25,1
6342679e9890a58b5f8d2965,CP,adult,1.5,1
6342679e9890a58b5f8d2965,CP,adult,1.5,1
6342679e9890a58b5f8d2965,CP,adult,1.05,0
6342679e9890a58b5f8d2965,CP,adult,1.02,1
6342679e9890a58b5f8d2965,CP,adult,1.25,1
6342679e9890a58b5f8d2965,CP,adult,1.05,1
6342679e9890a58b5f8d2965,CP,adult,1.033332857142857,0
6342679e9890a58b5f8d2965,CP,adult,1.02,1
5bf349126f97050001e6a6e6,CP,adult,1.025,0
66e4942b5e367063e3a707b5,CP,adult,1.0499999999999998,1
66e4942b5e367063e3a707b5,CP,adult,1.3333333333333333,1
66465bc3e981d84abaedde48,CP,adult,1.02,1
5c224f5289f0350001738d48,CP,adult,1.5,1
5c224f5289f0350001738d48,CP,adult,1.5,1
608437f0b139060610c9f0c1,CP,adult,1.5,1
670075d557d79b4cef60c761,CP,adult,1.25,1
66465bc3e981d84abaedde48,CP,adult,1.333334,1
66465bc3e981d84abaedde48,CP,adult,1.02,1
66e4942b5e367063e3a707b5,CP,adult,1.02,1
63ed04d2ce3b27bda2fbbb9c,CP,adult,1.25,1
63ed04d2ce3b27bda2fbbb9c,CP,adult,1.25,1
66465bc3e981d84abaedde48,CP,adult,1.5,1
6342679e9890a58b5f8d2965,CP,adult,1.025,1
6342679e9890a58b5f8d2965,CP,adult,1.0499999999999998,1
6342679e9890a58b5f8d2965,CP,adult,1.033334,1
6342679e9890a58b5f8d2965,CP,adult,1.025,0
670075d557d79b4cef60c761,CP,adult,1.02,0
55c495d2fdf99b2d6cabb691,CP,adult,1.0333333333333334,1
63ed04d2ce3b27bda2fbbb9c,CP,adult,1.25,1
66e4942b5e367063e3a707b5,CP,adult,1.5,1
66e4942b5e367063e3a707b5,CP,adult,1.025,1
55c495d2fdf99b2d6cabb691,CP,adult,1.025,1
66e4942b5e367063e3a707b5,CP,adult,1.025,0
66465bc3e981d84abaedde48,CP,adult,1.25,1
63ed04d2ce3b27bda2fbbb9c,CP,adult,1.025,1
608437f0b139060610c9f0c1,CP,adult,1.25,1
63ed04d2ce3b27bda2fbbb9c,CP,adult,1.25,1
66465bc3e981d84abaedde48,CP,adult,1.5,1
608437f0b139060610c9f0c1,CP,adult,1.5,1
63ed04d2ce3b27bda2fbbb9c,CP,adult,1.3333333333333333,1
5e9838342f9c6001611f9b50,CP,adult,1.5,1
5e9838342f9c6001611f9b50,CP,adult,1.5,1
5e9838342f9c6001611f9b50,CP,adult,1.05,1
5e9838342f9c6001611f9b50,CP,adult,1.333334,1
5e9838342f9c6001611f9b50,CP,adult,1.25,1
5e9838342f9c6001611f9b50,CP,adult,1.02,0
5e9838342f9c6001611f9b50,CP,adult,1.05,1
60d3370ae32bc81e9f0c6279,CP,adult,1.02,0
5e9838342f9c6001611f9b50,CP,adult,1.05,1
60d3370ae32bc81e9f0c6279,CP,adult,1.025,1
5e9838342f9c6001611f9b50,CP,adult,1.25,1
60d3370ae32bc81e9f0c6279,CP,adult,1.025,0
5e9838342f9c6001611f9b50,CP,adult,1.025,0
60d3370ae32bc81e9f0c6279,CP,adult,1.02,0
5e9838342f9c6001611f9b50,CP,adult,1.3333333333333333,1
60d3370ae32bc81e9f0c6279,CP,adult,1.02,0
60d3370ae32bc81e9f0c6279,CP,adult,1.02,1
5e9838342f9c6001611f9b50,CP,adult,1.033332857142857,1
60d3370ae32bc81e9f0c6279,CP,adult,1.02,1
5e9838342f9c6001611f9b50,CP,adult,1.025,0
60d3370ae32bc81e9f0c6279,CP,adult,1.025,0
5e9838342f9c6001611f9b50,CP,adult,1.033332857142857,1
60d3370ae32bc81e9f0c6279,CP,adult,1.02,1
60d3370ae32bc81e9f0c6279,CP,adult,1.025,0
5e9838342f9c6001611f9b50,CP,adult,1.025,0
60d3370ae32bc81e9f0c6279,CP,adult,1.025,0
5e9838342f9c6001611f9b50,CP,adult,1.02,0
60d3370ae32bc81e9f0c6279,CP,adult,1.025,0
5e9838342f9c6001611f9b50,CP,adult,1.02,0
60d3370ae32bc81e9f0c6279,CP,adult,1.02,0
66465bc3e981d84abaedde48,CP,adult,1.5,1
670075d557d79b4cef60c761,CP,adult,1.033332857142857,0
670075d557d79b4cef60c761,CP,adult,1.0499999999999998,0
670075d557d79b4cef60c761,CP,adult,1.25,0
66465bc3e981d84abaedde48,CP,adult,1.05,1
66e4942b5e367063e3a707b5,CP,adult,1.033334,1
55c495d2fdf99b2d6cabb691,CP,adult,1.0499999999999998,1
608437f0b139060610c9f0c1,CP,adult,1.02,1
608437f0b139060610c9f0c1,CP,adult,1.3333333333333333,1
63ed04d2ce3b27bda2fbbb9c,CP,adult,1.0333333333333334,0
66465bc3e981d84abaedde48,CP,adult,1.0499999999999998,1
5bf349126f97050001e6a6e6,CP,adult,1.02,0
66465bc3e981d84abaedde48,CP,adult,1.033332857142857,0
670075d557d79b4cef60c761,CP,adult,1.0499999999999998,0
60d3370ae32bc81e9f0c6279,CP,adult,1.02,1
5e9838342f9c6001611f9b50,CP,adult,1.02,1
60d3370ae32bc81e9f0c6279,CP,adult,1.02,0
5e9838342f9c6001611f9b50,CP,adult,1.025,1
60d3370ae32bc81e9f0c6279,CP,adult,1.02,0
5e9838342f9c6001611f9b50,CP,adult,1.025,0
60d3370ae32bc81e9f0c6279,CP,adult,1.025,0
60d3370ae32bc81e9f0c6279,CP,adult,1.0333333333333334,0
5e9838342f9c6001611f9b50,CP,adult,1.333334,1
60d3370ae32bc81e9f0c6279,CP,adult,1.033334,1
5e9838342f9c6001611f9b50,CP,adult,1.0333333333333334,1
60d3370ae32bc81e9f0c6279,CP,adult,1.025,0
5e9838342f9c6001611f9b50,CP,adult,1.333332857142857,1
60d3370ae32bc81e9f0c6279,CP,adult,1.033332857142857,0
5e9838342f9c6001611f9b50,CP,adult,1.025,1
60d3370ae32bc81e9f0c6279,CP,adult,1.033334,1
5e9838342f9c6001611f9b50,CP,adult,1.033332857142857,0
60d3370ae32bc81e9f0c6279,CP,adult,1.025,1
5e9838342f9c6001611f9b50,CP,adult,1.25,1
60d3370ae32bc81e9f0c6279,CP,adult,1.025,0
60d3370ae32bc81e9f0c6279,CP,adult,1.05,0
5e9838342f9c6001611f9b50,CP,adult,1.05,1
60d3370ae32bc81e9f0c6279,CP,adult,1.033332857142857,1
5e9838342f9c6001611f9b50,CP,adult,1.02,0
60d3370ae32bc81e9f0c6279,CP,adult,1.033334,0
5e9838342f9c6001611f9b50,CP,adult,1.025,1
60d3370ae32bc81e9f0c6279,CP,adult,1.033334,0
5e9838342f9c6001611f9b50,CP,adult,1.0499999999999998,1
60d3370ae32bc81e9f0c6279,CP,adult,1.033334,0
5e9838342f9c6001611f9b50,CP,adult,1.05,0
60d3370ae32bc81e9f0c6279,CP,adult,1.033334,0
60d3370ae32bc81e9f0c6279,CP,adult,1.05,1
5e9838342f9c6001611f9b50,CP,adult,1.3333333333333333,1
60d3370ae32bc81e9f0c6279,CP,adult,1.033334,0
5e9838342f9c6001611f9b50,CP,adult,1.02,0
60d3370ae32bc81e9f0c6279,CP,adult,1.0499999999999998,1
5e9838342f9c6001611f9b50,CP,adult,1.25,1
60d3370ae32bc81e9f0c6279,CP,adult,1.333332857142857,1
5e9838342f9c6001611f9b50,CP,adult,1.025,1
60d3370ae32bc81e9f0c6279,CP,adult,1.05,0
60d3370ae32bc81e9f0c6279,CP,adult,1.333334,1
5e9838342f9c6001611f9b50,CP,adult,1.3333333333333333,1
60d3370ae32bc81e9f0c6279,CP,adult,1.333332857142857,1
5e9838342f9c6001611f9b50,CP,adult,1.0333333333333334,0
5c224f5289f0350001738d48,CP,adult,1.5,1
608437f0b139060610c9f0c1,CP,adult,1.02,1
608437f0b139060610c9f0c1,CP,adult,1.5,1
608437f0b139060610c9f0c1,CP,adult,1.3333333333333333,0
608437f0b139060610c9f0c1,CP,adult,1.025,1
608437f0b139060610c9f0c1,CP,adult,1.05,0
5c224f5289f0350001738d48,CP,adult,1.5,1
66e4942b5e367063e3a707b5,CP,adult,1.5,1
66e4942b5e367063e3a707b5,CP,adult,1.0333333333333334,1
66e4942b5e367063e3a707b5,CP,adult,1.5,1
608437f0b139060610c9f0c1,CP,adult,1.3333333333333333,1
608437f0b139060610c9f0c1,CP,adult,1.05,0
670075d557d79b4cef60c761,CP,adult,1.02,0
66e4942b5e367063e3a707b5,CP,adult,1.033334,0
60d3370ae32bc81e9f0c6279,CP,adult,1.05,1
5e9838342f9c6001611f9b50,CP,adult,1.05,0
60d3370ae32bc81e9f0c6279,CP,adult,1.05,0
60d3370ae32bc81e9f0c6279,CP,adult,1.05,0
5e9838342f9c6001611f9b50,CP,adult,1.333332857142857,1
60d3370ae32bc81e9f0c6279,CP,adult,1.25,1
5e9838342f9c6001611f9b50,CP,adult,1.25,1
60d3370ae32bc81e9f0c6279,CP,adult,1.333332857142857,1
5e9838342f9c6001611f9b50,CP,adult,1.033332857142857,1
60d3370ae32bc81e9f0c6279,CP,adult,1.25,0
5e9838342f9c6001611f9b50,CP,adult,1.02,0
60d3370ae32bc81e9f0c6279,CP,adult,1.333334,1
60d3370ae32bc81e9f0c6279,CP,adult,1.05,1
5e9838342f9c6001611f9b50,CP,adult,1.05,0
60d3370ae32bc81e9f0c6279,CP,adult,1.0499999999999998,1
5e9838342f9c6001611f9b50,CP,adult,1.25,1
60d3370ae32bc81e9f0c6279,CP,adult,1.3333333333333333,1
5e9838342f9c6001611f9b50,CP,adult,1.025,1
60d3370ae32bc81e9f0c6279,CP,adult,1.05,0
5e9838342f9c6001611f9b50,CP,adult,1.5,1
60d3370ae32bc81e9f0c6279,CP,adult,1.5,1
60d3370ae32bc81e9f0c6279,CP,adult,1.25,0
5e9838342f9c6001611f9b50,CP,adult,1.25,1
60d3370ae32bc81e9f0c6279,CP,adult,1.333334,1
5e9838342f9c6001611f9b50,CP,adult,1.033334,0
60d3370ae32bc81e9f0c6279,CP,adult,1.25,1
5e9838342f9c6001611f9b50,CP,adult,1.05,1
60d3370ae32bc81e9f0c6279,CP,adult,1.333332857142857,1
5e9838342f9c6001611f9b50,CP,adult,1.25,1
60d3370ae32bc81e9f0c6279,CP,adult,1.25,0
5e9838342f9c6001611f9b50,CP,adult,1.05,1
60d3370ae32bc81e9f0c6279,CP,adult,1.333334,1
60d3370ae32bc81e9f0c6279,CP,adult,1.5,1
5e9838342f9c6001611f9b50,CP,adult,1.02,1
5e9838342f9c6001611f9b50,CP,adult,1.333334,1
60d3370ae32bc81e9f0c6279,CP,adult,1.25,1
60d3370ae32bc81e9f0c6279,CP,adult,1.25,1
5e9838342f9c6001611f9b50,CP,adult,1.333332857142857,1
60d3370ae32bc81e9f0c6279,CP,adult,1.25,1
5e9838342f9c6001611f9b50,CP,adult,1.02,1
60d3370ae32bc81e9f0c6279,CP,adult,1.25,1
60d3370ae32bc81e9f0c6279,CP,adult,1.25,1
5e9838342f9c6001611f9b50,CP,adult,1.25,1
60d3370ae32bc81e9f0c6279,CP,adult,1.333334,1
608437f0b139060610c9f0c1,CP,adult,1.025,0
5c224f5289f0350001738d48,CP,adult,1.5,1
55c495d2fdf99b2d6cabb691,CP,adult,1.0333333333333334,1
63ed04d2ce3b27bda2fbbb9c,CP,adult,1.25,1
670075d557d79b4cef60c761,CP,adult,1.0333333333333334,1
670075d557d79b4cef60c761,CP,adult,1.5,1
5bf349126f97050001e6a6e6,CP,adult,1.02,1
55c495d2fdf99b2d6cabb691,CP,adult,1.05,1
55c495d2fdf99b2d6cabb691,CP,adult,1.333332857142857,1
608437f0b139060610c9f0c1,CP,adult,1.25,1
670075d557d79b4cef60c761,CP,adult,1.033334,1
670075d557d79b4cef60c761,CP,adult,1.025,0
66e4942b5e367063e3a707b5,CP,adult,1.033332857142857,0
608437f0b139060610c9f0c1,CP,adult,1.25,1
66465bc3e981d84abaedde48,CP,adult,1.5,1
670075d557d79b4cef60c761,CP,adult,1.033332857142857,0
63ed04d2ce3b27bda2fbbb9c,CP,adult,1.033334,1
66e4942b5e367063e3a707b5,CP,adult,1.25,1
608437f0b139060610c9f0c1,CP,adult,1.5,1
670075d557d79b4cef60c761,CP,adult,1.02,1
66e4942b5e367063e3a707b5,CP,adult,1.0499999999999998,1
66465bc3e981d84abaedde48,CP,adult,1.05,0
63ed04d2ce3b27bda2fbbb9c,CP,adult,1.333334,1
608437f0b139060610c9f0c1,CP,adult,1.02,1
670075d557d79b4cef60c761,CP,adult,1.333332857142857,1
66e4942b5e367063e3a707b5,CP,adult,1.02,0
63ed04d2ce3b27bda2fbbb9c,CP,adult,1.025,0
66465bc3e981d84abaedde48,CP,adult,1.3333333333333333,1
670075d557d79b4cef60c761,CP,adult,1.5,1
66e4942b5e367063e3a707b5,CP,adult,1.025,1
66465bc3e981d84abaedde48,CP,adult,1.5,1
5bf349126f97050001e6a6e6,CP,adult,1.025,1
63ed04d2ce3b27bda2fbbb9c,CP,adult,1.3333333333333333,1
66e4942b5e367063e3a707b5,CP,adult,1.025,0
670075d557d79b4cef60c761,CP,adult,1.333332857142857,1
66465bc3e981d84abaedde48,CP,adult,1.5,1
63ed04d2ce3b27bda2fbbb9c,CP,adult,1.025,1
66e4942b5e367063e3a707b5,CP,adult,1.033332857142857,1
670075d557d79b4cef60c761,CP,adult,1.05,1
66465bc3e981d84abaedde48,CP,adult,1.02,0
66e4942b5e367063e3a707b5,CP,adult,1.0499999999999998,0
63ed04d2ce3b27bda2fbbb9c,CP,adult,1.333334,1
670075d557d79b4cef60c761,CP,adult,1.05,0
66465bc3e981d84abaedde48,CP,adult,1.3333333333333333,1
66e4942b5e367063e3a707b5,CP,adult,1.5,1
63ed04d2ce3b27bda2fbbb9c,CP,adult,1.333332857142857,1
670075d557d79b4cef60c761,CP,adult,1.25,1
66465bc3e981d84abaedde48,CP,adult,1.25,1
66e4942b5e367063e3a707b5,CP,adult,1.333332857142857,1
670075d557d79b4cef60c761,CP,adult,1.25,1
66e4942b5e367063e3a707b5,CP,adult,1.05,1
66465bc3e981d84abaedde48,CP,adult,1.5,1
63ed04d2ce3b27bda2fbbb9c,CP,adult,1.25,0
66e4942b5e367063e3a707b5,CP,adult,1.0499999999999998,1
66465bc3e981d84abaedde48,CP,adult,1.033332857142857,1
63ed04d2ce3b27bda2fbbb9c,CP,adult,1.333332857142857,0
66e4942b5e367063e3a707b5,CP,adult,1.02,0
66465bc3e981d84abaedde48,CP,adult,1.05,1
670075d557d79b4cef60c761,CP,adult,1.333332857142857,1
5bf349126f97050001e6a6e6,CP,adult,1.02,0
670075d557d79b4cef60c761,CP,adult,1.333334,1
63ed04d2ce3b27bda2fbbb9c,CP,adult,1.0333333333333334,1
63ed04d2ce3b27bda2fbbb9c,CP,adult,1.5,1
66e4942b5e367063e3a707b5,CP,adult,1.033332857142857,1
66e4942b5e367063e3a707b5,CP,adult,1.02,0
66e4942b5e367063e3a707b5,CP,adult,1.033332857142857,1
66465bc3e981d84abaedde48,CP,adult,1.025,1
66465bc3e981d84abaedde48,CP,adult,1.02,0
66465bc3e981d84abaedde48,CP,adult,1.02,0
69c45e1ec41a12dde0aac876,CP,adult,1.5,1
63ed04d2ce3b27bda2fbbb9c,CP,adult,1.5,1
66465bc3e981d84abaedde48,CP,adult,1.025,0
66465bc3e981d84abaedde48,CP,adult,1.025,0
69c45e1ec41a12dde0aac876,CP,adult,1.333332857142857,1
5b5a822e1ad8270001c4f28d,CP,adult,1.025,1
66e4942b5e367063e3a707b5,CP,adult,1.333334,1
66e4942b5e367063e3a707b5,CP,adult,1.25,1
66e4942b5e367063e3a707b5,CP,adult,1.333334,1
69c45e1ec41a12dde0aac876,CP,adult,1.02,1
66e4942b5e367063e3a707b5,CP,adult,1.033332857142857,1
66e4942b5e367063e3a707b5,CP,adult,1.333334,1
66e4942b5e367063e3a707b5,CP,adult,1.25,1
5b215747cd0abe00014fa2f6,CP,adult,1.05,1
5b5a822e1ad8270001c4f28d,CP,adult,1.033332857142857,1
5b5a822e1ad8270001c4f28d,CP,adult,1.3333333333333333,1
5b215747cd0abe00014fa2f6,CP,adult,1.0499999999999998,1
5b215747cd0abe00014fa2f6,CP,adult,1.033332857142857,0
5b215747cd0abe00014fa2f6,CP,adult,1.05,1
5bf349126f97050001e6a6e6,CP,adult,1.0333333333333334,0
5b5a822e1ad8270001c4f28d,CP,adult,1.033334,1
603cd8ab79e354a5ca48e507,CP,adult,1.025,1
5b215747cd0abe00014fa2f6,CP,adult,1.333332857142857,1
5b5a822e1ad8270001c4f28d,CP,adult,1.0499999999999998,1
69c45e1ec41a12dde0aac876,CP,adult,1.5,1
69c45e1ec41a12dde0aac876,CP,adult,1.3333333333333333,1
69c45e1ec41a12dde0aac876,CP,adult,1.25,1
69c45e1ec41a12dde0aac876,CP,adult,1.333332857142857,1
69c45e1ec41a12dde0aac876,CP,adult,1.333332857142857,1
69c45e1ec41a12dde0aac876,CP,adult,1.25,1
612fa6644526903f736cf925,CP,adult,1.05,1
603cd8ab79e354a5ca48e507,CP,adult,1.025,1
612fa6644526903f736cf925,CP,adult,1.5,1
612fa6644526903f736cf925,CP,adult,1.25,1
612fa6644526903f736cf925,CP,adult,1.3333333333333333,0
603cd8ab79e354a5ca48e507,CP,adult,1.02,0
670075d557d79b4cef60c761,CP,adult,1.02,1
5bf349126f97050001e6a6e6,CP,adult,1.033332857142857,0
5bf349126f97050001e6a6e6,CP,adult,1.025,1
670075d557d79b4cef60c761,CP,adult,1.5,1
66465bc3e981d84abaedde48,CP,adult,1.025,1
670075d557d79b4cef60c761,CP,adult,1.3333333333333333,1
63ed04d2ce3b27bda2fbbb9c,CP,adult,1.033334,0
66465bc3e981d84abaedde48,CP,adult,1.033334,1
66e4942b5e367063e3a707b5,CP,adult,1.333332857142857,1
66465bc3e981d84abaedde48,CP,adult,1.0499999999999998,0
66e4942b5e367063e3a707b5,CP,adult,1.025,1
66465bc3e981d84abaedde48,CP,adult,1.25,1
66e4942b5e367063e3a707b5,CP,adult,1.5,1
66e4942b5e367063e3a707b5,CP,adult,1.025,1
69c45e1ec41a12dde0aac876,CP,adult,1.5,1
63ed04d2ce3b27bda2fbbb9c,CP,adult,1.5,1
5b5a822e1ad8270001c4f28d,CP,adult,1.025,1
63ed04d2ce3b27bda2fbbb9c,CP,adult,1.5,1
5b5a822e1ad8270001c4f28d,CP,adult,1.025,1
69c45e1ec41a12dde0aac876,CP,adult,1.02,1
5bf349126f97050001e6a6e6,CP,adult,1.02,0
603cd8ab79e354a5ca48e507,CP,adult,1.0499999999999998,1
69c45e1ec41a12dde0aac876,CP,adult,1.02,1
603cd8ab79e354a5ca48e507,CP,adult,1.0333333333333334,0
69c45e1ec41a12dde0aac876,CP,adult,1.033334,1
603cd8ab79e354a5ca48e507,CP,adult,1.0333333333333334,0
5b5a822e1ad8270001c4f28d,CP,adult,1.25,1
69c45e1ec41a12dde0aac876,CP,adult,1.25,1
5b215747cd0abe00014fa2f6,CP,adult,1.5,1
69c45e1ec41a12dde0aac876,CP,adult,1.25,1
69c45e1ec41a12dde0aac876,CP,adult,1.025,1
5b5a822e1ad8270001c4f28d,CP,adult,1.5,1
5bf349126f97050001e6a6e6,CP,adult,1.033334,1
5b215747cd0abe00014fa2f6,CP,adult,1.25,1
5b215747cd0abe00014fa2f6,CP,adult,1.02,1
612fa6644526903f736cf925,CP,adult,1.025,0
612fa6644526903f736cf925,CP,adult,1.02,1
603cd8ab79e354a5ca48e507,CP,adult,1.5,1
5b215747cd0abe00014fa2f6,CP,adult,1.025,1
5b5a822e1ad8270001c4f28d,CP,adult,1.05,1
5b5a822e1ad8270001c4f28d,CP,adult,1.25,1
5bf349126f97050001e6a6e6,CP,adult,1.0333333333333334,0
612fa6644526903f736cf925,CP,adult,1.333334,1
66e4942b5e367063e3a707b5,CP,adult,1.5,1
66465bc3e981d84abaedde48,CP,adult,1.0333333333333334,1
66465bc3e981d84abaedde48,CP,adult,1.333334,1
66e4942b5e367063e3a707b5,CP,adult,1.333332857142857,1
66465bc3e981d84abaedde48,CP,adult,1.333332857142857,0
670075d557d79b4cef60c761,CP,adult,1.5,1
66e4942b5e367063e3a707b5,CP,adult,1.02,1
63ed04d2ce3b27bda2fbbb9c,CP,adult,1.5,1
63ed04d2ce3b27bda2fbbb9c,CP,adult,1.3333333333333333,1
66465bc3e981d84abaedde48,CP,adult,1.02,1
5bf349126f97050001e6a6e6,CP,adult,1.02,0
66465bc3e981d84abaedde48,CP,adult,1.05,0
63ed04d2ce3b27bda2fbbb9c,CP,adult,1.033332857142857,0
66e4942b5e367063e3a707b5,CP,adult,1.5,1
66e4942b5e367063e3a707b5,CP,adult,1.033332857142857,1
66e4942b5e367063e3a707b5,CP,adult,1.5,1
66e4942b5e367063e3a707b5,CP,adult,1.3333333333333333,1
66e4942b5e367063e3a707b5,CP,adult,1.25,1
66e4942b5e367063e3a707b5,CP,adult,1.25,1
69c45e1ec41a12dde0aac876,CP,adult,1.333332857142857,1
69c45e1ec41a12dde0aac876,CP,adult,1.5,1
66e4942b5e367063e3a707b5,CP,adult,1.333332857142857,1
66e4942b5e367063e3a707b5,CP,adult,1.5,1
5b5a822e1ad8270001c4f28d,CP,adult,1.0333333333333334,0
603cd8ab79e354a5ca48e507,CP,adult,1.02,1
5b215747cd0abe00014fa2f6,CP,adult,1.02,1
603cd8ab79e354a5ca48e507,CP,adult,1.02,0
603cd8ab79e354a5ca48e507,CP,adult,1.025,0
603cd8ab79e354a5ca48e507,CP,adult,1.033334,0
5b5a822e1ad8270001c4f28d,CP,adult,1.3333333333333333,0
5b5a822e1ad8270001c4f28d,CP,adult,1.5,1
5b5a822e1ad8270001c4f28d,CP,adult,1.02,0
69c45e1ec41a12dde0aac876,CP,adult,1.3333333333333333,1
603cd8ab79e354a5ca48e507,CP,adult,1.025,0
603cd8ab79e354a5ca48e507,CP,adult,1.25,1
5b5a822e1ad8270001c4f28d,CP,adult,1.033332857142857,1
612fa6644526903f736cf925,CP,adult,1.033332857142857,1
612fa6644526903f736cf925,CP,adult,1.02,1
612fa6644526903f736cf925,CP,adult,1.025,0
612fa6644526903f736cf925,CP,adult,1.02,0
612fa6644526903f736cf925,CP,adult,1.02,0
5b215747cd0abe00014fa2f6,CP,adult,1.025,1
603cd8ab79e354a5ca48e507,CP,adult,1.5,1
5bf349126f97050001e6a6e6,CP,adult,1.0333333333333334,1
5b215747cd0abe00014fa2f6,CP,adult,1.333332857142857,1
5b215747cd0abe00014fa2f6,CP,adult,1.025,0
5b5a822e1ad8270001c4f28d,CP,adult,1.25,1
5b5a822e1ad8270001c4f28d,CP,adult,1.02,1
66465bc3e981d84abaedde48,CP,adult,1.05,0
66e4942b5e367063e3a707b5,CP,adult,1.05,0
66e4942b5e367063e3a707b5,CP,adult,1.0499999999999998,1
670075d557d79b4cef60c761,CP,adult,1.333334,1
63ed04d2ce3b27bda2fbbb9c,CP,adult,1.5,1
66465bc3e981d84abaedde48,CP,adult,1.25,1
66e4942b5e367063e3a707b5,CP,adult,1.033332857142857,1
66465bc3e981d84abaedde48,CP,adult,1.0333333333333334,0
66465bc3e981d84abaedde48,CP,adult,1.05,1
5bf349126f97050001e6a6e6,CP,adult,1.02,1
66e4942b5e367063e3a707b5,CP,adult,1.0499999999999998,0
63ed04d2ce3b27bda2fbbb9c,CP,adult,1.033332857142857,1
5bf349126f97050001e6a6e6,CP,adult,1.02,1
5b5a822e1ad8270001c4f28d,CP,adult,1.5,0
5b5a822e1ad8270001c4f28d,CP,adult,1.02,1
63ed04d2ce3b27bda2fbbb9c,CP,adult,1.5,1
5bf349126f97050001e6a6e6,CP,adult,1.025,0
69c45e1ec41a12dde0aac876,CP,adult,1.033334,0
5b5a822e1ad8270001c4f28d,CP,adult,1.02,1
5b5a822e1ad8270001c4f28d,CP,adult,1.5,1
5b215747cd0abe00014fa2f6,CP,adult,1.05,1
69c45e1ec41a12dde0aac876,CP,adult,1.05,0
69c45e1ec41a12dde0aac876,CP,adult,1.25,1
603cd8ab79e354a5ca48e507,CP,adult,1.02,1
69c45e1ec41a12dde0aac876,CP,adult,1.0333333333333334,1
69c45e1ec41a12dde0aac876,CP,adult,1.033332857142857,1
5b5a822e1ad8270001c4f28d,CP,adult,1.333332857142857,1
69c45e1ec41a12dde0aac876,CP,adult,1.033334,0
603cd8ab79e354a5ca48e507,CP,adult,1.05,0
69c45e1ec41a12dde0aac876,CP,adult,1.25,1
5b215747cd0abe00014fa2f6,CP,adult,1.25,1
5b215747cd0abe00014fa2f6,CP,adult,1.025,1
5b5a822e1ad8270001c4f28d,CP,adult,1.0499999999999998,1
603cd8ab79e354a5ca48e507,CP,adult,1.333332857142857,1
603cd8ab79e354a5ca48e507,CP,adult,1.025,1
603cd8ab79e354a5ca48e507,CP,adult,1.25,1
5b215747cd0abe00014fa2f6,CP,adult,1.05,1
69c45e1ec41a12dde0aac876,CP,adult,1.025,1
69c45e1ec41a12dde0aac876,CP,adult,1.025,0
603cd8ab79e354a5ca48e507,CP,adult,1.0333333333333334,1
5b215747cd0abe00014fa2f6,CP,adult,1.5,1
603cd8ab79e354a5ca48e507,CP,adult,1.0499999999999998,1
670075d557d79b4cef60c761,CP,adult,1.5,1
670075d557d79b4cef60c761,CP,adult,1.333332857142857,1
670075d557d79b4cef60c761,CP,adult,1.333334,1
63ed04d2ce3b27bda2fbbb9c,CP,adult,1.333332857142857,1
66e4942b5e367063e3a707b5,CP,adult,1.025,0
66e4942b5e367063e3a707b5,CP,adult,1.025,1
66e4942b5e367063e3a707b5,CP,adult,1.025,1
670075d557d79b4cef60c761,CP,adult,1.05,1
670075d557d79b4cef60c761,CP,adult,1.333332857142857,1
670075d557d79b4cef60c761,CP,adult,1.025,1
66465bc3e981d84abaedde48,CP,adult,1.25,0
63ed04d2ce3b27bda2fbbb9c,CP,adult,1.05,1
69c45e1ec41a12dde0aac876,CP,adult,1.05,1
63ed04d2ce3b27bda2fbbb9c,CP,adult,1.5,1
66465bc3e981d84abaedde48,CP,adult,1.033332857142857,0
66465bc3e981d84abaedde48,CP,adult,1.025,1
69c45e1ec41a12dde0aac876,CP,adult,1.25,1
63ed04d2ce3b27bda2fbbb9c,CP,adult,1.5,1
5b5a822e1ad8270001c4f28d,CP,adult,1.05,0
69c45e1ec41a12dde0aac876,CP,adult,1.0499999999999998,1
66e4942b5e367063e3a707b5,CP,adult,1.25,1
5b215747cd0abe00014fa2f6,CP,adult,1.033334,1
5bf349126f97050001e6a6e6,CP,adult,1.033334,1
603cd8ab79e354a5ca48e507,CP,adult,1.02,1
5bf349126f97050001e6a6e6,CP,adult,1.02,1
5b215747cd0abe00014fa2f6,CP,adult,1.0499999999999998,1
69c45e1ec41a12dde0aac876,CP,adult,1.025,0
603cd8ab79e354a5ca48e507,CP,adult,1.025,0
69c45e1ec41a12dde0aac876,CP,adult,1.05,1
5b215747cd0abe00014fa2f6,CP,adult,1.033332857142857,0
5b5a822e1ad8270001c4f28d,CP,adult,1.5,1
69c45e1ec41a12dde0aac876,CP,adult,1.5,1
603cd8ab79e354a5ca48e507,CP,adult,1.5,1
5b215747cd0abe00014fa2f6,CP,adult,1.025,0
603cd8ab79e354a5ca48e507,CP,adult,1.0333333333333334,1
5b5a822e1ad8270001c4f28d,CP,adult,1.25,0
5b5a822e1ad8270001c4f28d,CP,adult,1.0333333333333334,0
603cd8ab79e354a5ca48e507,CP,adult,1.02,1
5b5a822e1ad8270001c4f28d,CP,adult,1.025,0
5b5a822e1ad8270001c4f28d,CP,adult,1.333332857142857,1
612fa6644526903f736cf925,CP,adult,1.0333333333333334,0
603cd8ab79e354a5ca48e507,CP,adult,1.5,1
63ed04d2ce3b27bda2fbbb9c,CP,adult,1.25,1
63ed04d2ce3b27bda2fbbb9c,CP,adult,1.033332857142857,1
63ed04d2ce3b27bda2fbbb9c,CP,adult,1.5,1
66e4942b5e367063e3a707b5,CP,adult,1.05,1
66e4942b5e367063e3a707b5,CP,adult,1.02,1
63ed04d2ce3b27bda2fbbb9c,CP,adult,1.033334,0
63ed04d2ce3b27bda2fbbb9c,CP,adult,1.333334,1
670075d557d79b4cef60c761,CP,adult,1.5,1
66465bc3e981d84abaedde48,CP,adult,1.3333333333333333,1
66465bc3e981d84abaedde48,CP,adult,1.3333333333333333,1
63ed04d2ce3b27bda2fbbb9c,CP,adult,1.3333333333333333,1
63ed04d2ce3b27bda2fbbb9c,CP,adult,1.05,0
66e4942b5e367063e3a707b5,CP,adult,1.333334,1
66e4942b5e367063e3a707b5,CP,adult,1.25,1
66465bc3e981d84abaedde48,CP,adult,1.025,0
5b5a822e1ad8270001c4f28d,CP,adult,1.02,1
69c45e1ec41a12dde0aac876,CP,adult,1.5,1
66465bc3e981d84abaedde48,CP,adult,1.25,0
66e4942b5e367063e3a707b5,CP,adult,1.25,0
66e4942b5e367063e3a707b5,CP,adult,1.25,1
5b5a822e1ad8270001c4f28d,CP,adult,1.02,1
69c45e1ec41a12dde0aac876,CP,adult,1.333332857142857,1
5b5a822e1ad8270001c4f28d,CP,adult,1.02,0
5b5a822e1ad8270001c4f28d,CP,adult,1.05,1
5b215747cd0abe00014fa2f6,CP,adult,1.033332857142857,0
5b215747cd0abe00014fa2f6,CP,adult,1.025,1
5b5a822e1ad8270001c4f28d,CP,adult,1.02,0
5b215747cd0abe00014fa2f6,CP,adult,1.333332857142857,1
603cd8ab79e354a5ca48e507,CP,adult,1.02,0
5bf349126f97050001e6a6e6,CP,adult,1.025,1
603cd8ab79e354a5ca48e507,CP,adult,1.02,1
603cd8ab79e354a5ca48e507,CP,adult,1.3333333333333333,1
69c45e1ec41a12dde0aac876,CP,adult,1.25,1
5bf349126f97050001e6a6e6,CP,adult,1.0333333333333334,1
5b215747cd0abe00014fa2f6,CP,adult,1.3333333333333333,1
603cd8ab79e354a5ca48e507,CP,adult,1.25,0
5b215747cd0abe00014fa2f6,CP,adult,1.0499999999999998,0
603cd8ab79e354a5ca48e507,CP,adult,1.5,1
603cd8ab79e354a5ca48e507,CP,adult,1.0333333333333334,0
5b5a822e1ad8270001c4f28d,CP,adult,1.5,1
69c45e1ec41a12dde0aac876,CP,adult,1.333332857142857,1
5b5a822e1ad8270001c4f28d,CP,adult,1.25,1
603cd8ab79e354a5ca48e507,CP,adult,1.0499999999999998,0
69c45e1ec41a12dde0aac876,CP,adult,1.025,1
69c45e1ec41a12dde0aac876,CP,adult,1.5,1
5b215747cd0abe00014fa2f6,CP,adult,1.333334,1
69c45e1ec41a12dde0aac876,CP,adult,1.05,0
603cd8ab79e354a5ca48e507,CP,adult,1.5,1
69c45e1ec41a12dde0aac876,CP,adult,1.3333333333333333,1
612fa6644526903f736cf925,CP,adult,1.025,1
5b5a822e1ad8270001c4f28d,CP,adult,1.3333333333333333,1
5b5a822e1ad8270001c4f28d,CP,adult,1.025,0
69c45e1ec41a12dde0aac876,CP,adult,1.02,1
603cd8ab79e354a5ca48e507,CP,adult,1.25,1
612fa6644526903f736cf925,CP,adult,1.25,1
5b5a822e1ad8270001c4f28d,CP,adult,1.05,1
5b215747cd0abe00014fa2f6,CP,adult,1.25,1
5b215747cd0abe00014fa2f6,CP,adult,1.5,1
603cd8ab79e354a5ca48e507,CP,adult,1.5,1
612fa6644526903f736cf925,CP,adult,1.5,0
612fa6644526903f736cf925,CP,adult,1.5,1
612fa6644526903f736cf925,CP,adult,1.02,1
603cd8ab79e354a5ca48e507,CP,adult,1.3333333333333333,1
603cd8ab79e354a5ca48e507,CP,adult,1.25,1
5bf349126f97050001e6a6e6,CP,adult,1.025,0
63fcfd81a075a45d1a821308,CP,adult,1.0333333333333334,0
69c45e1ec41a12dde0aac876,CP,adult,1.02,1
5b215747cd0abe00014fa2f6,CP,adult,1.0333333333333334,1
69c45e1ec41a12dde0aac876,CP,adult,1.033332857142857,0
63fcfd81a075a45d1a821308,CP,adult,1.033332857142857,1
5b215747cd0abe00014fa2f6,CP,adult,1.3333333333333333,1
612fa6644526903f736cf925,CP,adult,1.033334,1
69c45e1ec41a12dde0aac876,CP,adult,1.0333333333333334,1
603cd8ab79e354a5ca48e507,CP,adult,1.0333333333333334,1
63fcfd81a075a45d1a821308,CP,adult,1.0333333333333334,1
5b5a822e1ad8270001c4f28d,CP,adult,1.033332857142857,1
5b5a822e1ad8270001c4f28d,CP,adult,1.0499999999999998,1
5b5a822e1ad8270001c4f28d,CP,adult,1.25,1
612fa6644526903f736cf925,CP,adult,1.033334,1
63fcfd81a075a45d1a821308,CP,adult,1.05,1
5b215747cd0abe00014fa2f6,CP,adult,1.05,1
5b215747cd0abe00014fa2f6,CP,adult,1.5,1
5b215747cd0abe00014fa2f6,CP,adult,1.02,0
695c0c4402a391037ecd4f11,CP,adult,1.05,0
612fa6644526903f736cf925,CP,adult,1.333332857142857,0
63fcfd81a075a45d1a821308,CP,adult,1.5,1
5b215747cd0abe00014fa2f6,CP,adult,1.5,1
695c0c4402a391037ecd4f11,CP,adult,1.25,1
612fa6644526903f736cf925,CP,adult,1.0499999999999998,0
63fcfd81a075a45d1a821308,CP,adult,1.033334,0
612fa6644526903f736cf925,CP,adult,1.25,1
6278270bfb2439bf3abf192d,CP,adult,1.05,1
63fcfd81a075a45d1a821308,CP,adult,1.025,0
695c0c4402a391037ecd4f11,CP,adult,1.25,1
6278270bfb2439bf3abf192d,CP,adult,1.25,1
695c0c4402a391037ecd4f11,CP,adult,1.3333333333333333,1
695c0c4402a391037ecd4f11,CP,adult,1.25,1
603cd8ab79e354a5ca48e507,CP,adult,1.0499999999999998,1
69c45e1ec41a12dde0aac876,CP,adult,1.025,1
612fa6644526903f736cf925,CP,adult,1.02,1
5b215747cd0abe00014fa2f6,CP,adult,1.0333333333333334,1
612fa6644526903f736cf925,CP,adult,1.05,0
612fa6644526903f736cf925,CP,adult,1.05,1
612fa6644526903f736cf925,CP,adult,1.0499999999999998,0
69c45e1ec41a12dde0aac876,CP,adult,1.5,1
69c45e1ec41a12dde0aac876,CP,adult,1.5,1
69c45e1ec41a12dde0aac876,CP,adult,1.25,1
69c45e1ec41a12dde0aac876,CP,adult,1.025,0
69c45e1ec41a12dde0aac876,CP,adult,1.3333333333333333,1
5b215747cd0abe00014fa2f6,CP,adult,1.25,1
5b215747cd0abe00014fa2f6,CP,adult,1.0333333333333334,1
603cd8ab79e354a5ca48e507,CP,adult,1.5,1
603cd8ab79e354a5ca48e507,CP,adult,1.25,1
612fa6644526903f736cf925,CP,adult,1.333334,1
612fa6644526903f736cf925,CP,adult,1.05,1
612fa6644526903f736cf925,CP,adult,1.05,0
612fa6644526903f736cf925,CP,adult,1.333332857142857,1
603cd8ab79e354a5ca48e507,CP,adult,1.025,1
603cd8ab79e354a5ca48e507,CP,adult,1.02,1
63fcfd81a075a45d1a821308,CP,adult,1.25,0
603cd8ab79e354a5ca48e507,CP,adult,1.3333333333333333,1
603cd8ab79e354a5ca48e507,CP,adult,1.333334,1
603cd8ab79e354a5ca48e507,CP,adult,1.025,1
603cd8ab79e354a5ca48e507,CP,adult,1.025,0
69c45e1ec41a12dde0aac876,CP,adult,1.02,1
603cd8ab79e354a5ca48e507,CP,adult,1.5,1
69c45e1ec41a12dde0aac876,CP,adult,1.025,0
612fa6644526903f736cf925,CP,adult,1.033332857142857,0
612fa6644526903f736cf925,CP,adult,1.02,1
5b215747cd0abe00014fa2f6,CP,adult,1.333332857142857,1
5b215747cd0abe00014fa2f6,CP,adult,1.025,1
5b215747cd0abe00014fa2f6,CP,adult,1.25,1
5bf349126f97050001e6a6e6,CP,adult,1.05,1
63fcfd81a075a45d1a821308,CP,adult,1.25,1
612fa6644526903f736cf925,CP,adult,1.25,1
695c0c4402a391037ecd4f11,CP,adult,1.025,0
695c0c4402a391037ecd4f11,CP,adult,1.5,1
695c0c4402a391037ecd4f11,CP,adult,1.3333333333333333,1
695c0c4402a391037ecd4f11,CP,adult,1.033332857142857,0
63fcfd81a075a45d1a821308,CP,adult,1.02,0
5bf349126f97050001e6a6e6,CP,adult,1.0499999999999998,0
6278270bfb2439bf3abf192d,CP,adult,1.25,1
695c0c4402a391037ecd4f11,CP,adult,1.025,1
6278270bfb2439bf3abf192d,CP,adult,1.5,1
6278270bfb2439bf3abf192d,CP,adult,1.05,0
695c0c4402a391037ecd4f11,CP,adult,1.0499999999999998,1
63fcfd81a075a45d1a821308,CP,adult,1.333334,1
6278270bfb2439bf3abf192d,CP,adult,1.033334,1
5b5a822e1ad8270001c4f28d,CP,adult,1.3333333333333333,1
5b5a822e1ad8270001c4f28d,CP,adult,1.025,1
69c45e1ec41a12dde0aac876,CP,adult,1.033332857142857,0
5b215747cd0abe00014fa2f6,CP,adult,1.25,1
603cd8ab79e354a5ca48e507,CP,adult,1.0499999999999998,0
603cd8ab79e354a5ca48e507,CP,adult,1.25,1
612fa6644526903f736cf925,CP,adult,1.02,0
5bf349126f97050001e6a6e6,CP,adult,1.033334,0
5b5a822e1ad8270001c4f28d,CP,adult,1.02,1
5b5a822e1ad8270001c4f28d,CP,adult,1.025,1
69c45e1ec41a12dde0aac876,CP,adult,1.025,1
603cd8ab79e354a5ca48e507,CP,adult,1.02,1
5b215747cd0abe00014fa2f6,CP,adult,1.5,1
5b215747cd0abe00014fa2f6,CP,adult,1.025,1
63fcfd81a075a45d1a821308,CP,adult,1.02,1
5b215747cd0abe00014fa2f6,CP,adult,1.0333333333333334,1
5b5a822e1ad8270001c4f28d,CP,adult,1.0499999999999998,1
63fcfd81a075a45d1a821308,CP,adult,1.05,0
612fa6644526903f736cf925,CP,adult,1.05,1
612fa6644526903f736cf925,CP,adult,1.333332857142857,1
603cd8ab79e354a5ca48e507,CP,adult,1.0499999999999998,1
5b5a822e1ad8270001c4f28d,CP,adult,1.033334,0
5b5a822e1ad8270001c4f28d,CP,adult,1.3333333333333333,1
5b5a822e1ad8270001c4f28d,CP,adult,1.05,1
5b215747cd0abe00014fa2f6,CP,adult,1.025,1
5bf349126f97050001e6a6e6,CP,adult,1.025,0
63fcfd81a075a45d1a821308,CP,adult,1.333334,1
5b215747cd0abe00014fa2f6,CP,adult,1.5,1
5b215747cd0abe00014fa2f6,CP,adult,1.25,1
63fcfd81a075a45d1a821308,CP,adult,1.025,0
5b5a822e1ad8270001c4f28d,CP,adult,1.0499999999999998,0
612fa6644526903f736cf925,CP,adult,1.025,1
5b215747cd0abe00014fa2f6,CP,adult,1.3333333333333333,1
63fcfd81a075a45d1a821308,CP,adult,1.025,1
5b215747cd0abe00014fa2f6,CP,adult,1.02,0
5b215747cd0abe00014fa2f6,CP,adult,1.02,1
5bf349126f97050001e6a6e6,CP,adult,1.05,1
612fa6644526903f736cf925,CP,adult,1.025,1
612fa6644526903f736cf925,CP,adult,1.25,1
63fcfd81a075a45d1a821308,CP,adult,1.02,1
612fa6644526903f736cf925,CP,adult,1.25,1
612fa6644526903f736cf925,CP,adult,1.5,1
612fa6644526903f736cf925,CP,adult,1.5,1
695c0c4402a391037ecd4f11,CP,adult,1.333334,1
6278270bfb2439bf3abf192d,CP,adult,1.25,1
695c0c4402a391037ecd4f11,CP,adult,1.5,1
695c0c4402a391037ecd4f11,CP,adult,1.25,1
612fa6644526903f736cf925,CP,adult,1.033332857142857,0
5b5a822e1ad8270001c4f28d,CP,adult,1.033332857142857,0
603cd8ab79e354a5ca48e507,CP,adult,1.0499999999999998,1
603cd8ab79e354a5ca48e507,CP,adult,1.05,1
5b215747cd0abe00014fa2f6,CP,adult,1.5,1
5b5a822e1ad8270001c4f28d,CP,adult,1.5,1
603cd8ab79e354a5ca48e507,CP,adult,1.25,1
603cd8ab79e354a5ca48e507,CP,adult,1.25,1
603cd8ab79e354a5ca48e507,CP,adult,1.333332857142857,1
603cd8ab79e354a5ca48e507,CP,adult,1.333332857142857,1
603cd8ab79e354a5ca48e507,CP,adult,1.25,1
69c45e1ec41a12dde0aac876,CP,adult,1.05,1
5bf349126f97050001e6a6e6,CP,adult,1.025,1
63fcfd81a075a45d1a821308,CP,adult,1.02,0
5b215747cd0abe00014fa2f6,CP,adult,1.25,1
69c45e1ec41a12dde0aac876,CP,adult,1.02,1
5b5a822e1ad8270001c4f28d,CP,adult,1.333332857142857,1
603cd8ab79e354a5ca48e507,CP,adult,1.0333333333333334,0
603cd8ab79e354a5ca48e507,CP,adult,1.025,0
63fcfd81a075a45d1a821308,CP,adult,1.5,1
5b215747cd0abe00014fa2f6,CP,adult,1.02,1
612fa6644526903f736cf925,CP,adult,1.025,1
69c45e1ec41a12dde0aac876,CP,adult,1.02,1
5b5a822e1ad8270001c4f28d,CP,adult,1.033332857142857,0
5b215747cd0abe00014fa2f6,CP,adult,1.5,1
5b215747cd0abe00014fa2f6,CP,adult,1.25,1
63fcfd81a075a45d1a821308,CP,adult,1.5,1
69c45e1ec41a12dde0aac876,CP,adult,1.0499999999999998,0
5b5a822e1ad8270001c4f28d,CP,adult,1.333332857142857,1
5bf349126f97050001e6a6e6,CP,adult,1.025,0
612fa6644526903f736cf925,CP,adult,1.25,0
63fcfd81a075a45d1a821308,CP,adult,1.025,1
5bf349126f97050001e6a6e6,CP,adult,1.05,0
5b215747cd0abe00014fa2f6,CP,adult,1.5,1
612fa6644526903f736cf925,CP,adult,1.333334,1
612fa6644526903f736cf925,CP,adult,1.025,0
63fcfd81a075a45d1a821308,CP,adult,1.033332857142857,0
5b215747cd0abe00014fa2f6,CP,adult,1.05,1
612fa6644526903f736cf925,CP,adult,1.05,0
63fcfd81a075a45d1a821308,CP,adult,1.5,1
612fa6644526903f736cf925,CP,adult,1.033334,0
695c0c4402a391037ecd4f11,CP,adult,1.033334,0
695c0c4402a391037ecd4f11,CP,adult,1.025,0
63fcfd81a075a45d1a821308,CP,adult,1.25,1
695c0c4402a391037ecd4f11,CP,adult,1.333332857142857,1
612fa6644526903f736cf925,CP,adult,1.02,1
63fcfd81a075a45d1a821308,CP,adult,1.5,1
6278270bfb2439bf3abf192d,CP,adult,1.025,0
5e39fa4332667b2143e1d998,CP,adult,1.033332857142857,1
5b215747cd0abe00014fa2f6,CP,adult,1.02,1
5b215747cd0abe00014fa2f6,CP,adult,1.0499999999999998,1
603cd8ab79e354a5ca48e507,CP,adult,1.5,1
5b215747cd0abe00014fa2f6,CP,adult,1.3333333333333333,1
5b5a822e1ad8270001c4f28d,CP,adult,1.025,1
5b215747cd0abe00014fa2f6,CP,adult,1.0333333333333334,0
612fa6644526903f736cf925,CP,adult,1.025,0
5b5a822e1ad8270001c4f28d,CP,adult,1.02,0
5b5a822e1ad8270001c4f28d,CP,adult,1.25,1
5b5a822e1ad8270001c4f28d,CP,adult,1.25,1
5b5a822e1ad8270001c4f28d,CP,adult,1.025,0
603cd8ab79e354a5ca48e507,CP,adult,1.333334,0
69c45e1ec41a12dde0aac876,CP,adult,1.033334,0
5b215747cd0abe00014fa2f6,CP,adult,1.333334,1
5b5a822e1ad8270001c4f28d,CP,adult,1.5,1
69c45e1ec41a12dde0aac876,CP,adult,1.033332857142857,1
5b5a822e1ad8270001c4f28d,CP,adult,1.033334,0
5b215747cd0abe00014fa2f6,CP,adult,1.02,0
612fa6644526903f736cf925,CP,adult,1.25,1
63fcfd81a075a45d1a821308,CP,adult,1.25,1
612fa6644526903f736cf925,CP,adult,1.0333333333333334,0
63fcfd81a075a45d1a821308,CP,adult,1.333334,0
612fa6644526903f736cf925,CP,adult,1.02,1
69c45e1ec41a12dde0aac876,CP,adult,1.05,0
612fa6644526903f736cf925,CP,adult,1.333332857142857,1
612fa6644526903f736cf925,CP,adult,1.5,1
63fcfd81a075a45d1a821308,CP,adult,1.0499999999999998,1
69c45e1ec41a12dde0aac876,CP,adult,1.02,1
5b5a822e1ad8270001c4f28d,CP,adult,1.25,1
69c45e1ec41a12dde0aac876,CP,adult,1.02,1
63fcfd81a075a45d1a821308,CP,adult,1.02,1
5b215747cd0abe00014fa2f6,CP,adult,1.25,1
63fcfd81a075a45d1a821308,CP,adult,1.5,1
612fa6644526903f736cf925,CP,adult,1.5,1
5bf349126f97050001e6a6e6,CP,adult,1.0499999999999998,1
63fcfd81a075a45d1a821308,CP,adult,1.05,0
63fcfd81a075a45d1a821308,CP,adult,1.02,1
5bf349126f97050001e6a6e6,CP,adult,1.25,0
695c0c4402a391037ecd4f11,CP,adult,1.033332857142857,1
612fa6644526903f736cf925,CP,adult,1.25,1
695c0c4402a391037ecd4f11,CP,adult,1.02,1
63fcfd81a075a45d1a821308,CP,adult,1.25,1
6278270bfb2439bf3abf192d,CP,adult,1.333332857142857,1
63fcfd81a075a45d1a821308,CP,adult,1.25,1
63fcfd81a075a45d1a821308,CP,adult,1.02,1
5bf349126f97050001e6a6e6,CP,adult,1.05,0
5e39fa4332667b2143e1d998,CP,adult,1.025,1
6278270bfb2439bf3abf192d,CP,adult,1.5,1
5bf349126f97050001e6a6e6,CP,adult,1.05,0
603cd8ab79e354a5ca48e507,CP,adult,1.0499999999999998,1
5bf349126f97050001e6a6e6,CP,adult,1.033334,1
69c45e1ec41a12dde0aac876,CP,adult,1.25,1
5b5a822e1ad8270001c4f28d,CP,adult,1.025,1
603cd8ab79e354a5ca48e507,CP,adult,1.333332857142857,1
5b215747cd0abe00014fa2f6,CP,adult,1.02,0
612fa6644526903f736cf925,CP,adult,1.5,1
612fa6644526903f736cf925,CP,adult,1.05,0
612fa6644526903f736cf925,CP,adult,1.025,0
5b5a822e1ad8270001c4f28d,CP,adult,1.5,1
69c45e1ec41a12dde0aac876,CP,adult,1.0499999999999998,0
69c45e1ec41a12dde0aac876,CP,adult,1.5,1
612fa6644526903f736cf925,CP,adult,1.5,1
603cd8ab79e354a5ca48e507,CP,adult,1.033332857142857,1
5b5a822e1ad8270001c4f28d,CP,adult,1.25,1
5b5a822e1ad8270001c4f28d,CP,adult,1.5,1
5bf349126f97050001e6a6e6,CP,adult,1.05,1
69c45e1ec41a12dde0aac876,CP,adult,1.025,1
5b215747cd0abe00014fa2f6,CP,adult,1.02,0
612fa6644526903f736cf925,CP,adult,1.0333333333333334,0
603cd8ab79e354a5ca48e507,CP,adult,1.0333333333333334,0
612fa6644526903f736cf925,CP,adult,1.0333333333333334,0
603cd8ab79e354a5ca48e507,CP,adult,1.3333333333333333,1
5b215747cd0abe00014fa2f6,CP,adult,1.025,0
5b5a822e1ad8270001c4f28d,CP,adult,1.333332857142857,1
612fa6644526903f736cf925,CP,adult,1.5,0
69c45e1ec41a12dde0aac876,CP,adult,1.05,1
612fa6644526903f736cf925,CP,adult,1.3333333333333333,1
612fa6644526903f736cf925,CP,adult,1.025,0
612fa6644526903f736cf925,CP,adult,1.25,1
63fcfd81a075a45d1a821308,CP,adult,1.025,1
63fcfd81a075a45d1a821308,CP,adult,1.05,1
695c0c4402a391037ecd4f11,CP,adult,1.25,1
695c0c4402a391037ecd4f11,CP,adult,1.25,1
5b215747cd0abe00014fa2f6,CP,adult,1.033332857142857,0
695c0c4402a391037ecd4f11,CP,adult,1.02,1
63fcfd81a075a45d1a821308,CP,adult,1.3333333333333333,1
612fa6644526903f736cf925,CP,adult,1.333334,1
695c0c4402a391037ecd4f11,CP,adult,1.02,1
5bf349126f97050001e6a6e6,CP,adult,1.25,1
5e39fa4332667b2143e1d998,CP,adult,1.033334,1
5e39fa4332667b2143e1d998,CP,adult,1.25,1
63fcfd81a075a45d1a821308,CP,adult,1.033332857142857,0
63fcfd81a075a45d1a821308,CP,adult,1.05,1
695c0c4402a391037ecd4f11,CP,adult,1.05,1
6278270bfb2439bf3abf192d,CP,adult,1.0499999999999998,1
63fcfd81a075a45d1a821308,CP,adult,1.0499999999999998,1
6278270bfb2439bf3abf192d,CP,adult,1.02,1
695c0c4402a391037ecd4f11,CP,adult,1.5,1
6278270bfb2439bf3abf192d,CP,adult,1.05,1
63fcfd81a075a45d1a821308,CP,adult,1.05,1
5e39fa4332667b2143e1d998,CP,adult,1.3333333333333333,1
695c0c4402a391037ecd4f11,CP,adult,1.05,1
5e39fa4332667b2143e1d998,CP,adult,1.25,1
695c0c4402a391037ecd4f11,CP,adult,1.25,1
63fcfd81a075a45d1a821308,CP,adult,1.5,1
695c0c4402a391037ecd4f11,CP,adult,1.25,1
5bf349126f97050001e6a6e6,CP,adult,1.25,1
63fcfd81a075a45d1a821308,CP,adult,1.05,1
5c40134b1580e900012320ab,CP,adult,1.02,1
6278270bfb2439bf3abf192d,CP,adult,1.033332857142857,0
5c40134b1580e900012320ab,CP,adult,1.02,1
5c40134b1580e900012320ab,CP,adult,1.0499999999999998,0
63fcfd81a075a45d1a821308,CP,adult,1.025,1
5c40134b1580e900012320ab,CP,adult,1.0333333333333334,1
5e39fa4332667b2143e1d998,CP,adult,1.333334,1
6278270bfb2439bf3abf192d,CP,adult,1.25,1
6278270bfb2439bf3abf192d,CP,adult,1.05,1
63fcfd81a075a45d1a821308,CP,adult,1.033332857142857,1
5c40134b1580e900012320ab,CP,adult,1.0333333333333334,0
5c40134b1580e900012320ab,CP,adult,1.5,1
6278270bfb2439bf3abf192d,CP,adult,1.333332857142857,1
695c0c4402a391037ecd4f11,CP,adult,1.02,0
6278270bfb2439bf3abf192d,CP,adult,1.25,1
6278270bfb2439bf3abf192d,CP,adult,1.3333333333333333,1
5c40134b1580e900012320ab,CP,adult,1.25,1
5c40134b1580e900012320ab,CP,adult,1.033332857142857,0
6278270bfb2439bf3abf192d,CP,adult,1.033334,1
5c40134b1580e900012320ab,CP,adult,1.25,1
6278270bfb2439bf3abf192d,CP,adult,1.0333333333333334,1
5e39fa4332667b2143e1d998,CP,adult,1.033334,0
60fcb280d58f26d33cb004a6,CP,adult,1.033334,0
5f84e472052cf81ae5752252,CP,adult,1.025,0
5f84e472052cf81ae5752252,CP,adult,1.033332857142857,1
5f84e472052cf81ae5752252,CP,adult,1.05,1
5f84e472052cf81ae5752252,CP,adult,1.02,1
5e39fa4332667b2143e1d998,CP,adult,1.02,1
611bcfb66766d27a2ae33300,CP,adult,1.5,0
5f84e472052cf81ae5752252,CP,adult,1.033334,1
6278270bfb2439bf3abf192d,CP,adult,1.02,1
5f84e472052cf81ae5752252,CP,adult,1.02,1
6278270bfb2439bf3abf192d,CP,adult,1.025,1
5f84e472052cf81ae5752252,CP,adult,1.333332857142857,1
5c40134b1580e900012320ab,CP,adult,1.0333333333333334,1
60fcb280d58f26d33cb004a6,CP,adult,1.0499999999999998,1
611bcfb66766d27a2ae33300,CP,adult,1.025,0
60fcb280d58f26d33cb004a6,CP,adult,1.0499999999999998,1
60fcb280d58f26d33cb004a6,CP,adult,1.02,0
5e39fa4332667b2143e1d998,CP,adult,1.25,1
5bf349126f97050001e6a6e6,CP,adult,1.333332857142857,1
6278270bfb2439bf3abf192d,CP,adult,1.02,1
63fcfd81a075a45d1a821308,CP,adult,1.5,1
5e39fa4332667b2143e1d998,CP,adult,1.333334,1
5bf349126f97050001e6a6e6,CP,adult,1.25,0
63fcfd81a075a45d1a821308,CP,adult,1.033334,1
695c0c4402a391037ecd4f11,CP,adult,1.333334,1
5bf349126f97050001e6a6e6,CP,adult,1.25,0
695c0c4402a391037ecd4f11,CP,adult,1.5,1
63fcfd81a075a45d1a821308,CP,adult,1.025,1
63fcfd81a075a45d1a821308,CP,adult,1.025,1
63fcfd81a075a45d1a821308,CP,adult,1.333334,1
6278270bfb2439bf3abf192d,CP,adult,1.05,0
6278270bfb2439bf3abf192d,CP,adult,1.033334,1
695c0c4402a391037ecd4f11,CP,adult,1.02,1
695c0c4402a391037ecd4f11,CP,adult,1.0333333333333334,1
5c40134b1580e900012320ab,CP,adult,1.25,1
63fcfd81a075a45d1a821308,CP,adult,1.0333333333333334,0
63fcfd81a075a45d1a821308,CP,adult,1.333332857142857,1
695c0c4402a391037ecd4f11,CP,adult,1.033332857142857,0
695c0c4402a391037ecd4f11,CP,adult,1.025,0
6278270bfb2439bf3abf192d,CP,adult,1.02,0
695c0c4402a391037ecd4f11,CP,adult,1.025,1
63fcfd81a075a45d1a821308,CP,adult,1.025,0
5c40134b1580e900012320ab,CP,adult,1.5,1
5e39fa4332667b2143e1d998,CP,adult,1.033332857142857,0
5e39fa4332667b2143e1d998,CP,adult,1.0499999999999998,1
695c0c4402a391037ecd4f11,CP,adult,1.033334,1
5e39fa4332667b2143e1d998,CP,adult,1.5,1
6278270bfb2439bf3abf192d,CP,adult,1.3333333333333333,0
5e39fa4332667b2143e1d998,CP,adult,1.05,1
6278270bfb2439bf3abf192d,CP,adult,1.333332857142857,0
5c40134b1580e900012320ab,CP,adult,1.025,0
5f84e472052cf81ae5752252,CP,adult,1.05,1
5c40134b1580e900012320ab,CP,adult,1.02,0
6278270bfb2439bf3abf192d,CP,adult,1.3333333333333333,1
6278270bfb2439bf3abf192d,CP,adult,1.5,1
60fcb280d58f26d33cb004a6,CP,adult,1.02,0
5e39fa4332667b2143e1d998,CP,adult,1.05,1
60fcb280d58f26d33cb004a6,CP,adult,1.02,1
5c40134b1580e900012320ab,CP,adult,1.5,1
5bf349126f97050001e6a6e6,CP,adult,1.25,0
6278270bfb2439bf3abf192d,CP,adult,1.05,1
5e39fa4332667b2143e1d998,CP,adult,1.025,1
6278270bfb2439bf3abf192d,CP,adult,1.025,1
60fcb280d58f26d33cb004a6,CP,adult,1.05,0
5e39fa4332667b2143e1d998,CP,adult,1.25,1
611bcfb66766d27a2ae33300,CP,adult,1.025,1
5c40134b1580e900012320ab,CP,adult,1.25,1
5e39fa4332667b2143e1d998,CP,adult,1.02,0
5f84e472052cf81ae5752252,CP,adult,1.025,1
5f84e472052cf81ae5752252,CP,adult,1.025,1
62682277645054f5802459b8,CP,adult,1.02,1
62682277645054f5802459b8,CP,adult,1.3333333333333333,1
5e39fa4332667b2143e1d998,CP,adult,1.25,1
695c0c4402a391037ecd4f11,CP,adult,1.5,1
695c0c4402a391037ecd4f11,CP,adult,1.5,1
695c0c4402a391037ecd4f11,CP,adult,1.3333333333333333,1
6278270bfb2439bf3abf192d,CP,adult,1.0499999999999998,1
695c0c4402a391037ecd4f11,CP,adult,1.5,1
63fcfd81a075a45d1a821308,CP,adult,1.333332857142857,1
6278270bfb2439bf3abf192d,CP,adult,1.025,0
695c0c4402a391037ecd4f11,CP,adult,1.333334,1
5e39fa4332667b2143e1d998,CP,adult,1.5,1
695c0c4402a391037ecd4f11,CP,adult,1.3333333333333333,1
63fcfd81a075a45d1a821308,CP,adult,1.5,1
63fcfd81a075a45d1a821308,CP,adult,1.333334,1
6278270bfb2439bf3abf192d,CP,adult,1.025,1
6278270bfb2439bf3abf192d,CP,adult,1.25,1
63fcfd81a075a45d1a821308,CP,adult,1.3333333333333333,1
5e39fa4332667b2143e1d998,CP,adult,1.25,1
695c0c4402a391037ecd4f11,CP,adult,1.02,1
5e39fa4332667b2143e1d998,CP,adult,1.025,1
6278270bfb2439bf3abf192d,CP,adult,1.033334,1
695c0c4402a391037ecd4f11,CP,adult,1.02,1
63fcfd81a075a45d1a821308,CP,adult,1.025,0
5c40134b1580e900012320ab,CP,adult,1.025,1
5e39fa4332667b2143e1d998,CP,adult,1.25,1
695c0c4402a391037ecd4f11,CP,adult,1.0499999999999998,1
6278270bfb2439bf3abf192d,CP,adult,1.5,1
5e39fa4332667b2143e1d998,CP,adult,1.02,1
5e39fa4332667b2143e1d998,CP,adult,1.02,1
5bf349126f97050001e6a6e6,CP,adult,1.3333333333333333,0
5c40134b1580e900012320ab,CP,adult,1.3333333333333333,1
5c40134b1580e900012320ab,CP,adult,1.02,1
5c40134b1580e900012320ab,CP,adult,1.02,1
6278270bfb2439bf3abf192d,CP,adult,1.02,1
5f84e472052cf81ae5752252,CP,adult,1.333332857142857,1
62682277645054f5802459b8,CP,adult,1.05,1
62682277645054f5802459b8,CP,adult,1.02,0
60fcb280d58f26d33cb004a6,CP,adult,1.025,0
5c40134b1580e900012320ab,CP,adult,1.05,0
60fcb280d58f26d33cb004a6,CP,adult,1.25,1
5e39fa4332667b2143e1d998,CP,adult,1.5,1
5c40134b1580e900012320ab,CP,adult,1.025,0
5c40134b1580e900012320ab,CP,adult,1.25,1
5c40134b1580e900012320ab,CP,adult,1.25,1
5c40134b1580e900012320ab,CP,adult,1.25,1
5c40134b1580e900012320ab,CP,adult,1.3333333333333333,1
6278270bfb2439bf3abf192d,CP,adult,1.25,1
5f84e472052cf81ae5752252,CP,adult,1.333332857142857,1
5bf349126f97050001e6a6e6,CP,adult,1.333334,1
5c40134b1580e900012320ab,CP,adult,1.0333333333333334,0
5c40134b1580e900012320ab,CP,adult,1.25,1
611bcfb66766d27a2ae33300,CP,adult,1.033334,1
5c40134b1580e900012320ab,CP,adult,1.5,0
63fcfd81a075a45d1a821308,CP,adult,1.02,1
5e39fa4332667b2143e1d998,CP,adult,1.05,1
6278270bfb2439bf3abf192d,CP,adult,1.5,1
63fcfd81a075a45d1a821308,CP,adult,1.033332857142857,1
5e39fa4332667b2143e1d998,CP,adult,1.02,0
5e39fa4332667b2143e1d998,CP,adult,1.02,0
6278270bfb2439bf3abf192d,CP,adult,1.025,1
695c0c4402a391037ecd4f11,CP,adult,1.5,1
5bf349126f97050001e6a6e6,CP,adult,1.25,1
6278270bfb2439bf3abf192d,CP,adult,1.0499999999999998,1
63fcfd81a075a45d1a821308,CP,adult,1.5,1
695c0c4402a391037ecd4f11,CP,adult,1.3333333333333333,1
695c0c4402a391037ecd4f11,CP,adult,1.05,1
695c0c4402a391037ecd4f11,CP,adult,1.033334,1
63fcfd81a075a45d1a821308,CP,adult,1.25,1
5bf349126f97050001e6a6e6,CP,adult,1.25,1
695c0c4402a391037ecd4f11,CP,adult,1.02,0
5e39fa4332667b2143e1d998,CP,adult,1.3333333333333333,1
5bf349126f97050001e6a6e6,CP,adult,1.05,0
63fcfd81a075a45d1a821308,CP,adult,1.25,1
63fcfd81a075a45d1a821308,CP,adult,1.333334,0
5c40134b1580e900012320ab,CP,adult,1.02,0
6278270bfb2439bf3abf192d,CP,adult,1.02,1
6278270bfb2439bf3abf192d,CP,adult,1.025,1
695c0c4402a391037ecd4f11,CP,adult,1.025,0
5bf349126f97050001e6a6e6,CP,adult,1.333332857142857,0
695c0c4402a391037ecd4f11,CP,adult,1.02,1
6278270bfb2439bf3abf192d,CP,adult,1.5,1
5bf349126f97050001e6a6e6,CP,adult,1.25,0
5f84e472052cf81ae5752252,CP,adult,1.05,0
5c40134b1580e900012320ab,CP,adult,1.025,1
6278270bfb2439bf3abf192d,CP,adult,1.3333333333333333,1
6278270bfb2439bf3abf192d,CP,adult,1.333334,1
62682277645054f5802459b8,CP,adult,1.02,1
6278270bfb2439bf3abf192d,CP,adult,1.0499999999999998,0
6278270bfb2439bf3abf192d,CP,adult,1.02,1
60fcb280d58f26d33cb004a6,CP,adult,1.02,0
60fcb280d58f26d33cb004a6,CP,adult,1.0333333333333334,1
611bcfb66766d27a2ae33300,CP,adult,1.0499999999999998,0
62682277645054f5802459b8,CP,adult,1.0499999999999998,0
5bf349126f97050001e6a6e6,CP,adult,1.3333333333333333,0
60fcb280d58f26d33cb004a6,CP,adult,1.25,1
5f84e472052cf81ae5752252,CP,adult,1.333334,1
62682277645054f5802459b8,CP,adult,1.02,1
5f84e472052cf81ae5752252,CP,adult,1.5,1
62682277645054f5802459b8,CP,adult,1.025,1
62682277645054f5802459b8,CP,adult,1.0333333333333334,0
5c40134b1580e900012320ab,CP,adult,1.05,1
611bcfb66766d27a2ae33300,CP,adult,1.0499999999999998,1
5bf349126f97050001e6a6e6,CP,adult,1.25,1
6278270bfb2439bf3abf192d,CP,adult,1.5,1
63fcfd81a075a45d1a821308,CP,adult,1.02,0
5e39fa4332667b2143e1d998,CP,adult,1.033334,0
695c0c4402a391037ecd4f11,CP,adult,1.333334,1
695c0c4402a391037ecd4f11,CP,adult,1.05,1
63fcfd81a075a45d1a821308,CP,adult,1.25,0
6278270bfb2439bf3abf192d,CP,adult,1.5,1
695c0c4402a391037ecd4f11,CP,adult,1.5,1
5e39fa4332667b2143e1d998,CP,adult,1.25,1
6278270bfb2439bf3abf192d,CP,adult,1.3333333333333333,1
63fcfd81a075a45d1a821308,CP,adult,1.02,1
5e39fa4332667b2143e1d998,CP,adult,1.5,1
695c0c4402a391037ecd4f11,CP,adult,1.0499999999999998,0
6278270bfb2439bf3abf192d,CP,adult,1.02,1
63fcfd81a075a45d1a821308,CP,adult,1.25,1
695c0c4402a391037ecd4f11,CP,adult,1.033334,0
5c40134b1580e900012320ab,CP,adult,1.033332857142857,0
5e39fa4332667b2143e1d998,CP,adult,1.033332857142857,1
5bf349126f97050001e6a6e6,CP,adult,1.05,1
695c0c4402a391037ecd4f11,CP,adult,1.0499999999999998,1
6278270bfb2439bf3abf192d,CP,adult,1.033334,1
5c40134b1580e900012320ab,CP,adult,1.025,1
5c40134b1580e900012320ab,CP,adult,1.025,1
695c0c4402a391037ecd4f11,CP,adult,1.025,1
695c0c4402a391037ecd4f11,CP,adult,1.033332857142857,1
5e39fa4332667b2143e1d998,CP,adult,1.02,1
5e39fa4332667b2143e1d998,CP,adult,1.5,1
5c40134b1580e900012320ab,CP,adult,1.02,1
6278270bfb2439bf3abf192d,CP,adult,1.033332857142857,0
5c40134b1580e900012320ab,CP,adult,1.3333333333333333,1
60fcb280d58f26d33cb004a6,CP,adult,1.02,1
5e39fa4332667b2143e1d998,CP,adult,1.05,1
5c40134b1580e900012320ab,CP,adult,1.25,1
6278270bfb2439bf3abf192d,CP,adult,1.025,0
62682277645054f5802459b8,CP,adult,1.025,0
62682277645054f5802459b8,CP,adult,1.033332857142857,1
5c40134b1580e900012320ab,CP,adult,1.05,0
5f84e472052cf81ae5752252,CP,adult,1.5,1
62682277645054f5802459b8,CP,adult,1.025,1
5e39fa4332667b2143e1d998,CP,adult,1.5,1
62682277645054f5802459b8,CP,adult,1.025,1
62682277645054f5802459b8,CP,adult,1.0333333333333334,0
62682277645054f5802459b8,CP,adult,1.02,1
60fcb280d58f26d33cb004a6,CP,adult,1.5,1
62682277645054f5802459b8,CP,adult,1.033334,0
611bcfb66766d27a2ae33300,CP,adult,1.25,1
60fcb280d58f26d33cb004a6,CP,adult,1.033332857142857,0
60fcb280d58f26d33cb004a6,CP,adult,1.25,1
5e39fa4332667b2143e1d998,CP,adult,1.05,1
695c0c4402a391037ecd4f11,CP,adult,1.5,1
695c0c4402a391037ecd4f11,CP,adult,1.25,1
695c0c4402a391037ecd4f11,CP,adult,1.25,1
6278270bfb2439bf3abf192d,CP,adult,1.5,1
63fcfd81a075a45d1a821308,CP,adult,1.05,1
6278270bfb2439bf3abf192d,CP,adult,1.25,1
6278270bfb2439bf3abf192d,CP,adult,1.333332857142857,1
5e39fa4332667b2143e1d998,CP,adult,1.5,1
5e39fa4332667b2143e1d998,CP,adult,1.025,0
6278270bfb2439bf3abf192d,CP,adult,1.25,1
5e39fa4332667b2143e1d998,CP,adult,1.02,0
5e39fa4332667b2143e1d998,CP,adult,1.025,0
695c0c4402a391037ecd4f11,CP,adult,1.025,1
6278270bfb2439bf3abf192d,CP,adult,1.025,0
6278270bfb2439bf3abf192d,CP,adult,1.0333333333333334,1
5c40134b1580e900012320ab,CP,adult,1.05,1
6278270bfb2439bf3abf192d,CP,adult,1.02,0
5c40134b1580e900012320ab,CP,adult,1.5,1
5e39fa4332667b2143e1d998,CP,adult,1.5,1
695c0c4402a391037ecd4f11,CP,adult,1.0333333333333334,1
695c0c4402a391037ecd4f11,CP,adult,1.02,0
6278270bfb2439bf3abf192d,CP,adult,1.02,1
695c0c4402a391037ecd4f11,CP,adult,1.025,1
5c40134b1580e900012320ab,CP,adult,1.025,0
6278270bfb2439bf3abf192d,CP,adult,1.025,1
695c0c4402a391037ecd4f11,CP,adult,1.05,1
5c40134b1580e900012320ab,CP,adult,1.033332857142857,1
695c0c4402a391037ecd4f11,CP,adult,1.025,1
6278270bfb2439bf3abf192d,CP,adult,1.0333333333333334,1
6278270bfb2439bf3abf192d,CP,adult,1.25,1
6278270bfb2439bf3abf192d,CP,adult,1.5,1
5e39fa4332667b2143e1d998,CP,adult,1.02,0
5f84e472052cf81ae5752252,CP,adult,1.033332857142857,0
5e39fa4332667b2143e1d998,CP,adult,1.333332857142857,1
5c40134b1580e900012320ab,CP,adult,1.025,1
5c40134b1580e900012320ab,CP,adult,1.033334,1
5bf349126f97050001e6a6e6,CP,adult,1.333334,0
5c40134b1580e900012320ab,CP,adult,1.05,1
5f84e472052cf81ae5752252,CP,adult,1.25,1
5f84e472052cf81ae5752252,CP,adult,1.5,1
62682277645054f5802459b8,CP,adult,1.033332857142857,0
62682277645054f5802459b8,CP,adult,1.02,0
60fcb280d58f26d33cb004a6,CP,adult,1.033334,1
5f84e472052cf81ae5752252,CP,adult,1.5,1
611bcfb66766d27a2ae33300,CP,adult,1.0333333333333334,1
5f84e472052cf81ae5752252,CP,adult,1.5,1
5e39fa4332667b2143e1d998,CP,adult,1.025,0
5c40134b1580e900012320ab,CP,adult,1.3333333333333333,1
5c40134b1580e900012320ab,CP,adult,1.02,1
5e39fa4332667b2143e1d998,CP,adult,1.25,1
5f84e472052cf81ae5752252,CP,adult,1.033332857142857,1
5f84e472052cf81ae5752252,CP,adult,1.25,1
60fcb280d58f26d33cb004a6,CP,adult,1.02,0
5f84e472052cf81ae5752252,CP,adult,1.333334,1
5c40134b1580e900012320ab,CP,adult,1.033332857142857,1
5c40134b1580e900012320ab,CP,adult,1.5,1
611bcfb66766d27a2ae33300,CP,adult,1.0499999999999998,1
5bf349126f97050001e6a6e6,CP,adult,1.333332857142857,1
5f84e472052cf81ae5752252,CP,adult,1.033332857142857,1
5c40134b1580e900012320ab,CP,adult,1.5,1
5f84e472052cf81ae5752252,CP,adult,1.025,1
5bf349126f97050001e6a6e6,CP,adult,1.3333333333333333,0
60fcb280d58f26d33cb004a6,CP,adult,1.333334,1
5f84e472052cf81ae5752252,CP,adult,1.02,1
5f84e472052cf81ae5752252,CP,adult,1.02,0
5f84e472052cf81ae5752252,CP,adult,1.3333333333333333,1
5f84e472052cf81ae5752252,CP,adult,1.5,1
5e39fa4332667b2143e1d998,CP,adult,1.333332857142857,1
611bcfb66766d27a2ae33300,CP,adult,1.02,0
5f84e472052cf81ae5752252,CP,adult,1.5,1
62682277645054f5802459b8,CP,adult,1.02,1
5c40134b1580e900012320ab,CP,adult,1.25,1
60fcb280d58f26d33cb004a6,CP,adult,1.05,0
62682277645054f5802459b8,CP,adult,1.25,1
5e39fa4332667b2143e1d998,CP,adult,1.333332857142857,1
5f84e472052cf81ae5752252,CP,adult,1.033332857142857,0
611bcfb66766d27a2ae33300,CP,adult,1.02,1
60fcb280d58f26d33cb004a6,CP,adult,1.025,1
5f84e472052cf81ae5752252,CP,adult,1.3333333333333333,1
611bcfb66766d27a2ae33300,CP,adult,1.025,1
60fcb280d58f26d33cb004a6,CP,adult,1.5,1
60fcb280d58f26d33cb004a6,CP,adult,1.0499999999999998,0
62682277645054f5802459b8,CP,adult,1.025,0
611bcfb66766d27a2ae33300,CP,adult,1.025,1
62682277645054f5802459b8,CP,adult,1.025,1
5f84e472052cf81ae5752252,CP,adult,1.0333333333333334,1
62682277645054f5802459b8,CP,adult,1.0499999999999998,0
60fcb280d58f26d33cb004a6,CP,adult,1.5,1
62682277645054f5802459b8,CP,adult,1.5,1
60fcb280d58f26d33cb004a6,CP,adult,1.333334,1
611bcfb66766d27a2ae33300,CP,adult,1.3333333333333333,1
5bf349126f97050001e6a6e6,CP,adult,1.5,0
698de8953c24d3b3ec682a20,CP,adult,1.333332857142857,1
698de8953c24d3b3ec682a20,CP,adult,1.0333333333333334,0
611bcfb66766d27a2ae33300,CP,adult,1.5,0
611bcfb66766d27a2ae33300,CP,adult,1.25,0
698de8953c24d3b3ec682a20,CP,adult,1.0499999999999998,1
56ca3e3237d66c000c59a891,CP,adult,1.033334,1
56ca3e3237d66c000c59a891,CP,adult,1.5,1
698de8953c24d3b3ec682a20,CP,adult,1.02,1
56ca3e3237d66c000c59a891,CP,adult,1.0499999999999998,0
698de8953c24d3b3ec682a20,CP,adult,1.025,1
669a431df516aa06fd2f355e,CP,adult,1.0333333333333334,1
698de8953c24d3b3ec682a20,CP,adult,1.25,1
56ca3e3237d66c000c59a891,CP,adult,1.05,1
62682277645054f5802459b8,CP,adult,1.333332857142857,1
5e39fa4332667b2143e1d998,CP,adult,1.5,1
5e39fa4332667b2143e1d998,CP,adult,1.5,1
62682277645054f5802459b8,CP,adult,1.25,0
62682277645054f5802459b8,CP,adult,1.5,1
5c40134b1580e900012320ab,CP,adult,1.3333333333333333,1
5f84e472052cf81ae5752252,CP,adult,1.5,1
60fcb280d58f26d33cb004a6,CP,adult,1.025,0
60fcb280d58f26d33cb004a6,CP,adult,1.05,1
62682277645054f5802459b8,CP,adult,1.02,0
5c40134b1580e900012320ab,CP,adult,1.02,0
5c40134b1580e900012320ab,CP,adult,1.5,1
5e39fa4332667b2143e1d998,CP,adult,1.05,1
62682277645054f5802459b8,CP,adult,1.0333333333333334,0
5c40134b1580e900012320ab,CP,adult,1.333334,1
5f84e472052cf81ae5752252,CP,adult,1.025,1
5c40134b1580e900012320ab,CP,adult,1.333332857142857,1
5c40134b1580e900012320ab,CP,adult,1.05,1
60fcb280d58f26d33cb004a6,CP,adult,1.333334,0
5f84e472052cf81ae5752252,CP,adult,1.25,1
5bf349126f97050001e6a6e6,CP,adult,1.5,1
60fcb280d58f26d33cb004a6,CP,adult,1.025,0
5e39fa4332667b2143e1d998,CP,adult,1.25,1
5bf349126f97050001e6a6e6,CP,adult,1.5,0
62682277645054f5802459b8,CP,adult,1.025,1
5e39fa4332667b2143e1d998,CP,adult,1.3333333333333333,1
62682277645054f5802459b8,CP,adult,1.05,1
5bf349126f97050001e6a6e6,CP,adult,1.5,1
5e39fa4332667b2143e1d998,CP,adult,1.0499999999999998,0
5e39fa4332667b2143e1d998,CP,adult,1.025,1
60fcb280d58f26d33cb004a6,CP,adult,1.033332857142857,0
5bf349126f97050001e6a6e6,CP,adult,1.5,1
60fcb280d58f26d33cb004a6,CP,adult,1.033334,0
5f84e472052cf81ae5752252,CP,adult,1.02,0
5bf349126f97050001e6a6e6,CP,adult,1.5,1
5f84e472052cf81ae5752252,CP,adult,1.0333333333333334,0
5bf349126f97050001e6a6e6,CP,adult,1.5,1
62682277645054f5802459b8,CP,adult,1.25,1
60fcb280d58f26d33cb004a6,CP,adult,1.25,1
60fcb280d58f26d33cb004a6,CP,adult,1.025,1
611bcfb66766d27a2ae33300,CP,adult,1.5,0
611bcfb66766d27a2ae33300,CP,adult,1.05,1
611bcfb66766d27a2ae33300,CP,adult,1.025,0
611bcfb66766d27a2ae33300,CP,adult,1.025,0
698de8953c24d3b3ec682a20,CP,adult,1.25,1
611bcfb66766d27a2ae33300,CP,adult,1.05,1
56ca3e3237d66c000c59a891,CP,adult,1.02,1
611bcfb66766d27a2ae33300,CP,adult,1.02,0
698de8953c24d3b3ec682a20,CP,adult,1.333332857142857,1
669a431df516aa06fd2f355e,CP,adult,1.3333333333333333,0
698de8953c24d3b3ec682a20,CP,adult,1.033332857142857,1
56ca3e3237d66c000c59a891,CP,adult,1.25,1
611bcfb66766d27a2ae33300,CP,adult,1.025,0
5c40134b1580e900012320ab,CP,adult,1.5,1
611bcfb66766d27a2ae33300,CP,adult,1.25,0
60fcb280d58f26d33cb004a6,CP,adult,1.5,1
5f84e472052cf81ae5752252,CP,adult,1.05,0
5f84e472052cf81ae5752252,CP,adult,1.333332857142857,1
611bcfb66766d27a2ae33300,CP,adult,1.0499999999999998,0
60fcb280d58f26d33cb004a6,CP,adult,1.25,1
5e39fa4332667b2143e1d998,CP,adult,1.025,1
62682277645054f5802459b8,CP,adult,1.025,1
5c40134b1580e900012320ab,CP,adult,1.05,1
611bcfb66766d27a2ae33300,CP,adult,1.333332857142857,1
62682277645054f5802459b8,CP,adult,1.05,1
5bf349126f97050001e6a6e6,CP,adult,1.333334,1
611bcfb66766d27a2ae33300,CP,adult,1.0499999999999998,1
5f84e472052cf81ae5752252,CP,adult,1.02,1
5c40134b1580e900012320ab,CP,adult,1.333334,1
60fcb280d58f26d33cb004a6,CP,adult,1.0499999999999998,0
5e39fa4332667b2143e1d998,CP,adult,1.3333333333333333,1
611bcfb66766d27a2ae33300,CP,adult,1.02,0
62682277645054f5802459b8,CP,adult,1.333334,1
611bcfb66766d27a2ae33300,CP,adult,1.5,0
5f84e472052cf81ae5752252,CP,adult,1.02,1
62682277645054f5802459b8,CP,adult,1.02,0
5e39fa4332667b2143e1d998,CP,adult,1.033334,1
5f84e472052cf81ae5752252,CP,adult,1.05,1
62682277645054f5802459b8,CP,adult,1.25,1
60fcb280d58f26d33cb004a6,CP,adult,1.02,1
5f84e472052cf81ae5752252,CP,adult,1.0499999999999998,0
62682277645054f5802459b8,CP,adult,1.3333333333333333,1
5f84e472052cf81ae5752252,CP,adult,1.25,1
5e39fa4332667b2143e1d998,CP,adult,1.0333333333333334,1
5f84e472052cf81ae5752252,CP,adult,1.033332857142857,1
62682277645054f5802459b8,CP,adult,1.5,1
60fcb280d58f26d33cb004a6,CP,adult,1.333332857142857,1
62682277645054f5802459b8,CP,adult,1.333332857142857,1
60fcb280d58f26d33cb004a6,CP,adult,1.25,1
62682277645054f5802459b8,CP,adult,1.5,1
60fcb280d58f26d33cb004a6,CP,adult,1.5,1
611bcfb66766d27a2ae33300,CP,adult,1.0333333333333334,0
611bcfb66766d27a2ae33300,CP,adult,1.033334,1
611bcfb66766d27a2ae33300,CP,adult,1.02,0
698de8953c24d3b3ec682a20,CP,adult,1.025,0
611bcfb66766d27a2ae33300,CP,adult,1.25,1
698de8953c24d3b3ec682a20,CP,adult,1.025,1
669a431df516aa06fd2f355e,CP,adult,1.5,1
611bcfb66766d27a2ae33300,CP,adult,1.033334,0
669a431df516aa06fd2f355e,CP,adult,1.033332857142857,1
669a431df516aa06fd2f355e,CP,adult,1.02,0
669a431df516aa06fd2f355e,CP,adult,1.025,0
669a431df516aa06fd2f355e,CP,adult,1.0333333333333334,1
669a431df516aa06fd2f355e,CP,adult,1.25,1
669a431df516aa06fd2f355e,CP,adult,1.5,0
60fcb280d58f26d33cb004a6,CP,adult,1.333332857142857,1
60fcb280d58f26d33cb004a6,CP,adult,1.025,0
62682277645054f5802459b8,CP,adult,1.5,1
60fcb280d58f26d33cb004a6,CP,adult,1.0333333333333334,1
60fcb280d58f26d33cb004a6,CP,adult,1.02,0
60fcb280d58f26d33cb004a6,CP,adult,1.033332857142857,1
611bcfb66766d27a2ae33300,CP,adult,1.0333333333333334,1
62682277645054f5802459b8,CP,adult,1.05,0
611bcfb66766d27a2ae33300,CP,adult,1.5,0
5f84e472052cf81ae5752252,CP,adult,1.0499999999999998,1
62682277645054f5802459b8,CP,adult,1.25,1
611bcfb66766d27a2ae33300,CP,adult,1.033334,1
62682277645054f5802459b8,CP,adult,1.02,0
5c40134b1580e900012320ab,CP,adult,1.5,1
62682277645054f5802459b8,CP,adult,1.0499999999999998,1
5e39fa4332667b2143e1d998,CP,adult,1.025,1
611bcfb66766d27a2ae33300,CP,adult,1.02,1
60fcb280d58f26d33cb004a6,CP,adult,1.333334,1
5f84e472052cf81ae5752252,CP,adult,1.25,1
60fcb280d58f26d33cb004a6,CP,adult,1.25,1
60fcb280d58f26d33cb004a6,CP,adult,1.0333333333333334,0
62682277645054f5802459b8,CP,adult,1.25,1
60fcb280d58f26d33cb004a6,CP,adult,1.025,1
5f84e472052cf81ae5752252,CP,adult,1.0499999999999998,0
611bcfb66766d27a2ae33300,CP,adult,1.02,1
60fcb280d58f26d33cb004a6,CP,adult,1.05,0
5f84e472052cf81ae5752252,CP,adult,1.25,1
611bcfb66766d27a2ae33300,CP,adult,1.05,1
611bcfb66766d27a2ae33300,CP,adult,1.333334,0
60fcb280d58f26d33cb004a6,CP,adult,1.25,1
62682277645054f5802459b8,CP,adult,1.25,1
611bcfb66766d27a2ae33300,CP,adult,1.033332857142857,0
5f84e472052cf81ae5752252,CP,adult,1.0333333333333334,1
62682277645054f5802459b8,CP,adult,1.0499999999999998,1
5f84e472052cf81ae5752252,CP,adult,1.025,0
62682277645054f5802459b8,CP,adult,1.333332857142857,1
611bcfb66766d27a2ae33300,CP,adult,1.333332857142857,1
60fcb280d58f26d33cb004a6,CP,adult,1.25,1
611bcfb66766d27a2ae33300,CP,adult,1.02,1
698de8953c24d3b3ec682a20,CP,adult,1.05,0
698de8953c24d3b3ec682a20,CP,adult,1.0333333333333334,1
698de8953c24d3b3ec682a20,CP,adult,1.3333333333333333,1
669a431df516aa06fd2f355e,CP,adult,1.5,1
56ca3e3237d66c000c59a891,CP,adult,1.0499999999999998,1
669a431df516aa06fd2f355e,CP,adult,1.333334,1
698de8953c24d3b3ec682a20,CP,adult,1.05,1
669a431df516aa06fd2f355e,CP,adult,1.05,0
698de8953c24d3b3ec682a20,CP,adult,1.033334,1
698de8953c24d3b3ec682a20,CP,adult,1.025,1
611bcfb66766d27a2ae33300,CP,adult,1.25,0
56ca3e3237d66c000c59a891,CP,adult,1.333332857142857,1
611bcfb66766d27a2ae33300,CP,adult,1.025,0
698de8953c24d3b3ec682a20,CP,adult,1.02,0
5f84e472052cf81ae5752252,CP,adult,1.3333333333333333,1
5f84e472052cf81ae5752252,CP,adult,1.25,0
5f84e472052cf81ae5752252,CP,adult,1.25,1
5c40134b1580e900012320ab,CP,adult,1.333332857142857,1
5c40134b1580e900012320ab,CP,adult,1.05,1
5e39fa4332667b2143e1d998,CP,adult,1.05,1
62682277645054f5802459b8,CP,adult,1.05,1
5c40134b1580e900012320ab,CP,adult,1.033334,1
5c40134b1580e900012320ab,CP,adult,1.333334,1
60fcb280d58f26d33cb004a6,CP,adult,1.025,0
60fcb280d58f26d33cb004a6,CP,adult,1.333334,1
60fcb280d58f26d33cb004a6,CP,adult,1.033334,1
60fcb280d58f26d33cb004a6,CP,adult,1.0499999999999998,0
60fcb280d58f26d33cb004a6,CP,adult,1.02,0
60fcb280d58f26d33cb004a6,CP,adult,1.025,1
60fcb280d58f26d33cb004a6,CP,adult,1.3333333333333333,1
5f84e472052cf81ae5752252,CP,adult,1.025,1
62682277645054f5802459b8,CP,adult,1.5,1
5e39fa4332667b2143e1d998,CP,adult,1.3333333333333333,1
5e39fa4332667b2143e1d998,CP,adult,1.025,1
5f84e472052cf81ae5752252,CP,adult,1.25,1
60fcb280d58f26d33cb004a6,CP,adult,1.333334,1
5f84e472052cf81ae5752252,CP,adult,1.02,0
60fcb280d58f26d33cb004a6,CP,adult,1.5,1
62682277645054f5802459b8,CP,adult,1.033334,0
5f84e472052cf81ae5752252,CP,adult,1.05,1
5e39fa4332667b2143e1d998,CP,adult,1.0333333333333334,1
62682277645054f5802459b8,CP,adult,1.025,1
60fcb280d58f26d33cb004a6,CP,adult,1.5,1
62682277645054f5802459b8,CP,adult,1.333334,1
5f84e472052cf81ae5752252,CP,adult,1.025,1
60fcb280d58f26d33cb004a6,CP,adult,1.5,1
60fcb280d58f26d33cb004a6,CP,adult,1.025,0
611bcfb66766d27a2ae33300,CP,adult,1.033332857142857,0
60fcb280d58f26d33cb004a6,CP,adult,1.5,1
60fcb280d58f26d33cb004a6,CP,adult,1.25,0
60fcb280d58f26d33cb004a6,CP,adult,1.333334,1
5bf349126f97050001e6a6e6,CP,adult,1.5,1
60fcb280d58f26d33cb004a6,CP,adult,1.5,1
5bf349126f97050001e6a6e6,CP,adult,1.5,1
611bcfb66766d27a2ae33300,CP,adult,1.5,0
5bf349126f97050001e6a6e6,CP,adult,1.5,0
611bcfb66766d27a2ae33300,CP,adult,1.5,1
669a431df516aa06fd2f355e,CP,adult,1.5,1
698de8953c24d3b3ec682a20,CP,adult,1.0499999999999998,0
698de8953c24d3b3ec682a20,CP,adult,1.25,1
611bcfb66766d27a2ae33300,CP,adult,1.5,1
669a431df516aa06fd2f355e,CP,adult,1.033334,1
669a431df516aa06fd2f355e,CP,adult,1.02,0
56ca3e3237d66c000c59a891,CP,adult,1.333332857142857,1
611bcfb66766d27a2ae33300,CP,adult,1.025,1
698de8953c24d3b3ec682a20,CP,adult,1.025,1
669a431df516aa06fd2f355e,CP,adult,1.025,1
62682277645054f5802459b8,CP,adult,1.05,1
62682277645054f5802459b8,CP,adult,1.25,1
5c40134b1580e900012320ab,CP,adult,1.02,0
5e39fa4332667b2143e1d998,CP,adult,1.0499999999999998,0
62682277645054f5802459b8,CP,adult,1.25,1
62682277645054f5802459b8,CP,adult,1.5,1
5c40134b1580e900012320ab,CP,adult,1.025,1
5f84e472052cf81ae5752252,CP,adult,1.25,0
5f84e472052cf81ae5752252,CP,adult,1.333332857142857,1
62682277645054f5802459b8,CP,adult,1.5,1
5e39fa4332667b2143e1d998,CP,adult,1.033334,1
5c40134b1580e900012320ab,CP,adult,1.025,1
5c40134b1580e900012320ab,CP,adult,1.05,0
5f84e472052cf81ae5752252,CP,adult,1.5,1
62682277645054f5802459b8,CP,adult,1.033332857142857,0
62682277645054f5802459b8,CP,adult,1.5,1
5bf349126f97050001e6a6e6,CP,adult,1.333334,0
5f84e472052cf81ae5752252,CP,adult,1.5,1
62682277645054f5802459b8,CP,adult,1.033334,0
5f84e472052cf81ae5752252,CP,adult,1.05,1
62682277645054f5802459b8,CP,adult,1.333334,1
611bcfb66766d27a2ae33300,CP,adult,1.333334,0
62682277645054f5802459b8,CP,adult,1.3333333333333333,1
62682277645054f5802459b8,CP,adult,1.025,0
60fcb280d58f26d33cb004a6,CP,adult,1.05,1
5e39fa4332667b2143e1d998,CP,adult,1.02,1
62682277645054f5802459b8,CP,adult,1.25,0
5f84e472052cf81ae5752252,CP,adult,1.02,0
5f84e472052cf81ae5752252,CP,adult,1.02,0
5f84e472052cf81ae5752252,CP,adult,1.025,0
60fcb280d58f26d33cb004a6,CP,adult,1.02,0
62682277645054f5802459b8,CP,adult,1.033332857142857,1
611bcfb66766d27a2ae33300,CP,adult,1.025,1
5f84e472052cf81ae5752252,CP,adult,1.025,0
611bcfb66766d27a2ae33300,CP,adult,1.25,1
62682277645054f5802459b8,CP,adult,1.333332857142857,1
611bcfb66766d27a2ae33300,CP,adult,1.05,0
62682277645054f5802459b8,CP,adult,1.5,1
611bcfb66766d27a2ae33300,CP,adult,1.02,1
611bcfb66766d27a2ae33300,CP,adult,1.033334,0
698de8953c24d3b3ec682a20,CP,adult,1.05,1
698de8953c24d3b3ec682a20,CP,adult,1.3333333333333333,1
698de8953c24d3b3ec682a20,CP,adult,1.25,1
698de8953c24d3b3ec682a20,CP,adult,1.25,1
669a431df516aa06fd2f355e,CP,adult,1.3333333333333333,1
669a431df516aa06fd2f355e,CP,adult,1.5,0
669a431df516aa06fd2f355e,CP,adult,1.3333333333333333,1
56ca3e3237d66c000c59a891,CP,adult,1.025,0
611bcfb66766d27a2ae33300,CP,adult,1.0499999999999998,0
56ca3e3237d66c000c59a891,CP,adult,1.3333333333333333,1
698de8953c24d3b3ec682a20,CP,adult,1.02,1
669a431df516aa06fd2f355e,CP,adult,1.25,1
669a431df516aa06fd2f355e,CP,adult,1.025,1
56ca3e3237d66c000c59a891,CP,adult,1.033332857142857,0
698de8953c24d3b3ec682a20,CP,adult,1.02,1
5e9838342f9c6001611f9b50,CP,adult,1.033334,1
60d3370ae32bc81e9f0c6279,CP,adult,1.5,1
5e9838342f9c6001611f9b50,CP,adult,1.5,1
60d3370ae32bc81e9f0c6279,CP,adult,1.5,1
60d3370ae32bc81e9f0c6279,CP,adult,1.5,0
5e9838342f9c6001611f9b50,CP,adult,1.025,0
60d3370ae32bc81e9f0c6279,CP,adult,1.5,1
5e9838342f9c6001611f9b50,CP,adult,1.333332857142857,1
60d3370ae32bc81e9f0c6279,CP,adult,1.5,1
60d3370ae32bc81e9f0c6279,CP,adult,1.5,1
5e9838342f9c6001611f9b50,CP,adult,1.0333333333333334,1
60d3370ae32bc81e9f0c6279,CP,adult,1.5,1
5e9838342f9c6001611f9b50,CP,adult,1.5,1
60d3370ae32bc81e9f0c6279,CP,adult,1.5,1
5e9838342f9c6001611f9b50,CP,adult,1.0333333333333334,0
5e9838342f9c6001611f9b50,CP,adult,1.02,0
5e9838342f9c6001611f9b50,CP,adult,1.25,1
5e9838342f9c6001611f9b50,CP,adult,1.5,1
5e9838342f9c6001611f9b50,CP,adult,1.5,1
5e9838342f9c6001611f9b50,CP,adult,1.5,1
5e9838342f9c6001611f9b50,CP,adult,1.5,1
5e9838342f9c6001611f9b50,CP,adult,1.5,1
611bcfb66766d27a2ae33300,CP,adult,1.25,1
669a431df516aa06fd2f355e,CP,adult,1.033332857142857,0
698de8953c24d3b3ec682a20,CP,adult,1.025,1
5b8fe19ae3a406000131f1a6,CP,adult,1.25,1
56ca3e3237d66c000c59a891,CP,adult,1.333332857142857,1
669a431df516aa06fd2f355e,CP,adult,1.0333333333333334,0
611bcfb66766d27a2ae33300,CP,adult,1.5,1
698de8953c24d3b3ec682a20,CP,adult,1.3333333333333333,1
669a431df516aa06fd2f355e,CP,adult,1.3333333333333333,1
5b8fe19ae3a406000131f1a6,CP,adult,1.0499999999999998,1
56ca3e3237d66c000c59a891,CP,adult,1.02,0
698de8953c24d3b3ec682a20,CP,adult,1.025,0
669a431df516aa06fd2f355e,CP,adult,1.02,0
611bcfb66766d27a2ae33300,CP,adult,1.25,1
5b8fe19ae3a406000131f1a6,CP,adult,1.25,1
698de8953c24d3b3ec682a20,CP,adult,1.02,1
56ca3e3237d66c000c59a891,CP,adult,1.3333333333333333,1
669a431df516aa06fd2f355e,CP,adult,1.0333333333333334,1
698de8953c24d3b3ec682a20,CP,adult,1.5,1
669a431df516aa06fd2f355e,CP,adult,1.05,1
5b8fe19ae3a406000131f1a6,CP,adult,1.25,1
611bcfb66766d27a2ae33300,CP,adult,1.3333333333333333,0
698de8953c24d3b3ec682a20,CP,adult,1.02,0
669a431df516aa06fd2f355e,CP,adult,1.0333333333333334,1
56ca3e3237d66c000c59a891,CP,adult,1.25,0
5b8fe19ae3a406000131f1a6,CP,adult,1.333334,1
698de8953c24d3b3ec682a20,CP,adult,1.5,1
669a431df516aa06fd2f355e,CP,adult,1.5,1
611bcfb66766d27a2ae33300,CP,adult,1.25,1
669a431df516aa06fd2f355e,CP,adult,1.05,1
698de8953c24d3b3ec682a20,CP,adult,1.0499999999999998,0
5b8fe19ae3a406000131f1a6,CP,adult,1.02,0
56ca3e3237d66c000c59a891,CP,adult,1.5,1
669a431df516aa06fd2f355e,CP,adult,1.02,1
698de8953c24d3b3ec682a20,CP,adult,1.5,1
5b8fe19ae3a406000131f1a6,CP,adult,1.05,1
56ca3e3237d66c000c59a891,CP,adult,1.0499999999999998,0
669a431df516aa06fd2f355e,CP,adult,1.25,0
611bcfb66766d27a2ae33300,CP,adult,1.25,1
698de8953c24d3b3ec682a20,CP,adult,1.333332857142857,1
669a431df516aa06fd2f355e,CP,adult,1.25,1
5b8fe19ae3a406000131f1a6,CP,adult,1.025,0
698de8953c24d3b3ec682a20,CP,adult,1.25,1
56ca3e3237d66c000c59a891,CP,adult,1.25,1
669a431df516aa06fd2f355e,CP,adult,1.25,1
5b8fe19ae3a406000131f1a6,CP,adult,1.033334,0
698de8953c24d3b3ec682a20,CP,adult,1.05,1
611bcfb66766d27a2ae33300,CP,adult,1.3333333333333333,0
669a431df516aa06fd2f355e,CP,adult,1.25,1
56ca3e3237d66c000c59a891,CP,adult,1.033332857142857,1
698de8953c24d3b3ec682a20,CP,adult,1.02,0
669a431df516aa06fd2f355e,CP,adult,1.0499999999999998,1
5b8fe19ae3a406000131f1a6,CP,adult,1.0499999999999998,1
698de8953c24d3b3ec682a20,CP,adult,1.5,1
669a431df516aa06fd2f355e,CP,adult,1.0333333333333334,0
56ca3e3237d66c000c59a891,CP,adult,1.025,1
611bcfb66766d27a2ae33300,CP,adult,1.333334,1
5b8fe19ae3a406000131f1a6,CP,adult,1.0499999999999998,0
698de8953c24d3b3ec682a20,CP,adult,1.3333333333333333,0
669a431df516aa06fd2f355e,CP,adult,1.25,1
669a431df516aa06fd2f355e,CP,adult,1.025,1
611bcfb66766d27a2ae33300,CP,adult,1.5,1
698de8953c24d3b3ec682a20,CP,adult,1.0333333333333334,1
669a431df516aa06fd2f355e,CP,adult,1.333332857142857,1
698de8953c24d3b3ec682a20,CP,adult,1.05,0
56ca3e3237d66c000c59a891,CP,adult,1.5,1
5b8fe19ae3a406000131f1a6,CP,adult,1.3333333333333333,1
669a431df516aa06fd2f355e,CP,adult,1.333334,1
669a431df516aa06fd2f355e,CP,adult,1.02,0
669a431df516aa06fd2f355e,CP,adult,1.025,1
698de8953c24d3b3ec682a20,CP,adult,1.033334,1
5b8fe19ae3a406000131f1a6,CP,adult,1.5,1
5b8fe19ae3a406000131f1a6,CP,adult,1.02,0
56ca3e3237d66c000c59a891,CP,adult,1.033334,0
5b8fe19ae3a406000131f1a6,CP,adult,1.033334,1
5b8fe19ae3a406000131f1a6,CP,adult,1.333332857142857,1
67505c42a18c872bab88ed42,CP,adult,1.025,1
56ca3e3237d66c000c59a891,CP,adult,1.025,1
5b8fe19ae3a406000131f1a6,CP,adult,1.5,0
56ca3e3237d66c000c59a891,CP,adult,1.05,1
56ca3e3237d66c000c59a891,CP,adult,1.5,1
56ca3e3237d66c000c59a891,CP,adult,1.0499999999999998,1
67505c42a18c872bab88ed42,CP,adult,1.333332857142857,1
5b8fe19ae3a406000131f1a6,CP,adult,1.5,1
56ca3e3237d66c000c59a891,CP,adult,1.02,1
69be13f8637ffcddd278e21a,CP,adult,1.02,1
5b8fe19ae3a406000131f1a6,CP,adult,1.02,1
56ca3e3237d66c000c59a891,CP,adult,1.5,1
56ca3e3237d66c000c59a891,CP,adult,1.02,1
56ca3e3237d66c000c59a891,CP,adult,1.025,1
5b8fe19ae3a406000131f1a6,CP,adult,1.25,0
56ca3e3237d66c000c59a891,CP,adult,1.033332857142857,0
56ca3e3237d66c000c59a891,CP,adult,1.033332857142857,1
67505c42a18c872bab88ed42,CP,adult,1.5,1
67505c42a18c872bab88ed42,CP,adult,1.25,1
69be13f8637ffcddd278e21a,CP,adult,1.033334,1
69be13f8637ffcddd278e21a,CP,adult,1.333334,1
6978cb918ecab38eeeced238,CP,adult,1.025,1
6978cb918ecab38eeeced238,CP,adult,1.025,0
69be13f8637ffcddd278e21a,CP,adult,1.25,1
6978cb918ecab38eeeced238,CP,adult,1.025,0
67505c42a18c872bab88ed42,CP,adult,1.025,1
6978cb918ecab38eeeced238,CP,adult,1.5,1
69be13f8637ffcddd278e21a,CP,adult,1.025,1
67505c42a18c872bab88ed42,CP,adult,1.0499999999999998,1
677ca29eed2a6d65ce59f43b,CP,adult,1.0333333333333334,0
69be13f8637ffcddd278e21a,CP,adult,1.5,1
67505c42a18c872bab88ed42,CP,adult,1.0333333333333334,1
677ca29eed2a6d65ce59f43b,CP,adult,1.5,1
6978cb918ecab38eeeced238,CP,adult,1.333332857142857,1
677ca29eed2a6d65ce59f43b,CP,adult,1.333332857142857,1
669a431df516aa06fd2f355e,CP,adult,1.025,0
698de8953c24d3b3ec682a20,CP,adult,1.5,1
698de8953c24d3b3ec682a20,CP,adult,1.25,1
5b8fe19ae3a406000131f1a6,CP,adult,1.0499999999999998,1
611bcfb66766d27a2ae33300,CP,adult,1.02,0
5b8fe19ae3a406000131f1a6,CP,adult,1.0333333333333334,0
669a431df516aa06fd2f355e,CP,adult,1.025,1
5b8fe19ae3a406000131f1a6,CP,adult,1.02,1
698de8953c24d3b3ec682a20,CP,adult,1.033332857142857,0
5b8fe19ae3a406000131f1a6,CP,adult,1.333334,1
698de8953c24d3b3ec682a20,CP,adult,1.02,0
698de8953c24d3b3ec682a20,CP,adult,1.25,1
669a431df516aa06fd2f355e,CP,adult,1.025,1
5b8fe19ae3a406000131f1a6,CP,adult,1.3333333333333333,1
669a431df516aa06fd2f355e,CP,adult,1.02,0
5b8fe19ae3a406000131f1a6,CP,adult,1.25,1
698de8953c24d3b3ec682a20,CP,adult,1.3333333333333333,0
669a431df516aa06fd2f355e,CP,adult,1.025,0
698de8953c24d3b3ec682a20,CP,adult,1.5,1
669a431df516aa06fd2f355e,CP,adult,1.5,1
56ca3e3237d66c000c59a891,CP,adult,1.02,1
56ca3e3237d66c000c59a891,CP,adult,1.25,1
5b8fe19ae3a406000131f1a6,CP,adult,1.0499999999999998,0
5b8fe19ae3a406000131f1a6,CP,adult,1.025,0
67505c42a18c872bab88ed42,CP,adult,1.25,0
5b8fe19ae3a406000131f1a6,CP,adult,1.033334,1
5b8fe19ae3a406000131f1a6,CP,adult,1.5,1
5b8fe19ae3a406000131f1a6,CP,adult,1.5,1
67505c42a18c872bab88ed42,CP,adult,1.5,1
5b8fe19ae3a406000131f1a6,CP,adult,1.5,1
5b8fe19ae3a406000131f1a6,CP,adult,1.5,1
56ca3e3237d66c000c59a891,CP,adult,1.25,1
56ca3e3237d66c000c59a891,CP,adult,1.25,1
69be13f8637ffcddd278e21a,CP,adult,1.02,0
69be13f8637ffcddd278e21a,CP,adult,1.5,1
56ca3e3237d66c000c59a891,CP,adult,1.025,0
67505c42a18c872bab88ed42,CP,adult,1.5,1
69be13f8637ffcddd278e21a,CP,adult,1.333334,1
69be13f8637ffcddd278e21a,CP,adult,1.5,1
6978cb918ecab38eeeced238,CP,adult,1.033332857142857,0
69be13f8637ffcddd278e21a,CP,adult,1.0499999999999998,1
67505c42a18c872bab88ed42,CP,adult,1.02,1
677ca29eed2a6d65ce59f43b,CP,adult,1.25,1
6978cb918ecab38eeeced238,CP,adult,1.333334,1
67505c42a18c872bab88ed42,CP,adult,1.25,1
677ca29eed2a6d65ce59f43b,CP,adult,1.5,1
6978cb918ecab38eeeced238,CP,adult,1.25,1
677ca29eed2a6d65ce59f43b,CP,adult,1.5,1
6978cb918ecab38eeeced238,CP,adult,1.25,1
611bcfb66766d27a2ae33300,CP,adult,1.333334,1
669a431df516aa06fd2f355e,CP,adult,1.0499999999999998,1
56ca3e3237d66c000c59a891,CP,adult,1.5,1
669a431df516aa06fd2f355e,CP,adult,1.0333333333333334,1
5b8fe19ae3a406000131f1a6,CP,adult,1.25,1
56ca3e3237d66c000c59a891,CP,adult,1.5,1
56ca3e3237d66c000c59a891,CP,adult,1.0333333333333334,0
669a431df516aa06fd2f355e,CP,adult,1.5,1
669a431df516aa06fd2f355e,CP,adult,1.333334,1
698de8953c24d3b3ec682a20,CP,adult,1.025,1
669a431df516aa06fd2f355e,CP,adult,1.25,1
56ca3e3237d66c000c59a891,CP,adult,1.05,0
56ca3e3237d66c000c59a891,CP,adult,1.0499999999999998,0
698de8953c24d3b3ec682a20,CP,adult,1.025,1
5b8fe19ae3a406000131f1a6,CP,adult,1.025,1
698de8953c24d3b3ec682a20,CP,adult,1.5,0
669a431df516aa06fd2f355e,CP,adult,1.05,1
698de8953c24d3b3ec682a20,CP,adult,1.333334,0
669a431df516aa06fd2f355e,CP,adult,1.05,1
5b8fe19ae3a406000131f1a6,CP,adult,1.0499999999999998,1
67505c42a18c872bab88ed42,CP,adult,1.02,1
67505c42a18c872bab88ed42,CP,adult,1.033332857142857,0
56ca3e3237d66c000c59a891,CP,adult,1.0499999999999998,1
67505c42a18c872bab88ed42,CP,adult,1.02,1
5b8fe19ae3a406000131f1a6,CP,adult,1.25,1
5b8fe19ae3a406000131f1a6,CP,adult,1.05,1
67505c42a18c872bab88ed42,CP,adult,1.033334,0
67505c42a18c872bab88ed42,CP,adult,1.033334,1
67505c42a18c872bab88ed42,CP,adult,1.5,1
56ca3e3237d66c000c59a891,CP,adult,1.333332857142857,1
5b8fe19ae3a406000131f1a6,CP,adult,1.025,1
67505c42a18c872bab88ed42,CP,adult,1.25,1
5b8fe19ae3a406000131f1a6,CP,adult,1.025,0
69be13f8637ffcddd278e21a,CP,adult,1.25,1
69be13f8637ffcddd278e21a,CP,adult,1.25,1
67744dd5d793cc3d79ba38fc,CP,adult,1.0499999999999998,1
69be13f8637ffcddd278e21a,CP,adult,1.5,1
69be13f8637ffcddd278e21a,CP,adult,1.05,1
67505c42a18c872bab88ed42,CP,adult,1.02,1
6978cb918ecab38eeeced238,CP,adult,1.02,0
67505c42a18c872bab88ed42,CP,adult,1.033334,1
677ca29eed2a6d65ce59f43b,CP,adult,1.5,1
6978cb918ecab38eeeced238,CP,adult,1.02,0
69be13f8637ffcddd278e21a,CP,adult,1.025,0
67744dd5d793cc3d79ba38fc,CP,adult,1.0333333333333334,1
67505c42a18c872bab88ed42,CP,adult,1.033334,1
67505c42a18c872bab88ed42,CP,adult,1.025,0
67744dd5d793cc3d79ba38fc,CP,adult,1.02,1
56ca3e3237d66c000c59a891,CP,adult,1.333334,1
56ca3e3237d66c000c59a891,CP,adult,1.0499999999999998,1
5b8fe19ae3a406000131f1a6,CP,adult,1.0333333333333334,1
56ca3e3237d66c000c59a891,CP,adult,1.333334,1
56ca3e3237d66c000c59a891,CP,adult,1.025,1
698de8953c24d3b3ec682a20,CP,adult,1.033334,1
5b8fe19ae3a406000131f1a6,CP,adult,1.033334,0
698de8953c24d3b3ec682a20,CP,adult,1.25,1
5b8fe19ae3a406000131f1a6,CP,adult,1.05,0
669a431df516aa06fd2f355e,CP,adult,1.25,1
56ca3e3237d66c000c59a891,CP,adult,1.025,1
669a431df516aa06fd2f355e,CP,adult,1.333334,1
5b8fe19ae3a406000131f1a6,CP,adult,1.5,1
56ca3e3237d66c000c59a891,CP,adult,1.025,0
56ca3e3237d66c000c59a891,CP,adult,1.333334,1
56ca3e3237d66c000c59a891,CP,adult,1.02,1
56ca3e3237d66c000c59a891,CP,adult,1.02,1
669a431df516aa06fd2f355e,CP,adult,1.0499999999999998,1
5b8fe19ae3a406000131f1a6,CP,adult,1.02,0
56ca3e3237d66c000c59a891,CP,adult,1.02,1
5b8fe19ae3a406000131f1a6,CP,adult,1.02,1
5b8fe19ae3a406000131f1a6,CP,adult,1.025,0
67505c42a18c872bab88ed42,CP,adult,1.05,1
56ca3e3237d66c000c59a891,CP,adult,1.033334,1
56ca3e3237d66c000c59a891,CP,adult,1.033332857142857,1
5b8fe19ae3a406000131f1a6,CP,adult,1.02,1
56ca3e3237d66c000c59a891,CP,adult,1.25,1
56ca3e3237d66c000c59a891,CP,adult,1.25,0
56ca3e3237d66c000c59a891,CP,adult,1.033332857142857,0
5b8fe19ae3a406000131f1a6,CP,adult,1.25,1
67505c42a18c872bab88ed42,CP,adult,1.02,0
69be13f8637ffcddd278e21a,CP,adult,1.25,1
69be13f8637ffcddd278e21a,CP,adult,1.05,1
5b8fe19ae3a406000131f1a6,CP,adult,1.025,1
67505c42a18c872bab88ed42,CP,adult,1.025,0
67505c42a18c872bab88ed42,CP,adult,1.033332857142857,1
69be13f8637ffcddd278e21a,CP,adult,1.25,1
67505c42a18c872bab88ed42,CP,adult,1.025,0
67505c42a18c872bab88ed42,CP,adult,1.25,1
69be13f8637ffcddd278e21a,CP,adult,1.05,0
67744dd5d793cc3d79ba38fc,CP,adult,1.0499999999999998,1
67505c42a18c872bab88ed42,CP,adult,1.333334,1
67505c42a18c872bab88ed42,CP,adult,1.025,0
6978cb918ecab38eeeced238,CP,adult,1.0499999999999998,1
67744dd5d793cc3d79ba38fc,CP,adult,1.5,1
69be13f8637ffcddd278e21a,CP,adult,1.5,1
677ca29eed2a6d65ce59f43b,CP,adult,1.5,1
6978cb918ecab38eeeced238,CP,adult,1.033332857142857,0
69be13f8637ffcddd278e21a,CP,adult,1.02,1
67505c42a18c872bab88ed42,CP,adult,1.02,0
677ca29eed2a6d65ce59f43b,CP,adult,1.5,1
6978cb918ecab38eeeced238,CP,adult,1.0333333333333334,0
67744dd5d793cc3d79ba38fc,CP,adult,1.025,1
67505c42a18c872bab88ed42,CP,adult,1.3333333333333333,1
698de8953c24d3b3ec682a20,CP,adult,1.033334,1
5b8fe19ae3a406000131f1a6,CP,adult,1.333334,1
669a431df516aa06fd2f355e,CP,adult,1.02,0
698de8953c24d3b3ec682a20,CP,adult,1.02,1
669a431df516aa06fd2f355e,CP,adult,1.25,1
669a431df516aa06fd2f355e,CP,adult,1.3333333333333333,1
669a431df516aa06fd2f355e,CP,adult,1.0499999999999998,1
669a431df516aa06fd2f355e,CP,adult,1.0499999999999998,1
698de8953c24d3b3ec682a20,CP,adult,1.333334,0
56ca3e3237d66c000c59a891,CP,adult,1.5,1
698de8953c24d3b3ec682a20,CP,adult,1.25,1
5b8fe19ae3a406000131f1a6,CP,adult,1.25,1
698de8953c24d3b3ec682a20,CP,adult,1.5,1
669a431df516aa06fd2f355e,CP,adult,1.5,1
698de8953c24d3b3ec682a20,CP,adult,1.5,1
669a431df516aa06fd2f355e,CP,adult,1.02,0
56ca3e3237d66c000c59a891,CP,adult,1.5,1
698de8953c24d3b3ec682a20,CP,adult,1.05,1
5b8fe19ae3a406000131f1a6,CP,adult,1.02,0
56ca3e3237d66c000c59a891,CP,adult,1.02,0
56ca3e3237d66c000c59a891,CP,adult,1.3333333333333333,1
5b8fe19ae3a406000131f1a6,CP,adult,1.033334,1
67505c42a18c872bab88ed42,CP,adult,1.02,1
56ca3e3237d66c000c59a891,CP,adult,1.25,1
5b8fe19ae3a406000131f1a6,CP,adult,1.333332857142857,1
5b8fe19ae3a406000131f1a6,CP,adult,1.025,1
5b8fe19ae3a406000131f1a6,CP,adult,1.3333333333333333,1
69be13f8637ffcddd278e21a,CP,adult,1.333332857142857,1
5b8fe19ae3a406000131f1a6,CP,adult,1.02,0
5b8fe19ae3a406000131f1a6,CP,adult,1.333334,1
67505c42a18c872bab88ed42,CP,adult,1.02,0
69be13f8637ffcddd278e21a,CP,adult,1.025,0
5b8fe19ae3a406000131f1a6,CP,adult,1.0499999999999998,1
69be13f8637ffcddd278e21a,CP,adult,1.333334,1
69be13f8637ffcddd278e21a,CP,adult,1.05,1
67505c42a18c872bab88ed42,CP,adult,1.5,1
67505c42a18c872bab88ed42,CP,adult,1.05,0
67505c42a18c872bab88ed42,CP,adult,1.025,0
6978cb918ecab38eeeced238,CP,adult,1.025,0
67505c42a18c872bab88ed42,CP,adult,1.05,1
69be13f8637ffcddd278e21a,CP,adult,1.0333333333333334,1
67744dd5d793cc3d79ba38fc,CP,adult,1.333332857142857,1
67744dd5d793cc3d79ba38fc,CP,adult,1.02,1
677ca29eed2a6d65ce59f43b,CP,adult,1.033332857142857,1
6978cb918ecab38eeeced238,CP,adult,1.5,1
5641193817bdbe00122a0f23,CP,adult,1.025,1
69be13f8637ffcddd278e21a,CP,adult,1.333334,0
5641193817bdbe00122a0f23,CP,adult,1.0499999999999998,1
6978cb918ecab38eeeced238,CP,adult,1.0499999999999998,1
5b8fe19ae3a406000131f1a6,CP,adult,1.02,0
611bcfb66766d27a2ae33300,CP,adult,1.333332857142857,0
698de8953c24d3b3ec682a20,CP,adult,1.05,0
669a431df516aa06fd2f355e,CP,adult,1.02,0
698de8953c24d3b3ec682a20,CP,adult,1.02,1
5b8fe19ae3a406000131f1a6,CP,adult,1.333332857142857,1
698de8953c24d3b3ec682a20,CP,adult,1.025,0
56ca3e3237d66c000c59a891,CP,adult,1.25,1
56ca3e3237d66c000c59a891,CP,adult,1.02,0
5b8fe19ae3a406000131f1a6,CP,adult,1.033334,0
5b8fe19ae3a406000131f1a6,CP,adult,1.033334,1
669a431df516aa06fd2f355e,CP,adult,1.025,0
698de8953c24d3b3ec682a20,CP,adult,1.0333333333333334,0
669a431df516aa06fd2f355e,CP,adult,1.02,0
698de8953c24d3b3ec682a20,CP,adult,1.5,1
5b8fe19ae3a406000131f1a6,CP,adult,1.5,1
669a431df516aa06fd2f355e,CP,adult,1.5,1
67505c42a18c872bab88ed42,CP,adult,1.02,0
67505c42a18c872bab88ed42,CP,adult,1.025,1
5b8fe19ae3a406000131f1a6,CP,adult,1.025,1
67505c42a18c872bab88ed42,CP,adult,1.033334,0
56ca3e3237d66c000c59a891,CP,adult,1.025,0
5b8fe19ae3a406000131f1a6,CP,adult,1.0333333333333334,1
5b8fe19ae3a406000131f1a6,CP,adult,1.25,1
67505c42a18c872bab88ed42,CP,adult,1.05,0
56ca3e3237d66c000c59a891,CP,adult,1.5,1
56ca3e3237d66c000c59a891,CP,adult,1.025,0
67505c42a18c872bab88ed42,CP,adult,1.02,1
5b8fe19ae3a406000131f1a6,CP,adult,1.5,1
67505c42a18c872bab88ed42,CP,adult,1.025,0
67505c42a18c872bab88ed42,CP,adult,1.25,1
67505c42a18c872bab88ed42,CP,adult,1.25,1
69be13f8637ffcddd278e21a,CP,adult,1.025,0
5b8fe19ae3a406000131f1a6,CP,adult,1.025,0
67505c42a18c872bab88ed42,CP,adult,1.033334,1
67505c42a18c872bab88ed42,CP,adult,1.5,1
69be13f8637ffcddd278e21a,CP,adult,1.333334,1
67744dd5d793cc3d79ba38fc,CP,adult,1.5,1
67744dd5d793cc3d79ba38fc,CP,adult,1.5,1
69be13f8637ffcddd278e21a,CP,adult,1.025,1
6978cb918ecab38eeeced238,CP,adult,1.05,1
67744dd5d793cc3d79ba38fc,CP,adult,1.025,1
6978cb918ecab38eeeced238,CP,adult,1.033332857142857,1
69be13f8637ffcddd278e21a,CP,adult,1.25,1
67505c42a18c872bab88ed42,CP,adult,1.05,1
6978cb918ecab38eeeced238,CP,adult,1.02,1
69be13f8637ffcddd278e21a,CP,adult,1.033332857142857,1
69be13f8637ffcddd278e21a,CP,adult,1.0499999999999998,1
69be13f8637ffcddd278e21a,CP,adult,1.25,0
677ca29eed2a6d65ce59f43b,CP,adult,1.0499999999999998,0
69be13f8637ffcddd278e21a,CP,adult,1.025,1
677ca29eed2a6d65ce59f43b,CP,adult,1.333332857142857,1
5641193817bdbe00122a0f23,CP,adult,1.3333333333333333,1
6978cb918ecab38eeeced238,CP,adult,1.025,1
67744dd5d793cc3d79ba38fc,CP,adult,1.25,1
67505c42a18c872bab88ed42,CP,adult,1.05,1
5641193817bdbe00122a0f23,CP,adult,1.02,1
67505c42a18c872bab88ed42,CP,adult,1.3333333333333333,1
677ca29eed2a6d65ce59f43b,CP,adult,1.05,0
69be13f8637ffcddd278e21a,CP,adult,1.02,0
5641193817bdbe00122a0f23,CP,adult,1.0333333333333334,1
677ca29eed2a6d65ce59f43b,CP,adult,1.02,0
677ca29eed2a6d65ce59f43b,CP,adult,1.05,0
69bca9ff8b05e27781e23a7e,CP,adult,1.02,0
5641193817bdbe00122a0f23,CP,adult,1.05,0
69bca9ff8b05e27781e23a7e,CP,adult,1.0333333333333334,1
69bca9ff8b05e27781e23a7e,CP,adult,1.5,0
69bca9ff8b05e27781e23a7e,CP,adult,1.025,1
69be13f8637ffcddd278e21a,CP,adult,1.05,1
67505c42a18c872bab88ed42,CP,adult,1.333332857142857,1
69be13f8637ffcddd278e21a,CP,adult,1.5,1
69be13f8637ffcddd278e21a,CP,adult,1.3333333333333333,1
6978cb918ecab38eeeced238,CP,adult,1.25,1
69be13f8637ffcddd278e21a,CP,adult,1.02,1
6978cb918ecab38eeeced238,CP,adult,1.05,1
677ca29eed2a6d65ce59f43b,CP,adult,1.25,1
677ca29eed2a6d65ce59f43b,CP,adult,1.025,0
69be13f8637ffcddd278e21a,CP,adult,1.0499999999999998,1
6978cb918ecab38eeeced238,CP,adult,1.05,0
6978cb918ecab38eeeced238,CP,adult,1.25,1
5641193817bdbe00122a0f23,CP,adult,1.02,1
6978cb918ecab38eeeced238,CP,adult,1.3333333333333333,1
6978cb918ecab38eeeced238,CP,adult,1.02,0
67744dd5d793cc3d79ba38fc,CP,adult,1.025,1
69bca9ff8b05e27781e23a7e,CP,adult,1.0333333333333334,1
677ca29eed2a6d65ce59f43b,CP,adult,1.3333333333333333,1
67744dd5d793cc3d79ba38fc,CP,adult,1.333332857142857,1
677ca29eed2a6d65ce59f43b,CP,adult,1.02,1
69bca9ff8b05e27781e23a7e,CP,adult,1.02,0
6997be27e376b1f7355cb8bb,CP,adult,1.025,0
6978cb918ecab38eeeced238,CP,adult,1.5,1
6997be27e376b1f7355cb8bb,CP,adult,1.025,1
69bca9ff8b05e27781e23a7e,CP,adult,1.333332857142857,1
6978cb918ecab38eeeced238,CP,adult,1.333334,1
67744dd5d793cc3d79ba38fc,CP,adult,1.025,0
6997be27e376b1f7355cb8bb,CP,adult,1.02,0
677ca29eed2a6d65ce59f43b,CP,adult,1.25,1
67744dd5d793cc3d79ba38fc,CP,adult,1.0333333333333334,0
67744dd5d793cc3d79ba38fc,CP,adult,1.25,1
677ca29eed2a6d65ce59f43b,CP,adult,1.02,1
6997be27e376b1f7355cb8bb,CP,adult,1.02,0
69bca9ff8b05e27781e23a7e,CP,adult,1.02,1
69bca9ff8b05e27781e23a7e,CP,adult,1.025,0
6997be27e376b1f7355cb8bb,CP,adult,1.5,1
67744dd5d793cc3d79ba38fc,CP,adult,1.0499999999999998,1
6997be27e376b1f7355cb8bb,CP,adult,1.02,0
5641193817bdbe00122a0f23,CP,adult,1.0333333333333334,1
6978cb918ecab38eeeced238,CP,adult,1.033332857142857,1
6978cb918ecab38eeeced238,CP,adult,1.02,1
677ca29eed2a6d65ce59f43b,CP,adult,1.05,1
5641193817bdbe00122a0f23,CP,adult,1.05,1
69be13f8637ffcddd278e21a,CP,adult,1.05,0
67505c42a18c872bab88ed42,CP,adult,1.0499999999999998,1
5641193817bdbe00122a0f23,CP,adult,1.025,1
69bca9ff8b05e27781e23a7e,CP,adult,1.033334,1
677ca29eed2a6d65ce59f43b,CP,adult,1.333332857142857,0
677ca29eed2a6d65ce59f43b,CP,adult,1.5,1
67744dd5d793cc3d79ba38fc,CP,adult,1.033332857142857,1
69be13f8637ffcddd278e21a,CP,adult,1.02,1
67505c42a18c872bab88ed42,CP,adult,1.5,1
67505c42a18c872bab88ed42,CP,adult,1.0499999999999998,1
5641193817bdbe00122a0f23,CP,adult,1.333332857142857,1
69be13f8637ffcddd278e21a,CP,adult,1.333334,1
67744dd5d793cc3d79ba38fc,CP,adult,1.05,0
5641193817bdbe00122a0f23,CP,adult,1.333334,1
5641193817bdbe00122a0f23,CP,adult,1.02,1
67505c42a18c872bab88ed42,CP,adult,1.333332857142857,1
67505c42a18c872bab88ed42,CP,adult,1.5,1
69be13f8637ffcddd278e21a,CP,adult,1.5,1
6978cb918ecab38eeeced238,CP,adult,1.25,0
69be13f8637ffcddd278e21a,CP,adult,1.5,1
69be13f8637ffcddd278e21a,CP,adult,1.025,1
69be13f8637ffcddd278e21a,CP,adult,1.02,0
67744dd5d793cc3d79ba38fc,CP,adult,1.025,1
69be13f8637ffcddd278e21a,CP,adult,1.033332857142857,0
69be13f8637ffcddd278e21a,CP,adult,1.02,1
69be13f8637ffcddd278e21a,CP,adult,1.02,1
69be13f8637ffcddd278e21a,CP,adult,1.02,1
6978cb918ecab38eeeced238,CP,adult,1.025,1
6978cb918ecab38eeeced238,CP,adult,1.5,1
5641193817bdbe00122a0f23,CP,adult,1.025,0
5641193817bdbe00122a0f23,CP,adult,1.05,1
5641193817bdbe00122a0f23,CP,adult,1.0499999999999998,0
67744dd5d793cc3d79ba38fc,CP,adult,1.5,1
6978cb918ecab38eeeced238,CP,adult,1.05,0
677ca29eed2a6d65ce59f43b,CP,adult,1.05,0
677ca29eed2a6d65ce59f43b,CP,adult,1.25,0
67744dd5d793cc3d79ba38fc,CP,adult,1.025,0
677ca29eed2a6d65ce59f43b,CP,adult,1.25,1
6997be27e376b1f7355cb8bb,CP,adult,1.033334,1
677ca29eed2a6d65ce59f43b,CP,adult,1.3333333333333333,0
69bca9ff8b05e27781e23a7e,CP,adult,1.025,1
6997be27e376b1f7355cb8bb,CP,adult,1.25,1
69bca9ff8b05e27781e23a7e,CP,adult,1.033334,1
677ca29eed2a6d65ce59f43b,CP,adult,1.02,1
6997be27e376b1f7355cb8bb,CP,adult,1.5,1
6997be27e376b1f7355cb8bb,CP,adult,1.25,1
6997be27e376b1f7355cb8bb,CP,adult,1.0333333333333334,0
69bca9ff8b05e27781e23a7e,CP,adult,1.25,1
69bca9ff8b05e27781e23a7e,CP,adult,1.02,0
677ca29eed2a6d65ce59f43b,CP,adult,1.025,1
67744dd5d793cc3d79ba38fc,CP,adult,1.02,0
6978cb918ecab38eeeced238,CP,adult,1.0333333333333334,1
69be13f8637ffcddd278e21a,CP,adult,1.025,0
5641193817bdbe00122a0f23,CP,adult,1.5,1
67744dd5d793cc3d79ba38fc,CP,adult,1.025,1
677ca29eed2a6d65ce59f43b,CP,adult,1.0499999999999998,1
677ca29eed2a6d65ce59f43b,CP,adult,1.0333333333333334,1
67744dd5d793cc3d79ba38fc,CP,adult,1.25,1
6978cb918ecab38eeeced238,CP,adult,1.333332857142857,1
6978cb918ecab38eeeced238,CP,adult,1.5,1
5641193817bdbe00122a0f23,CP,adult,1.025,0
5641193817bdbe00122a0f23,CP,adult,1.333332857142857,1
69be13f8637ffcddd278e21a,CP,adult,1.333332857142857,1
69be13f8637ffcddd278e21a,CP,adult,1.033334,0
67505c42a18c872bab88ed42,CP,adult,1.25,1
67505c42a18c872bab88ed42,CP,adult,1.25,1
677ca29eed2a6d65ce59f43b,CP,adult,1.3333333333333333,1
677ca29eed2a6d65ce59f43b,CP,adult,1.033334,1
677ca29eed2a6d65ce59f43b,CP,adult,1.25,0
677ca29eed2a6d65ce59f43b,CP,adult,1.5,1
677ca29eed2a6d65ce59f43b,CP,adult,1.5,1
677ca29eed2a6d65ce59f43b,CP,adult,1.3333333333333333,0
67744dd5d793cc3d79ba38fc,CP,adult,1.05,0
677ca29eed2a6d65ce59f43b,CP,adult,1.025,0
67744dd5d793cc3d79ba38fc,CP,adult,1.5,1
5641193817bdbe00122a0f23,CP,adult,1.0499999999999998,1
69bca9ff8b05e27781e23a7e,CP,adult,1.5,0
5641193817bdbe00122a0f23,CP,adult,1.3333333333333333,1
69be13f8637ffcddd278e21a,CP,adult,1.033334,1
6978cb918ecab38eeeced238,CP,adult,1.05,1
6978cb918ecab38eeeced238,CP,adult,1.5,1
69bca9ff8b05e27781e23a7e,CP,adult,1.025,1
6978cb918ecab38eeeced238,CP,adult,1.25,1
67744dd5d793cc3d79ba38fc,CP,adult,1.025,1
69bca9ff8b05e27781e23a7e,CP,adult,1.5,0
69bca9ff8b05e27781e23a7e,CP,adult,1.033332857142857,1
677ca29eed2a6d65ce59f43b,CP,adult,1.0333333333333334,1
6997be27e376b1f7355cb8bb,CP,adult,1.25,1
69bca9ff8b05e27781e23a7e,CP,adult,1.033334,1
6978cb918ecab38eeeced238,CP,adult,1.033334,0
6978cb918ecab38eeeced238,CP,adult,1.3333333333333333,1
677ca29eed2a6d65ce59f43b,CP,adult,1.02,1
69bca9ff8b05e27781e23a7e,CP,adult,1.025,1
6997be27e376b1f7355cb8bb,CP,adult,1.02,1
67744dd5d793cc3d79ba38fc,CP,adult,1.5,1
69bca9ff8b05e27781e23a7e,CP,adult,1.02,0
6997be27e376b1f7355cb8bb,CP,adult,1.0333333333333334,1
69bca9ff8b05e27781e23a7e,CP,adult,1.033332857142857,1
69bca9ff8b05e27781e23a7e,CP,adult,1.5,1
6997be27e376b1f7355cb8bb,CP,adult,1.033332857142857,1
5641193817bdbe00122a0f23,CP,adult,1.05,1
6997be27e376b1f7355cb8bb,CP,adult,1.25,1
69be13f8637ffcddd278e21a,CP,adult,1.5,1
69be13f8637ffcddd278e21a,CP,adult,1.033332857142857,0
69be13f8637ffcddd278e21a,CP,adult,1.05,1
677ca29eed2a6d65ce59f43b,CP,adult,1.25,1
677ca29eed2a6d65ce59f43b,CP,adult,1.025,1
6978cb918ecab38eeeced238,CP,adult,1.033332857142857,0
6978cb918ecab38eeeced238,CP,adult,1.25,1
6978cb918ecab38eeeced238,CP,adult,1.025,0
67505c42a18c872bab88ed42,CP,adult,1.05,0
67505c42a18c872bab88ed42,CP,adult,1.3333333333333333,1
6978cb918ecab38eeeced238,CP,adult,1.025,1
6978cb918ecab38eeeced238,CP,adult,1.0333333333333334,1
6978cb918ecab38eeeced238,CP,adult,1.02,0
67744dd5d793cc3d79ba38fc,CP,adult,1.333332857142857,1
69be13f8637ffcddd278e21a,CP,adult,1.25,1
677ca29eed2a6d65ce59f43b,CP,adult,1.025,0
6978cb918ecab38eeeced238,CP,adult,1.5,1
69bca9ff8b05e27781e23a7e,CP,adult,1.05,1
67744dd5d793cc3d79ba38fc,CP,adult,1.25,1
5641193817bdbe00122a0f23,CP,adult,1.25,1
5641193817bdbe00122a0f23,CP,adult,1.02,0
67505c42a18c872bab88ed42,CP,adult,1.033334,1
677ca29eed2a6d65ce59f43b,CP,adult,1.0499999999999998,0
5641193817bdbe00122a0f23,CP,adult,1.025,1
5641193817bdbe00122a0f23,CP,adult,1.025,1
69bca9ff8b05e27781e23a7e,CP,adult,1.025,0
5641193817bdbe00122a0f23,CP,adult,1.033334,1
67744dd5d793cc3d79ba38fc,CP,adult,1.05,0
69bca9ff8b05e27781e23a7e,CP,adult,1.25,1
677ca29eed2a6d65ce59f43b,CP,adult,1.5,1
5641193817bdbe00122a0f23,CP,adult,1.5,1
677ca29eed2a6d65ce59f43b,CP,adult,1.333332857142857,0
69be13f8637ffcddd278e21a,CP,adult,1.025,1
677ca29eed2a6d65ce59f43b,CP,adult,1.025,0
677ca29eed2a6d65ce59f43b,CP,adult,1.333334,1
67744dd5d793cc3d79ba38fc,CP,adult,1.333334,1
6997be27e376b1f7355cb8bb,CP,adult,1.5,1
677ca29eed2a6d65ce59f43b,CP,adult,1.025,0
67744dd5d793cc3d79ba38fc,CP,adult,1.033334,1
6978cb918ecab38eeeced238,CP,adult,1.25,0
6978cb918ecab38eeeced238,CP,adult,1.3333333333333333,1
69bca9ff8b05e27781e23a7e,CP,adult,1.5,1
677ca29eed2a6d65ce59f43b,CP,adult,1.02,1
67744dd5d793cc3d79ba38fc,CP,adult,1.02,0
69bca9ff8b05e27781e23a7e,CP,adult,1.05,1
6997be27e376b1f7355cb8bb,CP,adult,1.033332857142857,1
677ca29eed2a6d65ce59f43b,CP,adult,1.02,0
67744dd5d793cc3d79ba38fc,CP,adult,1.0499999999999998,1
69bca9ff8b05e27781e23a7e,CP,adult,1.5,1
6997be27e376b1f7355cb8bb,CP,adult,1.333332857142857,1
67744dd5d793cc3d79ba38fc,CP,adult,1.5,1
6997be27e376b1f7355cb8bb,CP,adult,1.02,1
67744dd5d793cc3d79ba38fc,CP,adult,1.25,1
67744dd5d793cc3d79ba38fc,CP,adult,1.5,1
67505c42a18c872bab88ed42,CP,adult,1.333334,1
67505c42a18c872bab88ed42,CP,adult,1.25,1
67744dd5d793cc3d79ba38fc,CP,adult,1.02,0
6978cb918ecab38eeeced238,CP,adult,1.5,1
677ca29eed2a6d65ce59f43b,CP,adult,1.033332857142857,1
69be13f8637ffcddd278e21a,CP,adult,1.025,0
69be13f8637ffcddd278e21a,CP,adult,1.25,1
69be13f8637ffcddd278e21a,CP,adult,1.033334,1
69bca9ff8b05e27781e23a7e,CP,adult,1.02,0
69bca9ff8b05e27781e23a7e,CP,adult,1.025,1
69bca9ff8b05e27781e23a7e,CP,adult,1.5,1
67505c42a18c872bab88ed42,CP,adult,1.5,1
67744dd5d793cc3d79ba38fc,CP,adult,1.333332857142857,1
677ca29eed2a6d65ce59f43b,CP,adult,1.333334,1
677ca29eed2a6d65ce59f43b,CP,adult,1.033332857142857,0
677ca29eed2a6d65ce59f43b,CP,adult,1.033332857142857,1
5641193817bdbe00122a0f23,CP,adult,1.02,1
69bca9ff8b05e27781e23a7e,CP,adult,1.02,0
69be13f8637ffcddd278e21a,CP,adult,1.333334,1
6978cb918ecab38eeeced238,CP,adult,1.05,1
6978cb918ecab38eeeced238,CP,adult,1.02,0
67744dd5d793cc3d79ba38fc,CP,adult,1.033332857142857,1
5641193817bdbe00122a0f23,CP,adult,1.0333333333333334,1
69bca9ff8b05e27781e23a7e,CP,adult,1.02,1
6978cb918ecab38eeeced238,CP,adult,1.333334,1
6978cb918ecab38eeeced238,CP,adult,1.0333333333333334,0
6978cb918ecab38eeeced238,CP,adult,1.025,1
69bca9ff8b05e27781e23a7e,CP,adult,1.25,1
677ca29eed2a6d65ce59f43b,CP,adult,1.05,1
6978cb918ecab38eeeced238,CP,adult,1.02,0
67744dd5d793cc3d79ba38fc,CP,adult,1.3333333333333333,1
69bca9ff8b05e27781e23a7e,CP,adult,1.25,1
69bca9ff8b05e27781e23a7e,CP,adult,1.25,1
5641193817bdbe00122a0f23,CP,adult,1.033332857142857,1
67744dd5d793cc3d79ba38fc,CP,adult,1.0333333333333334,1
69be13f8637ffcddd278e21a,CP,adult,1.0333333333333334,1
6978cb918ecab38eeeced238,CP,adult,1.25,1
6997be27e376b1f7355cb8bb,CP,adult,1.5,1
677ca29eed2a6d65ce59f43b,CP,adult,1.05,1
6997be27e376b1f7355cb8bb,CP,adult,1.02,0
6978cb918ecab38eeeced238,CP,adult,1.5,1
677ca29eed2a6d65ce59f43b,CP,adult,1.025,1
69bca9ff8b05e27781e23a7e,CP,adult,1.25,0
6978cb918ecab38eeeced238,CP,adult,1.5,0
69bca9ff8b05e27781e23a7e,CP,adult,1.333334,1
6997be27e376b1f7355cb8bb,CP,adult,1.05,1
677ca29eed2a6d65ce59f43b,CP,adult,1.05,0
677ca29eed2a6d65ce59f43b,CP,adult,1.02,1
69bca9ff8b05e27781e23a7e,CP,adult,1.0499999999999998,0
69bca9ff8b05e27781e23a7e,CP,adult,1.02,1
67744dd5d793cc3d79ba38fc,CP,adult,1.05,0
69bca9ff8b05e27781e23a7e,CP,adult,1.025,1
67744dd5d793cc3d79ba38fc,CP,adult,1.033334,1
69bca9ff8b05e27781e23a7e,CP,adult,1.5,1
69bca9ff8b05e27781e23a7e,CP,adult,1.333334,1
6997be27e376b1f7355cb8bb,CP,adult,1.5,1
69bca9ff8b05e27781e23a7e,CP,adult,1.05,1
5641193817bdbe00122a0f23,CP,adult,1.0333333333333334,1
677ca29eed2a6d65ce59f43b,CP,adult,1.0333333333333334,1
67505c42a18c872bab88ed42,CP,adult,1.333334,1
6978cb918ecab38eeeced238,CP,adult,1.02,1
6978cb918ecab38eeeced238,CP,adult,1.05,0
67744dd5d793cc3d79ba38fc,CP,adult,1.25,1
67505c42a18c872bab88ed42,CP,adult,1.025,0
5641193817bdbe00122a0f23,CP,adult,1.02,1
69be13f8637ffcddd278e21a,CP,adult,1.25,1
69be13f8637ffcddd278e21a,CP,adult,1.5,1
69bca9ff8b05e27781e23a7e,CP,adult,1.0499999999999998,1
677ca29eed2a6d65ce59f43b,CP,adult,1.25,1
69bca9ff8b05e27781e23a7e,CP,adult,1.0499999999999998,1
6978cb918ecab38eeeced238,CP,adult,1.333334,1
6978cb918ecab38eeeced238,CP,adult,1.0499999999999998,1
6978cb918ecab38eeeced238,CP,adult,1.02,1
67505c42a18c872bab88ed42,CP,adult,1.333332857142857,1
6978cb918ecab38eeeced238,CP,adult,1.025,1
69bca9ff8b05e27781e23a7e,CP,adult,1.333332857142857,1
69bca9ff8b05e27781e23a7e,CP,adult,1.05,1
69bca9ff8b05e27781e23a7e,CP,adult,1.0499999999999998,0
69bca9ff8b05e27781e23a7e,CP,adult,1.25,1
67505c42a18c872bab88ed42,CP,adult,1.5,1
69bca9ff8b05e27781e23a7e,CP,adult,1.0333333333333334,0
69bca9ff8b05e27781e23a7e,CP,adult,1.333332857142857,1
677ca29eed2a6d65ce59f43b,CP,adult,1.25,0
677ca29eed2a6d65ce59f43b,CP,adult,1.033332857142857,0
5641193817bdbe00122a0f23,CP,adult,1.25,1
677ca29eed2a6d65ce59f43b,CP,adult,1.025,0
69bca9ff8b05e27781e23a7e,CP,adult,1.05,1
677ca29eed2a6d65ce59f43b,CP,adult,1.25,0
677ca29eed2a6d65ce59f43b,CP,adult,1.025,1
69be13f8637ffcddd278e21a,CP,adult,1.033334,1
69bca9ff8b05e27781e23a7e,CP,adult,1.25,1
69bca9ff8b05e27781e23a7e,CP,adult,1.3333333333333333,1
69bca9ff8b05e27781e23a7e,CP,adult,1.333334,1
6978cb918ecab38eeeced238,CP,adult,1.25,1
69bca9ff8b05e27781e23a7e,CP,adult,1.25,1
69bca9ff8b05e27781e23a7e,CP,adult,1.025,0
6997be27e376b1f7355cb8bb,CP,adult,1.25,1
6997be27e376b1f7355cb8bb,CP,adult,1.025,1
677ca29eed2a6d65ce59f43b,CP,adult,1.02,1
6978cb918ecab38eeeced238,CP,adult,1.3333333333333333,1
69bca9ff8b05e27781e23a7e,CP,adult,1.0333333333333334,1
6997be27e376b1f7355cb8bb,CP,adult,1.0499999999999998,1
69bca9ff8b05e27781e23a7e,CP,adult,1.25,1
6997be27e376b1f7355cb8bb,CP,adult,1.25,1
677ca29eed2a6d65ce59f43b,CP,adult,1.02,1
6997be27e376b1f7355cb8bb,CP,adult,1.05,0
67744dd5d793cc3d79ba38fc,CP,adult,1.025,0
69bca9ff8b05e27781e23a7e,CP,adult,1.333332857142857,1
6997be27e376b1f7355cb8bb,CP,adult,1.033334,1
67744dd5d793cc3d79ba38fc,CP,adult,1.02,1
69bca9ff8b05e27781e23a7e,CP,adult,1.02,1
5641193817bdbe00122a0f23,CP,adult,1.5,1
6997be27e376b1f7355cb8bb,CP,adult,1.0333333333333334,1
5641193817bdbe00122a0f23,CP,adult,1.333334,1
6997be27e376b1f7355cb8bb,CP,adult,1.033334,1
5641193817bdbe00122a0f23,CP,adult,1.033334,1
69bca9ff8b05e27781e23a7e,CP,adult,1.5,1
6997be27e376b1f7355cb8bb,CP,adult,1.333334,1
5641193817bdbe00122a0f23,CP,adult,1.025,1
69b84ff5029fc6b133575311,CP,adult,1.0499999999999998,0
6997be27e376b1f7355cb8bb,CP,adult,1.333332857142857,1
6997be27e376b1f7355cb8bb,CP,adult,1.5,1
69b84ff5029fc6b133575311,CP,adult,1.5,1
6997be27e376b1f7355cb8bb,CP,adult,1.5,1
69b84ff5029fc6b133575311,CP,adult,1.25,1
5641193817bdbe00122a0f23,CP,adult,1.5,1
69b84ff5029fc6b133575311,CP,adult,1.05,1
5641193817bdbe00122a0f23,CP,adult,1.25,1
69b84ff5029fc6b133575311,CP,adult,1.033332857142857,0
69b84ff5029fc6b133575311,CP,adult,1.02,0
6997be27e376b1f7355cb8bb,CP,adult,1.025,0
69b84ff5029fc6b133575311,CP,adult,1.333332857142857,1
69b84ff5029fc6b133575311,CP,adult,1.02,1
6997be27e376b1f7355cb8bb,CP,adult,1.25,1
69b84ff5029fc6b133575311,CP,adult,1.333332857142857,1
69b84ff5029fc6b133575311,CP,adult,1.333332857142857,1
69b84ff5029fc6b133575311,CP,adult,1.033332857142857,1
69b84ff5029fc6b133575311,CP,adult,1.5,1
69b84ff5029fc6b133575311,CP,adult,1.333332857142857,1
69b84ff5029fc6b133575311,CP,adult,1.025,0
69cd8fe60e58a51d157f9f9c,CP,adult,1.025,1
69b84ff5029fc6b133575311,CP,adult,1.5,1
69b84ff5029fc6b133575311,CP,adult,1.0333333333333334,1
69cd8fe60e58a51d157f9f9c,CP,adult,1.05,1
69cd8fe60e58a51d157f9f9c,CP,adult,1.3333333333333333,1
69cd8fe60e58a51d157f9f9c,CP,adult,1.25,1
69e0d979c41f97f199ae7a2e,CP,adult,1.0333333333333334,1
69e0d979c41f97f199ae7a2e,CP,adult,1.5,1
69e0d979c41f97f199ae7a2e,CP,adult,1.025,1
69e0d979c41f97f199ae7a2e,CP,adult,1.0333333333333334,0
69b818597eba539f25e13f38,CP,adult,1.25,1
69e0d979c41f97f199ae7a2e,CP,adult,1.333334,1
69e0d979c41f97f199ae7a2e,CP,adult,1.025,0
5b23e494ac467800010cfdac,CP,adult,1.02,1
69cd8fe60e58a51d157f9f9c,CP,adult,1.25,1
69cd8fe60e58a51d157f9f9c,CP,adult,1.033334,0
5b23e494ac467800010cfdac,CP,adult,1.02,1
69cd8fe60e58a51d157f9f9c,CP,adult,1.5,1
69cd8fe60e58a51d157f9f9c,CP,adult,1.02,0
69b818597eba539f25e13f38,CP,adult,1.05,1
69b818597eba539f25e13f38,CP,adult,1.033332857142857,0
69cd8fe60e58a51d157f9f9c,CP,adult,1.25,1
5b23e494ac467800010cfdac,CP,adult,1.025,0
5b23e494ac467800010cfdac,CP,adult,1.0333333333333334,0
69e0d979c41f97f199ae7a2e,CP,adult,1.025,1
69bca9ff8b05e27781e23a7e,CP,adult,1.025,1
67744dd5d793cc3d79ba38fc,CP,adult,1.033332857142857,0
5641193817bdbe00122a0f23,CP,adult,1.033332857142857,0
67744dd5d793cc3d79ba38fc,CP,adult,1.02,1
5641193817bdbe00122a0f23,CP,adult,1.05,1
69b84ff5029fc6b133575311,CP,adult,1.02,0
67744dd5d793cc3d79ba38fc,CP,adult,1.02,0
6997be27e376b1f7355cb8bb,CP,adult,1.025,0
67744dd5d793cc3d79ba38fc,CP,adult,1.02,0
67744dd5d793cc3d79ba38fc,CP,adult,1.5,1
67744dd5d793cc3d79ba38fc,CP,adult,1.033332857142857,1
5641193817bdbe00122a0f23,CP,adult,1.0333333333333334,0
6997be27e376b1f7355cb8bb,CP,adult,1.05,1
6997be27e376b1f7355cb8bb,CP,adult,1.0333333333333334,0
6997be27e376b1f7355cb8bb,CP,adult,1.05,1
69b84ff5029fc6b133575311,CP,adult,1.333332857142857,1
5641193817bdbe00122a0f23,CP,adult,1.5,1
5641193817bdbe00122a0f23,CP,adult,1.25,1
5641193817bdbe00122a0f23,CP,adult,1.5,1
6997be27e376b1f7355cb8bb,CP,adult,1.333334,1
6997be27e376b1f7355cb8bb,CP,adult,1.05,1
69b84ff5029fc6b133575311,CP,adult,1.0333333333333334,0
69b84ff5029fc6b133575311,CP,adult,1.05,1
69b84ff5029fc6b133575311,CP,adult,1.5,1
69b84ff5029fc6b133575311,CP,adult,1.25,1
69b84ff5029fc6b133575311,CP,adult,1.0499999999999998,0
69b84ff5029fc6b133575311,CP,adult,1.0499999999999998,1
69b84ff5029fc6b133575311,CP,adult,1.25,1
69cd8fe60e58a51d157f9f9c,CP,adult,1.5,1
69b84ff5029fc6b133575311,CP,adult,1.02,0
69b84ff5029fc6b133575311,CP,adult,1.025,1
69cd8fe60e58a51d157f9f9c,CP,adult,1.025,0
69cd8fe60e58a51d157f9f9c,CP,adult,1.5,1
69e0d979c41f97f199ae7a2e,CP,adult,1.05,0
69e0d979c41f97f199ae7a2e,CP,adult,1.02,1
69cd8fe60e58a51d157f9f9c,CP,adult,1.05,0
69e0d979c41f97f199ae7a2e,CP,adult,1.5,1
69cd8fe60e58a51d157f9f9c,CP,adult,1.5,1
69cd8fe60e58a51d157f9f9c,CP,adult,1.05,1
69b818597eba539f25e13f38,CP,adult,1.333334,1
69b818597eba539f25e13f38,CP,adult,1.02,0
69b818597eba539f25e13f38,CP,adult,1.333334,1
69e0d979c41f97f199ae7a2e,CP,adult,1.3333333333333333,1
69e0d979c41f97f199ae7a2e,CP,adult,1.02,0
5b23e494ac467800010cfdac,CP,adult,1.02,1
69e0d979c41f97f199ae7a2e,CP,adult,1.025,0
69cd8fe60e58a51d157f9f9c,CP,adult,1.05,1
69e0d979c41f97f199ae7a2e,CP,adult,1.05,1
69e0d979c41f97f199ae7a2e,CP,adult,1.25,1
69e0d979c41f97f199ae7a2e,CP,adult,1.033334,1
69cd8fe60e58a51d157f9f9c,CP,adult,1.02,0
69cd8fe60e58a51d157f9f9c,CP,adult,1.02,1
67744dd5d793cc3d79ba38fc,CP,adult,1.3333333333333333,1
69bca9ff8b05e27781e23a7e,CP,adult,1.333332857142857,1
67744dd5d793cc3d79ba38fc,CP,adult,1.25,1
69b84ff5029fc6b133575311,CP,adult,1.02,1
6997be27e376b1f7355cb8bb,CP,adult,1.02,0
5641193817bdbe00122a0f23,CP,adult,1.333332857142857,1
69b84ff5029fc6b133575311,CP,adult,1.025,1
67744dd5d793cc3d79ba38fc,CP,adult,1.033334,0
5641193817bdbe00122a0f23,CP,adult,1.0499999999999998,1
69b84ff5029fc6b133575311,CP,adult,1.025,0
5641193817bdbe00122a0f23,CP,adult,1.333332857142857,1
69b84ff5029fc6b133575311,CP,adult,1.02,1
5641193817bdbe00122a0f23,CP,adult,1.333332857142857,1
5641193817bdbe00122a0f23,CP,adult,1.333332857142857,1
5641193817bdbe00122a0f23,CP,adult,1.25,1
6997be27e376b1f7355cb8bb,CP,adult,1.025,1
6997be27e376b1f7355cb8bb,CP,adult,1.02,0
6997be27e376b1f7355cb8bb,CP,adult,1.333332857142857,1
69b84ff5029fc6b133575311,CP,adult,1.333332857142857,1
5641193817bdbe00122a0f23,CP,adult,1.025,1
69b84ff5029fc6b133575311,CP,adult,1.25,1
6997be27e376b1f7355cb8bb,CP,adult,1.05,1
69b84ff5029fc6b133575311,CP,adult,1.033334,1
69b84ff5029fc6b133575311,CP,adult,1.05,1
69b84ff5029fc6b133575311,CP,adult,1.25,1
69b84ff5029fc6b133575311,CP,adult,1.033332857142857,1
69b84ff5029fc6b133575311,CP,adult,1.5,1
69cd8fe60e58a51d157f9f9c,CP,adult,1.25,1
69b84ff5029fc6b133575311,CP,adult,1.5,1
69b84ff5029fc6b133575311,CP,adult,1.033332857142857,0
69cd8fe60e58a51d157f9f9c,CP,adult,1.025,0
69b84ff5029fc6b133575311,CP,adult,1.25,1
69b84ff5029fc6b133575311,CP,adult,1.5,1
69cd8fe60e58a51d157f9f9c,CP,adult,1.025,1
69cd8fe60e58a51d157f9f9c,CP,adult,1.5,1
69cd8fe60e58a51d157f9f9c,CP,adult,1.0333333333333334,1
69cd8fe60e58a51d157f9f9c,CP,adult,1.033332857142857,0
69b818597eba539f25e13f38,CP,adult,1.0499999999999998,1
69b818597eba539f25e13f38,CP,adult,1.02,1
69b818597eba539f25e13f38,CP,adult,1.02,1
69b818597eba539f25e13f38,CP,adult,1.025,1
69cd8fe60e58a51d157f9f9c,CP,adult,1.025,1
69b818597eba539f25e13f38,CP,adult,1.25,1
5b23e494ac467800010cfdac,CP,adult,1.02,1
69cd8fe60e58a51d157f9f9c,CP,adult,1.025,0
5b23e494ac467800010cfdac,CP,adult,1.02,1
69cd8fe60e58a51d157f9f9c,CP,adult,1.02,1
69e0d979c41f97f199ae7a2e,CP,adult,1.02,1
69b818597eba539f25e13f38,CP,adult,1.02,0
5b23e494ac467800010cfdac,CP,adult,1.025,1
69cd8fe60e58a51d157f9f9c,CP,adult,1.02,0
5b23e494ac467800010cfdac,CP,adult,1.025,0
69cd8fe60e58a51d157f9f9c,CP,adult,1.02,1
69e0d979c41f97f199ae7a2e,CP,adult,1.02,1
5b23e494ac467800010cfdac,CP,adult,1.033332857142857,1
5641193817bdbe00122a0f23,CP,adult,1.02,0
6997be27e376b1f7355cb8bb,CP,adult,1.02,0
69bca9ff8b05e27781e23a7e,CP,adult,1.5,1
6997be27e376b1f7355cb8bb,CP,adult,1.05,1
69b84ff5029fc6b133575311,CP,adult,1.033334,0
6997be27e376b1f7355cb8bb,CP,adult,1.25,1
5641193817bdbe00122a0f23,CP,adult,1.025,1
5641193817bdbe00122a0f23,CP,adult,1.02,1
69b84ff5029fc6b133575311,CP,adult,1.025,0
5641193817bdbe00122a0f23,CP,adult,1.02,1
6997be27e376b1f7355cb8bb,CP,adult,1.033332857142857,1
6997be27e376b1f7355cb8bb,CP,adult,1.3333333333333333,0
67744dd5d793cc3d79ba38fc,CP,adult,1.25,1
69b84ff5029fc6b133575311,CP,adult,1.333334,1
69b84ff5029fc6b133575311,CP,adult,1.5,1
5641193817bdbe00122a0f23,CP,adult,1.25,1
5641193817bdbe00122a0f23,CP,adult,1.25,1
5641193817bdbe00122a0f23,CP,adult,1.5,1
67744dd5d793cc3d79ba38fc,CP,adult,1.5,1
67744dd5d793cc3d79ba38fc,CP,adult,1.025,0
6997be27e376b1f7355cb8bb,CP,adult,1.25,1
69b84ff5029fc6b133575311,CP,adult,1.025,0
69b84ff5029fc6b133575311,CP,adult,1.0499999999999998,0
69b84ff5029fc6b133575311,CP,adult,1.333334,1
69b84ff5029fc6b133575311,CP,adult,1.025,0
69cd8fe60e58a51d157f9f9c,CP,adult,1.025,0
69b84ff5029fc6b133575311,CP,adult,1.025,0
69e0d979c41f97f199ae7a2e,CP,adult,1.05,1
69e0d979c41f97f199ae7a2e,CP,adult,1.033334,1
69cd8fe60e58a51d157f9f9c,CP,adult,1.02,1
69cd8fe60e58a51d157f9f9c,CP,adult,1.02,1
69e0d979c41f97f199ae7a2e,CP,adult,1.025,0
69e0d979c41f97f199ae7a2e,CP,adult,1.02,0
69e0d979c41f97f199ae7a2e,CP,adult,1.033332857142857,0
69cd8fe60e58a51d157f9f9c,CP,adult,1.033334,0
69e0d979c41f97f199ae7a2e,CP,adult,1.25,1
5b23e494ac467800010cfdac,CP,adult,1.02,0
69e0d979c41f97f199ae7a2e,CP,adult,1.333332857142857,1
5b23e494ac467800010cfdac,CP,adult,1.02,1
69cd8fe60e58a51d157f9f9c,CP,adult,1.0333333333333334,0
5b23e494ac467800010cfdac,CP,adult,1.025,1
69e0d979c41f97f199ae7a2e,CP,adult,1.05,0
5b23e494ac467800010cfdac,CP,adult,1.025,1
69b818597eba539f25e13f38,CP,adult,1.25,1
5b23e494ac467800010cfdac,CP,adult,1.025,1
69b818597eba539f25e13f38,CP,adult,1.3333333333333333,1
69b818597eba539f25e13f38,CP,adult,1.05,0
6997be27e376b1f7355cb8bb,CP,adult,1.025,0
5641193817bdbe00122a0f23,CP,adult,1.05,0
69b84ff5029fc6b133575311,CP,adult,1.05,1
69bca9ff8b05e27781e23a7e,CP,adult,1.033334,0
5641193817bdbe00122a0f23,CP,adult,1.02,1
69b84ff5029fc6b133575311,CP,adult,1.02,1
6997be27e376b1f7355cb8bb,CP,adult,1.25,1
6997be27e376b1f7355cb8bb,CP,adult,1.0499999999999998,1
6997be27e376b1f7355cb8bb,CP,adult,1.025,1
6997be27e376b1f7355cb8bb,CP,adult,1.5,1
69b84ff5029fc6b133575311,CP,adult,1.3333333333333333,1
5641193817bdbe00122a0f23,CP,adult,1.25,1
69b84ff5029fc6b133575311,CP,adult,1.5,1
67744dd5d793cc3d79ba38fc,CP,adult,1.25,1
67744dd5d793cc3d79ba38fc,CP,adult,1.05,0
67744dd5d793cc3d79ba38fc,CP,adult,1.3333333333333333,1
6997be27e376b1f7355cb8bb,CP,adult,1.02,0
69b84ff5029fc6b133575311,CP,adult,1.02,0
6997be27e376b1f7355cb8bb,CP,adult,1.3333333333333333,1
6997be27e376b1f7355cb8bb,CP,adult,1.025,0
6997be27e376b1f7355cb8bb,CP,adult,1.333332857142857,1
6997be27e376b1f7355cb8bb,CP,adult,1.5,1
69b84ff5029fc6b133575311,CP,adult,1.025,0
69b84ff5029fc6b133575311,CP,adult,1.05,0
69b84ff5029fc6b133575311,CP,adult,1.0333333333333334,1
69b84ff5029fc6b133575311,CP,adult,1.25,1
69b84ff5029fc6b133575311,CP,adult,1.02,1
69cd8fe60e58a51d157f9f9c,CP,adult,1.333334,1
69b84ff5029fc6b133575311,CP,adult,1.25,1
69cd8fe60e58a51d157f9f9c,CP,adult,1.05,1
69cd8fe60e58a51d157f9f9c,CP,adult,1.333334,1
69cd8fe60e58a51d157f9f9c,CP,adult,1.5,1
69cd8fe60e58a51d157f9f9c,CP,adult,1.25,1
69cd8fe60e58a51d157f9f9c,CP,adult,1.02,0
69e0d979c41f97f199ae7a2e,CP,adult,1.0499999999999998,1
69e0d979c41f97f199ae7a2e,CP,adult,1.033332857142857,1
69e0d979c41f97f199ae7a2e,CP,adult,1.0499999999999998,1
69e0d979c41f97f199ae7a2e,CP,adult,1.02,1
69cd8fe60e58a51d157f9f9c,CP,adult,1.02,0
69cd8fe60e58a51d157f9f9c,CP,adult,1.0499999999999998,0
69e0d979c41f97f199ae7a2e,CP,adult,1.05,0
69cd8fe60e58a51d157f9f9c,CP,adult,1.0333333333333334,1
69e0d979c41f97f199ae7a2e,CP,adult,1.333332857142857,1
69b818597eba539f25e13f38,CP,adult,1.033332857142857,1
69b818597eba539f25e13f38,CP,adult,1.033332857142857,1
69e0d979c41f97f199ae7a2e,CP,adult,1.025,1
69e0d979c41f97f199ae7a2e,CP,adult,1.05,1
69cd8fe60e58a51d157f9f9c,CP,adult,1.333332857142857,1
69cd8fe60e58a51d157f9f9c,CP,adult,1.05,1
69e0d979c41f97f199ae7a2e,CP,adult,1.5,1
69e0d979c41f97f199ae7a2e,CP,adult,1.02,1
69b818597eba539f25e13f38,CP,adult,1.333334,1
69cd8fe60e58a51d157f9f9c,CP,adult,1.0499999999999998,1
69e0d979c41f97f199ae7a2e,CP,adult,1.3333333333333333,1
69bca9ff8b05e27781e23a7e,CP,adult,1.333334,1
69bca9ff8b05e27781e23a7e,CP,adult,1.05,0
6997be27e376b1f7355cb8bb,CP,adult,1.333332857142857,1
5641193817bdbe00122a0f23,CP,adult,1.025,0
67744dd5d793cc3d79ba38fc,CP,adult,1.02,1
6997be27e376b1f7355cb8bb,CP,adult,1.5,1
5641193817bdbe00122a0f23,CP,adult,1.25,1
69b84ff5029fc6b133575311,CP,adult,1.025,1
5641193817bdbe00122a0f23,CP,adult,1.0333333333333334,1
5641193817bdbe00122a0f23,CP,adult,1.5,1
67744dd5d793cc3d79ba38fc,CP,adult,1.3333333333333333,1
67744dd5d793cc3d79ba38fc,CP,adult,1.05,1
6997be27e376b1f7355cb8bb,CP,adult,1.3333333333333333,1
5641193817bdbe00122a0f23,CP,adult,1.5,1
6997be27e376b1f7355cb8bb,CP,adult,1.025,0
6997be27e376b1f7355cb8bb,CP,adult,1.05,0
67744dd5d793cc3d79ba38fc,CP,adult,1.25,1
67744dd5d793cc3d79ba38fc,CP,adult,1.333332857142857,1
5641193817bdbe00122a0f23,CP,adult,1.5,1
5641193817bdbe00122a0f23,CP,adult,1.25,1
69b84ff5029fc6b133575311,CP,adult,1.25,1
69b84ff5029fc6b133575311,CP,adult,1.3333333333333333,1
69b84ff5029fc6b133575311,CP,adult,1.05,0
69b84ff5029fc6b133575311,CP,adult,1.25,1
69b84ff5029fc6b133575311,CP,adult,1.02,1
69cd8fe60e58a51d157f9f9c,CP,adult,1.25,1
69b84ff5029fc6b133575311,CP,adult,1.033334,1
69cd8fe60e58a51d157f9f9c,CP,adult,1.0333333333333334,1
69b84ff5029fc6b133575311,CP,adult,1.5,0
69cd8fe60e58a51d157f9f9c,CP,adult,1.5,1
69e0d979c41f97f199ae7a2e,CP,adult,1.5,1
69cd8fe60e58a51d157f9f9c,CP,adult,1.5,1
69cd8fe60e58a51d157f9f9c,CP,adult,1.5,1
69cd8fe60e58a51d157f9f9c,CP,adult,1.0333333333333334,1
69cd8fe60e58a51d157f9f9c,CP,adult,1.025,1
69e0d979c41f97f199ae7a2e,CP,adult,1.025,0
69e0d979c41f97f199ae7a2e,CP,adult,1.25,1
69cd8fe60e58a51d157f9f9c,CP,adult,1.05,1
69cd8fe60e58a51d157f9f9c,CP,adult,1.025,0
69e0d979c41f97f199ae7a2e,CP,adult,1.5,1
5b23e494ac467800010cfdac,CP,adult,1.02,0
69e0d979c41f97f199ae7a2e,CP,adult,1.02,1
69cd8fe60e58a51d157f9f9c,CP,adult,1.0333333333333334,1
69b818597eba539f25e13f38,CP,adult,1.025,1
5b23e494ac467800010cfdac,CP,adult,1.02,1
69e0d979c41f97f199ae7a2e,CP,adult,1.05,1
5b23e494ac467800010cfdac,CP,adult,1.02,0
69b818597eba539f25e13f38,CP,adult,1.333332857142857,1
69cd8fe60e58a51d157f9f9c,CP,adult,1.25,1
69e0d979c41f97f199ae7a2e,CP,adult,1.0333333333333334,1
5b23e494ac467800010cfdac,CP,adult,1.0333333333333334,1
69cd8fe60e58a51d157f9f9c,CP,adult,1.025,1
5b23e494ac467800010cfdac,CP,adult,1.0333333333333334,1
69e0d979c41f97f199ae7a2e,CP,adult,1.02,1
69cd8fe60e58a51d157f9f9c,CP,adult,1.5,1
5b23e494ac467800010cfdac,CP,adult,1.0333333333333334,1
5b23e494ac467800010cfdac,CP,adult,1.0333333333333334,1
5b23e494ac467800010cfdac,CP,adult,1.05,0
614873a43b76bea1f97ee78f,CP,adult,1.5,1
5b23e494ac467800010cfdac,CP,adult,1.025,0
614873a43b76bea1f97ee78f,CP,adult,1.333334,1
69cd8fe60e58a51d157f9f9c,CP,adult,1.333332857142857,1
5b23e494ac467800010cfdac,CP,adult,1.025,0
69e0d979c41f97f199ae7a2e,CP,adult,1.5,1
5b23e494ac467800010cfdac,CP,adult,1.05,1
69e0d979c41f97f199ae7a2e,CP,adult,1.25,1
69e0d979c41f97f199ae7a2e,CP,adult,1.5,1
614873a43b76bea1f97ee78f,CP,adult,1.25,1
69e0d979c41f97f199ae7a2e,CP,adult,1.333332857142857,1
614873a43b76bea1f97ee78f,CP,adult,1.05,0
5b23e494ac467800010cfdac,CP,adult,1.25,1
614873a43b76bea1f97ee78f,CP,adult,1.033332857142857,0
614873a43b76bea1f97ee78f,CP,adult,1.033334,0
5b23e494ac467800010cfdac,CP,adult,1.25,1
69b818597eba539f25e13f38,CP,adult,1.25,1
69b818597eba539f25e13f38,CP,adult,1.5,1
5b23e494ac467800010cfdac,CP,adult,1.333334,1
56c79f6cc41c43000c0886b0,CP,adult,1.0499999999999998,0
5b23e494ac467800010cfdac,CP,adult,1.333332857142857,1
614873a43b76bea1f97ee78f,CP,adult,1.333334,1
614873a43b76bea1f97ee78f,CP,adult,1.02,0
5b23e494ac467800010cfdac,CP,adult,1.5,1
5b23e494ac467800010cfdac,CP,adult,1.5,1
614873a43b76bea1f97ee78f,CP,adult,1.02,1
614873a43b76bea1f97ee78f,CP,adult,1.033334,1
56c79f6cc41c43000c0886b0,CP,adult,1.3333333333333333,1
69b818597eba539f25e13f38,CP,adult,1.25,1
614873a43b76bea1f97ee78f,CP,adult,1.05,1
69b818597eba539f25e13f38,CP,adult,1.02,0
56c79f6cc41c43000c0886b0,CP,adult,1.5,0
614873a43b76bea1f97ee78f,CP,adult,1.025,0
56c79f6cc41c43000c0886b0,CP,adult,1.0499999999999998,1
614873a43b76bea1f97ee78f,CP,adult,1.5,1
69b818597eba539f25e13f38,CP,adult,1.02,1
56c79f6cc41c43000c0886b0,CP,adult,1.0333333333333334,0
56c79f6cc41c43000c0886b0,CP,adult,1.025,1
56c79f6cc41c43000c0886b0,CP,adult,1.333332857142857,1
56c79f6cc41c43000c0886b0,CP,adult,1.5,1
56c79f6cc41c43000c0886b0,CP,adult,1.5,1
56c79f6cc41c43000c0886b0,CP,adult,1.25,1
5b9c2c816f92f30001ecce7a,CP,adult,1.02,1
67e830bb6eaebc236b9cd37e,CP,adult,1.5,1
5b9c2c816f92f30001ecce7a,CP,adult,1.5,1
67e830bb6eaebc236b9cd37e,CP,adult,1.5,1
67e830bb6eaebc236b9cd37e,CP,adult,1.05,0
69b818597eba539f25e13f38,CP,adult,1.02,0
69b818597eba539f25e13f38,CP,adult,1.5,1
69b818597eba539f25e13f38,CP,adult,1.25,1
614873a43b76bea1f97ee78f,CP,adult,1.02,1
614873a43b76bea1f97ee78f,CP,adult,1.05,1
69b818597eba539f25e13f38,CP,adult,1.333332857142857,1
69b818597eba539f25e13f38,CP,adult,1.05,1
69b818597eba539f25e13f38,CP,adult,1.0333333333333334,1
69cd8fe60e58a51d157f9f9c,CP,adult,1.3333333333333333,1
69e0d979c41f97f199ae7a2e,CP,adult,1.033332857142857,1
69b818597eba539f25e13f38,CP,adult,1.5,1
614873a43b76bea1f97ee78f,CP,adult,1.025,0
614873a43b76bea1f97ee78f,CP,adult,1.3333333333333333,0
614873a43b76bea1f97ee78f,CP,adult,1.025,0
5b23e494ac467800010cfdac,CP,adult,1.05,1
69b818597eba539f25e13f38,CP,adult,1.0499999999999998,1
5b23e494ac467800010cfdac,CP,adult,1.25,1
5b23e494ac467800010cfdac,CP,adult,1.25,1
5b23e494ac467800010cfdac,CP,adult,1.25,1
69b818597eba539f25e13f38,CP,adult,1.5,1
614873a43b76bea1f97ee78f,CP,adult,1.02,1
614873a43b76bea1f97ee78f,CP,adult,1.3333333333333333,0
614873a43b76bea1f97ee78f,CP,adult,1.025,1
614873a43b76bea1f97ee78f,CP,adult,1.05,0
56c79f6cc41c43000c0886b0,CP,adult,1.025,1
5b23e494ac467800010cfdac,CP,adult,1.333332857142857,0
56c79f6cc41c43000c0886b0,CP,adult,1.05,0
614873a43b76bea1f97ee78f,CP,adult,1.5,1
56c79f6cc41c43000c0886b0,CP,adult,1.5,1
5b23e494ac467800010cfdac,CP,adult,1.5,1
5b23e494ac467800010cfdac,CP,adult,1.5,0
614873a43b76bea1f97ee78f,CP,adult,1.033332857142857,0
614873a43b76bea1f97ee78f,CP,adult,1.5,1
69b818597eba539f25e13f38,CP,adult,1.02,1
56c79f6cc41c43000c0886b0,CP,adult,1.5,1
614873a43b76bea1f97ee78f,CP,adult,1.02,0
56c79f6cc41c43000c0886b0,CP,adult,1.5,1
614873a43b76bea1f97ee78f,CP,adult,1.02,1
56c79f6cc41c43000c0886b0,CP,adult,1.033334,1
56c79f6cc41c43000c0886b0,CP,adult,1.0333333333333334,1
56c79f6cc41c43000c0886b0,CP,adult,1.025,1
56c79f6cc41c43000c0886b0,CP,adult,1.05,1
56c79f6cc41c43000c0886b0,CP,adult,1.333334,0
56c79f6cc41c43000c0886b0,CP,adult,1.5,1
56c79f6cc41c43000c0886b0,CP,adult,1.333332857142857,1
56c79f6cc41c43000c0886b0,CP,adult,1.05,1
56c79f6cc41c43000c0886b0,CP,adult,1.5,0
56c79f6cc41c43000c0886b0,CP,adult,1.025,0
5b9c2c816f92f30001ecce7a,CP,adult,1.025,0
5b9c2c816f92f30001ecce7a,CP,adult,1.5,1
67e830bb6eaebc236b9cd37e,CP,adult,1.5,1
5b9c2c816f92f30001ecce7a,CP,adult,1.5,1
69e0d979c41f97f199ae7a2e,CP,adult,1.033332857142857,1
69cd8fe60e58a51d157f9f9c,CP,adult,1.033334,1
5b23e494ac467800010cfdac,CP,adult,1.033334,0
69e0d979c41f97f199ae7a2e,CP,adult,1.5,1
69b818597eba539f25e13f38,CP,adult,1.25,1
614873a43b76bea1f97ee78f,CP,adult,1.02,0
69e0d979c41f97f199ae7a2e,CP,adult,1.5,1
69cd8fe60e58a51d157f9f9c,CP,adult,1.25,1
69b818597eba539f25e13f38,CP,adult,1.05,1
69b818597eba539f25e13f38,CP,adult,1.5,1
69e0d979c41f97f199ae7a2e,CP,adult,1.25,1
5b23e494ac467800010cfdac,CP,adult,1.0499999999999998,1
69e0d979c41f97f199ae7a2e,CP,adult,1.25,1
69e0d979c41f97f199ae7a2e,CP,adult,1.25,1
69b818597eba539f25e13f38,CP,adult,1.3333333333333333,1
69e0d979c41f97f199ae7a2e,CP,adult,1.333332857142857,1
614873a43b76bea1f97ee78f,CP,adult,1.02,1
69b818597eba539f25e13f38,CP,adult,1.25,1
614873a43b76bea1f97ee78f,CP,adult,1.025,1
614873a43b76bea1f97ee78f,CP,adult,1.05,0
5b23e494ac467800010cfdac,CP,adult,1.25,1
614873a43b76bea1f97ee78f,CP,adult,1.033334,0
5b23e494ac467800010cfdac,CP,adult,1.25,1
56c79f6cc41c43000c0886b0,CP,adult,1.333332857142857,1
56c79f6cc41c43000c0886b0,CP,adult,1.02,1
5b23e494ac467800010cfdac,CP,adult,1.25,1
614873a43b76bea1f97ee78f,CP,adult,1.333332857142857,1
614873a43b76bea1f97ee78f,CP,adult,1.033332857142857,1
5b23e494ac467800010cfdac,CP,adult,1.3333333333333333,1
5b23e494ac467800010cfdac,CP,adult,1.5,1
614873a43b76bea1f97ee78f,CP,adult,1.25,1
614873a43b76bea1f97ee78f,CP,adult,1.025,1
56c79f6cc41c43000c0886b0,CP,adult,1.025,0
69b818597eba539f25e13f38,CP,adult,1.25,1
56c79f6cc41c43000c0886b0,CP,adult,1.025,0
56c79f6cc41c43000c0886b0,CP,adult,1.02,0
614873a43b76bea1f97ee78f,CP,adult,1.0499999999999998,1
69b818597eba539f25e13f38,CP,adult,1.05,1
614873a43b76bea1f97ee78f,CP,adult,1.5,1
69b818597eba539f25e13f38,CP,adult,1.025,1
56c79f6cc41c43000c0886b0,CP,adult,1.02,0
69b818597eba539f25e13f38,CP,adult,1.033334,0
56c79f6cc41c43000c0886b0,CP,adult,1.02,0
56c79f6cc41c43000c0886b0,CP,adult,1.25,0
56c79f6cc41c43000c0886b0,CP,adult,1.02,0
697fbcfaae6bc29a56c28d58,CP,adult,1.033332857142857,1
697fbcfaae6bc29a56c28d58,CP,adult,1.333334,0
697fbcfaae6bc29a56c28d58,CP,adult,1.0333333333333334,0
697fbcfaae6bc29a56c28d58,CP,adult,1.05,1
697fbcfaae6bc29a56c28d58,CP,adult,1.025,1
697fbcfaae6bc29a56c28d58,CP,adult,1.25,1
697fbcfaae6bc29a56c28d58,CP,adult,1.25,1
697fbcfaae6bc29a56c28d58,CP,adult,1.05,1
697fbcfaae6bc29a56c28d58,CP,adult,1.333332857142857,1
697fbcfaae6bc29a56c28d58,CP,adult,1.02,0
697fbcfaae6bc29a56c28d58,CP,adult,1.0499999999999998,1
697fbcfaae6bc29a56c28d58,CP,adult,1.033332857142857,0
697fbcfaae6bc29a56c28d58,CP,adult,1.033332857142857,0
69cd8fe60e58a51d157f9f9c,CP,adult,1.333332857142857,1
5b23e494ac467800010cfdac,CP,adult,1.033332857142857,1
69e0d979c41f97f199ae7a2e,CP,adult,1.025,0
69b818597eba539f25e13f38,CP,adult,1.333334,1
69e0d979c41f97f199ae7a2e,CP,adult,1.025,0
69e0d979c41f97f199ae7a2e,CP,adult,1.333334,1
69cd8fe60e58a51d157f9f9c,CP,adult,1.25,1
614873a43b76bea1f97ee78f,CP,adult,1.05,1
69e0d979c41f97f199ae7a2e,CP,adult,1.025,0
5b23e494ac467800010cfdac,CP,adult,1.025,0
614873a43b76bea1f97ee78f,CP,adult,1.333332857142857,1
614873a43b76bea1f97ee78f,CP,adult,1.5,1
69b818597eba539f25e13f38,CP,adult,1.033332857142857,0
5b23e494ac467800010cfdac,CP,adult,1.05,0
614873a43b76bea1f97ee78f,CP,adult,1.3333333333333333,1
69b818597eba539f25e13f38,CP,adult,1.025,1
69b818597eba539f25e13f38,CP,adult,1.05,1
614873a43b76bea1f97ee78f,CP,adult,1.25,1
5b23e494ac467800010cfdac,CP,adult,1.333332857142857,1
614873a43b76bea1f97ee78f,CP,adult,1.25,1
5b23e494ac467800010cfdac,CP,adult,1.333334,1
5b23e494ac467800010cfdac,CP,adult,1.3333333333333333,1
56c79f6cc41c43000c0886b0,CP,adult,1.5,1
69b818597eba539f25e13f38,CP,adult,1.5,1
56c79f6cc41c43000c0886b0,CP,adult,1.033332857142857,0
614873a43b76bea1f97ee78f,CP,adult,1.033334,1
56c79f6cc41c43000c0886b0,CP,adult,1.333334,1
5b23e494ac467800010cfdac,CP,adult,1.5,1
56c79f6cc41c43000c0886b0,CP,adult,1.25,1
69b818597eba539f25e13f38,CP,adult,1.02,0
5b23e494ac467800010cfdac,CP,adult,1.5,1
56c79f6cc41c43000c0886b0,CP,adult,1.02,1
614873a43b76bea1f97ee78f,CP,adult,1.05,0
69b818597eba539f25e13f38,CP,adult,1.025,1
614873a43b76bea1f97ee78f,CP,adult,1.3333333333333333,1
56c79f6cc41c43000c0886b0,CP,adult,1.033334,1
56c79f6cc41c43000c0886b0,CP,adult,1.033334,1
69b818597eba539f25e13f38,CP,adult,1.02,0
56c79f6cc41c43000c0886b0,CP,adult,1.02,0
56c79f6cc41c43000c0886b0,CP,adult,1.25,1
56c79f6cc41c43000c0886b0,CP,adult,1.25,1
56c79f6cc41c43000c0886b0,CP,adult,1.025,1
56c79f6cc41c43000c0886b0,CP,adult,1.333332857142857,0
56c79f6cc41c43000c0886b0,CP,adult,1.25,1
56c79f6cc41c43000c0886b0,CP,adult,1.05,0
56c79f6cc41c43000c0886b0,CP,adult,1.25,0
56c79f6cc41c43000c0886b0,CP,adult,1.3333333333333333,1
5b9c2c816f92f30001ecce7a,CP,adult,1.5,1
67e830bb6eaebc236b9cd37e,CP,adult,1.333334,1
5b9c2c816f92f30001ecce7a,CP,adult,1.333334,1
5b9c2c816f92f30001ecce7a,CP,adult,1.5,1
5b23e494ac467800010cfdac,CP,adult,1.0333333333333334,0
614873a43b76bea1f97ee78f,CP,adult,1.25,1
614873a43b76bea1f97ee78f,CP,adult,1.05,1
69cd8fe60e58a51d157f9f9c,CP,adult,1.25,1
614873a43b76bea1f97ee78f,CP,adult,1.033334,0
69cd8fe60e58a51d157f9f9c,CP,adult,1.3333333333333333,1
614873a43b76bea1f97ee78f,CP,adult,1.02,0
69e0d979c41f97f199ae7a2e,CP,adult,1.033334,1
614873a43b76bea1f97ee78f,CP,adult,1.0333333333333334,1
69cd8fe60e58a51d157f9f9c,CP,adult,1.0499999999999998,1
5b23e494ac467800010cfdac,CP,adult,1.05,1
69e0d979c41f97f199ae7a2e,CP,adult,1.333334,1
614873a43b76bea1f97ee78f,CP,adult,1.5,1
69b818597eba539f25e13f38,CP,adult,1.5,1
69e0d979c41f97f199ae7a2e,CP,adult,1.333332857142857,1
5b23e494ac467800010cfdac,CP,adult,1.05,0
69e0d979c41f97f199ae7a2e,CP,adult,1.02,0
5b23e494ac467800010cfdac,CP,adult,1.25,1
69b818597eba539f25e13f38,CP,adult,1.033334,0
69b818597eba539f25e13f38,CP,adult,1.0499999999999998,1
614873a43b76bea1f97ee78f,CP,adult,1.0499999999999998,1
5b23e494ac467800010cfdac,CP,adult,1.333332857142857,1
614873a43b76bea1f97ee78f,CP,adult,1.5,1
614873a43b76bea1f97ee78f,CP,adult,1.25,1
69b818597eba539f25e13f38,CP,adult,1.5,1
5b23e494ac467800010cfdac,CP,adult,1.333332857142857,1
69b818597eba539f25e13f38,CP,adult,1.333332857142857,1
69b818597eba539f25e13f38,CP,adult,1.025,1
69b818597eba539f25e13f38,CP,adult,1.5,1
69b818597eba539f25e13f38,CP,adult,1.033334,0
69b818597eba539f25e13f38,CP,adult,1.3333333333333333,1
614873a43b76bea1f97ee78f,CP,adult,1.25,1
56c79f6cc41c43000c0886b0,CP,adult,1.05,0
69b818597eba539f25e13f38,CP,adult,1.5,1
56c79f6cc41c43000c0886b0,CP,adult,1.02,0
56c79f6cc41c43000c0886b0,CP,adult,1.05,0
56c79f6cc41c43000c0886b0,CP,adult,1.0333333333333334,0
69b818597eba539f25e13f38,CP,adult,1.0333333333333334,0
614873a43b76bea1f97ee78f,CP,adult,1.25,0
56c79f6cc41c43000c0886b0,CP,adult,1.025,1
56c79f6cc41c43000c0886b0,CP,adult,1.033332857142857,1
56c79f6cc41c43000c0886b0,CP,adult,1.05,1
56c79f6cc41c43000c0886b0,CP,adult,1.02,0
56c79f6cc41c43000c0886b0,CP,adult,1.025,0
56c79f6cc41c43000c0886b0,CP,adult,1.05,1
56c79f6cc41c43000c0886b0,CP,adult,1.5,1
56c79f6cc41c43000c0886b0,CP,adult,1.25,0
5b9c2c816f92f30001ecce7a,CP,adult,1.25,1
5b9c2c816f92f30001ecce7a,CP,adult,1.0499999999999998,1
67e830bb6eaebc236b9cd37e,CP,adult,1.3333333333333333,1
5b9c2c816f92f30001ecce7a,CP,adult,1.05,1
67e830bb6eaebc236b9cd37e,CP,adult,1.02,1
614873a43b76bea1f97ee78f,CP,adult,1.25,1
69e0d979c41f97f199ae7a2e,CP,adult,1.5,1
69cd8fe60e58a51d157f9f9c,CP,adult,1.3333333333333333,1
69e0d979c41f97f199ae7a2e,CP,adult,1.25,1
69cd8fe60e58a51d157f9f9c,CP,adult,1.333334,1
5b23e494ac467800010cfdac,CP,adult,1.05,1
69e0d979c41f97f199ae7a2e,CP,adult,1.0499999999999998,1
5b23e494ac467800010cfdac,CP,adult,1.033332857142857,1
5b23e494ac467800010cfdac,CP,adult,1.025,1
69e0d979c41f97f199ae7a2e,CP,adult,1.25,1
69b818597eba539f25e13f38,CP,adult,1.05,1
69b818597eba539f25e13f38,CP,adult,1.025,1
5b23e494ac467800010cfdac,CP,adult,1.05,1
614873a43b76bea1f97ee78f,CP,adult,1.025,1
5b23e494ac467800010cfdac,CP,adult,1.0499999999999998,1
614873a43b76bea1f97ee78f,CP,adult,1.033334,1
69e0d979c41f97f199ae7a2e,CP,adult,1.25,1
614873a43b76bea1f97ee78f,CP,adult,1.3333333333333333,1
5b23e494ac467800010cfdac,CP,adult,1.25,1
614873a43b76bea1f97ee78f,CP,adult,1.02,1
5b23e494ac467800010cfdac,CP,adult,1.3333333333333333,1
56c79f6cc41c43000c0886b0,CP,adult,1.025,0
69b818597eba539f25e13f38,CP,adult,1.025,0
69b818597eba539f25e13f38,CP,adult,1.25,1
614873a43b76bea1f97ee78f,CP,adult,1.5,1
56c79f6cc41c43000c0886b0,CP,adult,1.25,0
5b23e494ac467800010cfdac,CP,adult,1.5,1
56c79f6cc41c43000c0886b0,CP,adult,1.0333333333333334,1
614873a43b76bea1f97ee78f,CP,adult,1.025,0
56c79f6cc41c43000c0886b0,CP,adult,1.25,1
5b23e494ac467800010cfdac,CP,adult,1.5,1
5b23e494ac467800010cfdac,CP,adult,1.5,1
614873a43b76bea1f97ee78f,CP,adult,1.5,1
614873a43b76bea1f97ee78f,CP,adult,1.333334,0
614873a43b76bea1f97ee78f,CP,adult,1.025,0
614873a43b76bea1f97ee78f,CP,adult,1.025,1
69b818597eba539f25e13f38,CP,adult,1.025,0
614873a43b76bea1f97ee78f,CP,adult,1.25,1
69b818597eba539f25e13f38,CP,adult,1.025,1
56c79f6cc41c43000c0886b0,CP,adult,1.333334,0
69b818597eba539f25e13f38,CP,adult,1.0333333333333334,1
56c79f6cc41c43000c0886b0,CP,adult,1.333332857142857,1
56c79f6cc41c43000c0886b0,CP,adult,1.033334,0
56c79f6cc41c43000c0886b0,CP,adult,1.02,0
697fbcfaae6bc29a56c28d58,CP,adult,1.025,1
697fbcfaae6bc29a56c28d58,CP,adult,1.02,0
697fbcfaae6bc29a56c28d58,CP,adult,1.5,1
697fbcfaae6bc29a56c28d58,CP,adult,1.3333333333333333,1
697fbcfaae6bc29a56c28d58,CP,adult,1.02,1
697fbcfaae6bc29a56c28d58,CP,adult,1.25,1
697fbcfaae6bc29a56c28d58,CP,adult,1.02,1
697fbcfaae6bc29a56c28d58,CP,adult,1.5,1
697fbcfaae6bc29a56c28d58,CP,adult,1.0499999999999998,1
697fbcfaae6bc29a56c28d58,CP,adult,1.333332857142857,1
5b9c2c816f92f30001ecce7a,CP,adult,1.0333333333333334,1
67e830bb6eaebc236b9cd37e,CP,adult,1.25,1
67e830bb6eaebc236b9cd37e,CP,adult,1.033332857142857,1
5b9c2c816f92f30001ecce7a,CP,adult,1.033334,1
67e830bb6eaebc236b9cd37e,CP,adult,1.025,1
5b9c2c816f92f30001ecce7a,CP,adult,1.05,0
5b9c2c816f92f30001ecce7a,CP,adult,1.25,1
5b9c2c816f92f30001ecce7a,CP,adult,1.5,1
67e830bb6eaebc236b9cd37e,CP,adult,1.02,0
6653691608992eba0cff2cbf,CP,adult,1.02,1
5b9c2c816f92f30001ecce7a,CP,adult,1.0333333333333334,0
6653691608992eba0cff2cbf,CP,adult,1.05,1
67e830bb6eaebc236b9cd37e,CP,adult,1.333334,1
67e830bb6eaebc236b9cd37e,CP,adult,1.02,1
5b9c2c816f92f30001ecce7a,CP,adult,1.02,1
6653691608992eba0cff2cbf,CP,adult,1.05,0
5b9c2c816f92f30001ecce7a,CP,adult,1.033332857142857,0
67e830bb6eaebc236b9cd37e,CP,adult,1.333332857142857,1
6653691608992eba0cff2cbf,CP,adult,1.02,1
6653691608992eba0cff2cbf,CP,adult,1.25,1
5b9c2c816f92f30001ecce7a,CP,adult,1.02,1
67e830bb6eaebc236b9cd37e,CP,adult,1.02,0
6653691608992eba0cff2cbf,CP,adult,1.025,0
5b9c2c816f92f30001ecce7a,CP,adult,1.333334,0
6653691608992eba0cff2cbf,CP,adult,1.025,0
67e830bb6eaebc236b9cd37e,CP,adult,1.0499999999999998,1
5b9c2c816f92f30001ecce7a,CP,adult,1.02,1
6653691608992eba0cff2cbf,CP,adult,1.05,1
5b9c2c816f92f30001ecce7a,CP,adult,1.333332857142857,1
6653691608992eba0cff2cbf,CP,adult,1.5,0
6653691608992eba0cff2cbf,CP,adult,1.025,1
5b9c2c816f92f30001ecce7a,CP,adult,1.033332857142857,0
67e830bb6eaebc236b9cd37e,CP,adult,1.025,1
6653691608992eba0cff2cbf,CP,adult,1.3333333333333333,1
6653691608992eba0cff2cbf,CP,adult,1.25,0
6653691608992eba0cff2cbf,CP,adult,1.02,0
67e830bb6eaebc236b9cd37e,CP,adult,1.5,1
5b9c2c816f92f30001ecce7a,CP,adult,1.02,0
5b9c2c816f92f30001ecce7a,CP,adult,1.025,1
5b9c2c816f92f30001ecce7a,CP,adult,1.025,1
6653691608992eba0cff2cbf,CP,adult,1.25,1
67e830bb6eaebc236b9cd37e,CP,adult,1.0333333333333334,0
67e830bb6eaebc236b9cd37e,CP,adult,1.0333333333333334,1
6653691608992eba0cff2cbf,CP,adult,1.025,1
6653691608992eba0cff2cbf,CP,adult,1.3333333333333333,0
6653691608992eba0cff2cbf,CP,adult,1.02,1
67e830bb6eaebc236b9cd37e,CP,adult,1.033334,1
67e830bb6eaebc236b9cd37e,CP,adult,1.5,1
69bdec51049c18cf2dd31349,CP,adult,1.02,0
6653691608992eba0cff2cbf,CP,adult,1.0499999999999998,0
6653691608992eba0cff2cbf,CP,adult,1.3333333333333333,1
67e830bb6eaebc236b9cd37e,CP,adult,1.25,1
69bdec51049c18cf2dd31349,CP,adult,1.25,1
5b9c2c816f92f30001ecce7a,CP,adult,1.05,1
67e830bb6eaebc236b9cd37e,CP,adult,1.5,1
5b9c2c816f92f30001ecce7a,CP,adult,1.025,1
5b9c2c816f92f30001ecce7a,CP,adult,1.25,1
67e830bb6eaebc236b9cd37e,CP,adult,1.025,1
6653691608992eba0cff2cbf,CP,adult,1.5,1
67e830bb6eaebc236b9cd37e,CP,adult,1.25,1
6653691608992eba0cff2cbf,CP,adult,1.02,0
67e830bb6eaebc236b9cd37e,CP,adult,1.0499999999999998,0
6653691608992eba0cff2cbf,CP,adult,1.5,0
5b9c2c816f92f30001ecce7a,CP,adult,1.02,1
67e830bb6eaebc236b9cd37e,CP,adult,1.333332857142857,1
67e830bb6eaebc236b9cd37e,CP,adult,1.025,1
5b9c2c816f92f30001ecce7a,CP,adult,1.5,1
5b9c2c816f92f30001ecce7a,CP,adult,1.02,1
6653691608992eba0cff2cbf,CP,adult,1.033332857142857,1
5b9c2c816f92f30001ecce7a,CP,adult,1.02,1
67e830bb6eaebc236b9cd37e,CP,adult,1.02,0
6653691608992eba0cff2cbf,CP,adult,1.033332857142857,0
5b9c2c816f92f30001ecce7a,CP,adult,1.02,1
5b9c2c816f92f30001ecce7a,CP,adult,1.02,0
67e830bb6eaebc236b9cd37e,CP,adult,1.025,0
6653691608992eba0cff2cbf,CP,adult,1.25,1
5b9c2c816f92f30001ecce7a,CP,adult,1.05,1
6653691608992eba0cff2cbf,CP,adult,1.033334,1
67e830bb6eaebc236b9cd37e,CP,adult,1.025,1
5b9c2c816f92f30001ecce7a,CP,adult,1.5,1
6653691608992eba0cff2cbf,CP,adult,1.025,0
5b9c2c816f92f30001ecce7a,CP,adult,1.333334,1
67e830bb6eaebc236b9cd37e,CP,adult,1.5,1
67e830bb6eaebc236b9cd37e,CP,adult,1.05,0
5b9c2c816f92f30001ecce7a,CP,adult,1.033334,0
5b9c2c816f92f30001ecce7a,CP,adult,1.3333333333333333,1
6653691608992eba0cff2cbf,CP,adult,1.5,1
5b9c2c816f92f30001ecce7a,CP,adult,1.033334,0
5b9c2c816f92f30001ecce7a,CP,adult,1.333334,1
6653691608992eba0cff2cbf,CP,adult,1.333332857142857,1
67e830bb6eaebc236b9cd37e,CP,adult,1.25,1
67e830bb6eaebc236b9cd37e,CP,adult,1.05,1
6653691608992eba0cff2cbf,CP,adult,1.25,1
6653691608992eba0cff2cbf,CP,adult,1.333332857142857,1
69bdec51049c18cf2dd31349,CP,adult,1.02,1
69bdec51049c18cf2dd31349,CP,adult,1.5,1
6653691608992eba0cff2cbf,CP,adult,1.25,1
67e830bb6eaebc236b9cd37e,CP,adult,1.025,1
69bdec51049c18cf2dd31349,CP,adult,1.025,1
6653691608992eba0cff2cbf,CP,adult,1.5,1
6653691608992eba0cff2cbf,CP,adult,1.025,0
6653691608992eba0cff2cbf,CP,adult,1.5,1
6653691608992eba0cff2cbf,CP,adult,1.0333333333333334,1
69bdec51049c18cf2dd31349,CP,adult,1.02,1
6653691608992eba0cff2cbf,CP,adult,1.3333333333333333,1
67e830bb6eaebc236b9cd37e,CP,adult,1.025,0
69bdec51049c18cf2dd31349,CP,adult,1.05,1
67e830bb6eaebc236b9cd37e,CP,adult,1.033334,1
67e830bb6eaebc236b9cd37e,CP,adult,1.25,1
67e830bb6eaebc236b9cd37e,CP,adult,1.5,1
5b9c2c816f92f30001ecce7a,CP,adult,1.3333333333333333,1
5b9c2c816f92f30001ecce7a,CP,adult,1.033334,0
5b9c2c816f92f30001ecce7a,CP,adult,1.025,0
5b9c2c816f92f30001ecce7a,CP,adult,1.25,1
67e830bb6eaebc236b9cd37e,CP,adult,1.25,1
6653691608992eba0cff2cbf,CP,adult,1.0333333333333334,0
5b9c2c816f92f30001ecce7a,CP,adult,1.025,0
6653691608992eba0cff2cbf,CP,adult,1.0499999999999998,0
6653691608992eba0cff2cbf,CP,adult,1.025,0
5b9c2c816f92f30001ecce7a,CP,adult,1.025,0
6653691608992eba0cff2cbf,CP,adult,1.25,1
6653691608992eba0cff2cbf,CP,adult,1.025,0
5b9c2c816f92f30001ecce7a,CP,adult,1.05,1
67e830bb6eaebc236b9cd37e,CP,adult,1.25,1
6653691608992eba0cff2cbf,CP,adult,1.05,1
5b9c2c816f92f30001ecce7a,CP,adult,1.25,1
67e830bb6eaebc236b9cd37e,CP,adult,1.05,1
6653691608992eba0cff2cbf,CP,adult,1.333334,1
6653691608992eba0cff2cbf,CP,adult,1.05,0
5b9c2c816f92f30001ecce7a,CP,adult,1.0499999999999998,0
6653691608992eba0cff2cbf,CP,adult,1.02,1
67e830bb6eaebc236b9cd37e,CP,adult,1.02,1
5b9c2c816f92f30001ecce7a,CP,adult,1.05,1
6653691608992eba0cff2cbf,CP,adult,1.0333333333333334,0
67e830bb6eaebc236b9cd37e,CP,adult,1.033334,0
67e830bb6eaebc236b9cd37e,CP,adult,1.333334,1
6653691608992eba0cff2cbf,CP,adult,1.0499999999999998,0
5b9c2c816f92f30001ecce7a,CP,adult,1.333334,1
6653691608992eba0cff2cbf,CP,adult,1.5,1
6653691608992eba0cff2cbf,CP,adult,1.25,1
6653691608992eba0cff2cbf,CP,adult,1.0333333333333334,1
5b9c2c816f92f30001ecce7a,CP,adult,1.25,1
67e830bb6eaebc236b9cd37e,CP,adult,1.333332857142857,0
697fbcfaae6bc29a56c28d58,CP,adult,1.5,1
697fbcfaae6bc29a56c28d58,CP,adult,1.333332857142857,1
697fbcfaae6bc29a56c28d58,CP,adult,1.333332857142857,1
697fbcfaae6bc29a56c28d58,CP,adult,1.025,1
697fbcfaae6bc29a56c28d58,CP,adult,1.05,0
697fbcfaae6bc29a56c28d58,CP,adult,1.033332857142857,0
697fbcfaae6bc29a56c28d58,CP,adult,1.333334,1
697fbcfaae6bc29a56c28d58,CP,adult,1.025,0
697fbcfaae6bc29a56c28d58,CP,adult,1.5,1
697fbcfaae6bc29a56c28d58,CP,adult,1.5,1
697fbcfaae6bc29a56c28d58,CP,adult,1.25,0
697fbcfaae6bc29a56c28d58,CP,adult,1.025,1
697fbcfaae6bc29a56c28d58,CP,adult,1.05,0
697fbcfaae6bc29a56c28d58,CP,adult,1.25,1
697fbcfaae6bc29a56c28d58,CP,adult,1.5,1
697fbcfaae6bc29a56c28d58,CP,adult,1.3333333333333333,1
697fbcfaae6bc29a56c28d58,CP,adult,1.033334,1
697fbcfaae6bc29a56c28d58,CP,adult,1.02,0
5b9c2c816f92f30001ecce7a,CP,adult,1.033334,0
5b9c2c816f92f30001ecce7a,CP,adult,1.025,0
67e830bb6eaebc236b9cd37e,CP,adult,1.02,0
6653691608992eba0cff2cbf,CP,adult,1.025,0
67e830bb6eaebc236b9cd37e,CP,adult,1.5,1
67e830bb6eaebc236b9cd37e,CP,adult,1.033332857142857,0
5b9c2c816f92f30001ecce7a,CP,adult,1.033332857142857,1
5b9c2c816f92f30001ecce7a,CP,adult,1.025,0
67e830bb6eaebc236b9cd37e,CP,adult,1.333334,1
67e830bb6eaebc236b9cd37e,CP,adult,1.02,0
5b9c2c816f92f30001ecce7a,CP,adult,1.25,1
6653691608992eba0cff2cbf,CP,adult,1.5,0
5b9c2c816f92f30001ecce7a,CP,adult,1.5,1
67e830bb6eaebc236b9cd37e,CP,adult,1.02,1
67e830bb6eaebc236b9cd37e,CP,adult,1.025,1
6653691608992eba0cff2cbf,CP,adult,1.033332857142857,0
5b9c2c816f92f30001ecce7a,CP,adult,1.3333333333333333,1
67e830bb6eaebc236b9cd37e,CP,adult,1.05,1
5b9c2c816f92f30001ecce7a,CP,adult,1.05,1
67e830bb6eaebc236b9cd37e,CP,adult,1.0499999999999998,0
5b9c2c816f92f30001ecce7a,CP,adult,1.25,0
67e830bb6eaebc236b9cd37e,CP,adult,1.0333333333333334,1
67e830bb6eaebc236b9cd37e,CP,adult,1.333334,1
5b9c2c816f92f30001ecce7a,CP,adult,1.025,0
6653691608992eba0cff2cbf,CP,adult,1.3333333333333333,1
67e830bb6eaebc236b9cd37e,CP,adult,1.25,1
5b9c2c816f92f30001ecce7a,CP,adult,1.5,1
6653691608992eba0cff2cbf,CP,adult,1.25,1
5b9c2c816f92f30001ecce7a,CP,adult,1.25,1
67e830bb6eaebc236b9cd37e,CP,adult,1.05,1
67e830bb6eaebc236b9cd37e,CP,adult,1.025,1
5b9c2c816f92f30001ecce7a,CP,adult,1.05,1
67e830bb6eaebc236b9cd37e,CP,adult,1.033332857142857,0
5b9c2c816f92f30001ecce7a,CP,adult,1.333332857142857,1
5b9c2c816f92f30001ecce7a,CP,adult,1.25,1
6653691608992eba0cff2cbf,CP,adult,1.033334,1
6653691608992eba0cff2cbf,CP,adult,1.0499999999999998,1
67e830bb6eaebc236b9cd37e,CP,adult,1.0499999999999998,1
67e830bb6eaebc236b9cd37e,CP,adult,1.02,1
6653691608992eba0cff2cbf,CP,adult,1.02,0
6653691608992eba0cff2cbf,CP,adult,1.02,0
69bdec51049c18cf2dd31349,CP,adult,1.033334,1
69bdec51049c18cf2dd31349,CP,adult,1.333334,1
67e830bb6eaebc236b9cd37e,CP,adult,1.25,1
69bdec51049c18cf2dd31349,CP,adult,1.033334,1
69bdec51049c18cf2dd31349,CP,adult,1.025,1
67e830bb6eaebc236b9cd37e,CP,adult,1.5,1
67e830bb6eaebc236b9cd37e,CP,adult,1.033332857142857,1
69bdec51049c18cf2dd31349,CP,adult,1.033334,1
6653691608992eba0cff2cbf,CP,adult,1.5,1
6653691608992eba0cff2cbf,CP,adult,1.25,1
6653691608992eba0cff2cbf,CP,adult,1.333332857142857,1
69bdec51049c18cf2dd31349,CP,adult,1.033332857142857,1
6653691608992eba0cff2cbf,CP,adult,1.02,1
6653691608992eba0cff2cbf,CP,adult,1.5,1
69bdec51049c18cf2dd31349,CP,adult,1.5,1
6653691608992eba0cff2cbf,CP,adult,1.033332857142857,0
6653691608992eba0cff2cbf,CP,adult,1.02,1
697fbcfaae6bc29a56c28d58,CP,adult,1.5,1
697fbcfaae6bc29a56c28d58,CP,adult,1.25,1
697fbcfaae6bc29a56c28d58,CP,adult,1.025,1
697fbcfaae6bc29a56c28d58,CP,adult,1.025,1
697fbcfaae6bc29a56c28d58,CP,adult,1.5,1
697fbcfaae6bc29a56c28d58,CP,adult,1.033334,1
697fbcfaae6bc29a56c28d58,CP,adult,1.025,1
697fbcfaae6bc29a56c28d58,CP,adult,1.02,0
697fbcfaae6bc29a56c28d58,CP,adult,1.025,1
696a7d8e7ecb7691c3c716e0,CP,adult,1.033332857142857,0
697fbcfaae6bc29a56c28d58,CP,adult,1.02,0
696a7d8e7ecb7691c3c716e0,CP,adult,1.5,1
697fbcfaae6bc29a56c28d58,CP,adult,1.033334,0
696a7d8e7ecb7691c3c716e0,CP,adult,1.5,1
697fbcfaae6bc29a56c28d58,CP,adult,1.033332857142857,1
696a7d8e7ecb7691c3c716e0,CP,adult,1.5,1
697fbcfaae6bc29a56c28d58,CP,adult,1.25,1
696a7d8e7ecb7691c3c716e0,CP,adult,1.5,1
696a7d8e7ecb7691c3c716e0,CP,adult,1.5,1
697fbcfaae6bc29a56c28d58,CP,adult,1.333334,1
696a7d8e7ecb7691c3c716e0,CP,adult,1.5,1
697fbcfaae6bc29a56c28d58,CP,adult,1.333332857142857,1
696a7d8e7ecb7691c3c716e0,CP,adult,1.0333333333333334,1
697fbcfaae6bc29a56c28d58,CP,adult,1.0499999999999998,0
696a7d8e7ecb7691c3c716e0,CP,adult,1.025,1
697fbcfaae6bc29a56c28d58,CP,adult,1.25,1
696a7d8e7ecb7691c3c716e0,CP,adult,1.02,1
697fbcfaae6bc29a56c28d58,CP,adult,1.02,0
696a7d8e7ecb7691c3c716e0,CP,adult,1.02,0
697fbcfaae6bc29a56c28d58,CP,adult,1.5,1
696a7d8e7ecb7691c3c716e0,CP,adult,1.025,1
697fbcfaae6bc29a56c28d58,CP,adult,1.25,1
696a7d8e7ecb7691c3c716e0,CP,adult,1.02,1
6786abc3a98055356d70eb64,CP,adult,1.333334,1
696a7d8e7ecb7691c3c716e0,CP,adult,1.02,1
697fbcfaae6bc29a56c28d58,CP,adult,1.05,1
6786abc3a98055356d70eb64,CP,adult,1.05,0
696a7d8e7ecb7691c3c716e0,CP,adult,1.025,1
697fbcfaae6bc29a56c28d58,CP,adult,1.02,0
696a7d8e7ecb7691c3c716e0,CP,adult,1.02,1
6786abc3a98055356d70eb64,CP,adult,1.05,1
697fbcfaae6bc29a56c28d58,CP,adult,1.25,1
696a7d8e7ecb7691c3c716e0,CP,adult,1.02,0
697fbcfaae6bc29a56c28d58,CP,adult,1.05,1
69bdec51049c18cf2dd31349,CP,adult,1.5,1
6653691608992eba0cff2cbf,CP,adult,1.0499999999999998,1
69bdec51049c18cf2dd31349,CP,adult,1.25,1
6653691608992eba0cff2cbf,CP,adult,1.025,1
6134e3d48d0eaa5c8fe8c25e,CP,adult,1.0333333333333334,0
696a7d8e7ecb7691c3c716e0,CP,adult,1.02,0
6786abc3a98055356d70eb64,CP,adult,1.025,1
697fbcfaae6bc29a56c28d58,CP,adult,1.02,1
696a7d8e7ecb7691c3c716e0,CP,adult,1.02,0
697fbcfaae6bc29a56c28d58,CP,adult,1.033332857142857,1
6786abc3a98055356d70eb64,CP,adult,1.025,1
696a7d8e7ecb7691c3c716e0,CP,adult,1.025,0
697fbcfaae6bc29a56c28d58,CP,adult,1.025,1
696a7d8e7ecb7691c3c716e0,CP,adult,1.02,1
6786abc3a98055356d70eb64,CP,adult,1.02,0
696a7d8e7ecb7691c3c716e0,CP,adult,1.025,1
6786abc3a98055356d70eb64,CP,adult,1.025,1
697fbcfaae6bc29a56c28d58,CP,adult,1.0499999999999998,1
696a7d8e7ecb7691c3c716e0,CP,adult,1.0333333333333334,1
6786abc3a98055356d70eb64,CP,adult,1.05,1
697fbcfaae6bc29a56c28d58,CP,adult,1.5,1
696a7d8e7ecb7691c3c716e0,CP,adult,1.033332857142857,1
696a7d8e7ecb7691c3c716e0,CP,adult,1.033332857142857,1
6786abc3a98055356d70eb64,CP,adult,1.033332857142857,0
696a7d8e7ecb7691c3c716e0,CP,adult,1.05,1
696a7d8e7ecb7691c3c716e0,CP,adult,1.033332857142857,1
6786abc3a98055356d70eb64,CP,adult,1.5,1
696a7d8e7ecb7691c3c716e0,CP,adult,1.0499999999999998,1
696a7d8e7ecb7691c3c716e0,CP,adult,1.02,1
6786abc3a98055356d70eb64,CP,adult,1.3333333333333333,1
696a7d8e7ecb7691c3c716e0,CP,adult,1.025,0
6786abc3a98055356d70eb64,CP,adult,1.5,1
696a7d8e7ecb7691c3c716e0,CP,adult,1.033334,1
696a7d8e7ecb7691c3c716e0,CP,adult,1.033332857142857,0
6786abc3a98055356d70eb64,CP,adult,1.333334,1
696a7d8e7ecb7691c3c716e0,CP,adult,1.033332857142857,0
696a7d8e7ecb7691c3c716e0,CP,adult,1.0333333333333334,0
6786abc3a98055356d70eb64,CP,adult,1.02,0
696a7d8e7ecb7691c3c716e0,CP,adult,1.025,1
696a7d8e7ecb7691c3c716e0,CP,adult,1.025,1
6786abc3a98055356d70eb64,CP,adult,1.05,0
696a7d8e7ecb7691c3c716e0,CP,adult,1.025,0
6786abc3a98055356d70eb64,CP,adult,1.5,1
696a7d8e7ecb7691c3c716e0,CP,adult,1.025,0
696a7d8e7ecb7691c3c716e0,CP,adult,1.05,1
6786abc3a98055356d70eb64,CP,adult,1.333334,1
696a7d8e7ecb7691c3c716e0,CP,adult,1.05,1
6786abc3a98055356d70eb64,CP,adult,1.033334,1
696a7d8e7ecb7691c3c716e0,CP,adult,1.0499999999999998,1
696a7d8e7ecb7691c3c716e0,CP,adult,1.05,1
6786abc3a98055356d70eb64,CP,adult,1.5,1
6786abc3a98055356d70eb64,CP,adult,1.025,0
696a7d8e7ecb7691c3c716e0,CP,adult,1.0499999999999998,1
696a7d8e7ecb7691c3c716e0,CP,adult,1.0499999999999998,1
6786abc3a98055356d70eb64,CP,adult,1.05,0
696a7d8e7ecb7691c3c716e0,CP,adult,1.0499999999999998,1
696a7d8e7ecb7691c3c716e0,CP,adult,1.0499999999999998,1
67e830bb6eaebc236b9cd37e,CP,adult,1.25,1
67e830bb6eaebc236b9cd37e,CP,adult,1.333332857142857,1
69bdec51049c18cf2dd31349,CP,adult,1.333334,1
6653691608992eba0cff2cbf,CP,adult,1.3333333333333333,1
69bdec51049c18cf2dd31349,CP,adult,1.033332857142857,0
69bdec51049c18cf2dd31349,CP,adult,1.25,1
6134e3d48d0eaa5c8fe8c25e,CP,adult,1.0333333333333334,1
69bdec51049c18cf2dd31349,CP,adult,1.3333333333333333,1
6134e3d48d0eaa5c8fe8c25e,CP,adult,1.5,1
69bdec51049c18cf2dd31349,CP,adult,1.02,0
6134e3d48d0eaa5c8fe8c25e,CP,adult,1.05,1
69bdec51049c18cf2dd31349,CP,adult,1.033334,1
6134e3d48d0eaa5c8fe8c25e,CP,adult,1.25,1
69bdec51049c18cf2dd31349,CP,adult,1.0499999999999998,1
6134e3d48d0eaa5c8fe8c25e,CP,adult,1.3333333333333333,1
69bdec51049c18cf2dd31349,CP,adult,1.05,0
6134e3d48d0eaa5c8fe8c25e,CP,adult,1.02,0
6134e3d48d0eaa5c8fe8c25e,CP,adult,1.02,1
69bdec51049c18cf2dd31349,CP,adult,1.02,1
6134e3d48d0eaa5c8fe8c25e,CP,adult,1.02,0
69bdec51049c18cf2dd31349,CP,adult,1.05,1
6134e3d48d0eaa5c8fe8c25e,CP,adult,1.0333333333333334,0
69bdec51049c18cf2dd31349,CP,adult,1.5,1
6134e3d48d0eaa5c8fe8c25e,CP,adult,1.3333333333333333,1
69bdec51049c18cf2dd31349,CP,adult,1.333332857142857,1
6134e3d48d0eaa5c8fe8c25e,CP,adult,1.25,1
69bdec51049c18cf2dd31349,CP,adult,1.0499999999999998,1
6134e3d48d0eaa5c8fe8c25e,CP,adult,1.25,1
69bdec51049c18cf2dd31349,CP,adult,1.25,1
6134e3d48d0eaa5c8fe8c25e,CP,adult,1.033334,1
69bdec51049c18cf2dd31349,CP,adult,1.025,1
6134e3d48d0eaa5c8fe8c25e,CP,adult,1.02,1
69bdec51049c18cf2dd31349,CP,adult,1.3333333333333333,1
6134e3d48d0eaa5c8fe8c25e,CP,adult,1.3333333333333333,1
69bdec51049c18cf2dd31349,CP,adult,1.5,1
6134e3d48d0eaa5c8fe8c25e,CP,adult,1.5,1
6134e3d48d0eaa5c8fe8c25e,CP,adult,1.5,1
69bdec51049c18cf2dd31349,CP,adult,1.3333333333333333,1
6134e3d48d0eaa5c8fe8c25e,CP,adult,1.033334,1
69bdec51049c18cf2dd31349,CP,adult,1.033332857142857,0
6134e3d48d0eaa5c8fe8c25e,CP,adult,1.25,1
69bdec51049c18cf2dd31349,CP,adult,1.0499999999999998,1
69bdec51049c18cf2dd31349,CP,adult,1.025,1
6134e3d48d0eaa5c8fe8c25e,CP,adult,1.02,1
6134e3d48d0eaa5c8fe8c25e,CP,adult,1.25,1
69bdec51049c18cf2dd31349,CP,adult,1.025,1
6134e3d48d0eaa5c8fe8c25e,CP,adult,1.333334,1
69bdec51049c18cf2dd31349,CP,adult,1.5,1
6134e3d48d0eaa5c8fe8c25e,CP,adult,1.05,0
69bdec51049c18cf2dd31349,CP,adult,1.5,1
6134e3d48d0eaa5c8fe8c25e,CP,adult,1.25,1
69bdec51049c18cf2dd31349,CP,adult,1.25,1
6134e3d48d0eaa5c8fe8c25e,CP,adult,1.333332857142857,1
6134e3d48d0eaa5c8fe8c25e,CP,adult,1.025,1
69bdec51049c18cf2dd31349,CP,adult,1.25,1
69bdec51049c18cf2dd31349,CP,adult,1.05,1
6134e3d48d0eaa5c8fe8c25e,CP,adult,1.025,1
69bdec51049c18cf2dd31349,CP,adult,1.025,1
6134e3d48d0eaa5c8fe8c25e,CP,adult,1.25,1
6134e3d48d0eaa5c8fe8c25e,CP,adult,1.02,0
69bdec51049c18cf2dd31349,CP,adult,1.02,0
6134e3d48d0eaa5c8fe8c25e,CP,adult,1.0499999999999998,1
69bdec51049c18cf2dd31349,CP,adult,1.5,1
6134e3d48d0eaa5c8fe8c25e,CP,adult,1.5,1
69bdec51049c18cf2dd31349,CP,adult,1.025,1
6134e3d48d0eaa5c8fe8c25e,CP,adult,1.333334,1
69bdec51049c18cf2dd31349,CP,adult,1.05,0
69bdec51049c18cf2dd31349,CP,adult,1.02,0
69bdec51049c18cf2dd31349,CP,adult,1.02,1
69bdec51049c18cf2dd31349,CP,adult,1.025,1
6134e3d48d0eaa5c8fe8c25e,CP,adult,1.02,1
69bdec51049c18cf2dd31349,CP,adult,1.25,1
6134e3d48d0eaa5c8fe8c25e,CP,adult,1.0333333333333334,0
69bdec51049c18cf2dd31349,CP,adult,1.25,1
6134e3d48d0eaa5c8fe8c25e,CP,adult,1.025,1
69bdec51049c18cf2dd31349,CP,adult,1.5,1
6134e3d48d0eaa5c8fe8c25e,CP,adult,1.5,1
69bdec51049c18cf2dd31349,CP,adult,1.333332857142857,1
6134e3d48d0eaa5c8fe8c25e,CP,adult,1.033334,1
69bdec51049c18cf2dd31349,CP,adult,1.025,1
6134e3d48d0eaa5c8fe8c25e,CP,adult,1.3333333333333333,1
6134e3d48d0eaa5c8fe8c25e,CP,adult,1.0499999999999998,0
6134e3d48d0eaa5c8fe8c25e,CP,adult,1.333334,1
6134e3d48d0eaa5c8fe8c25e,CP,adult,1.025,1
6134e3d48d0eaa5c8fe8c25e,CP,adult,1.02,1
6134e3d48d0eaa5c8fe8c25e,CP,adult,1.25,1
6134e3d48d0eaa5c8fe8c25e,CP,adult,1.5,1
6134e3d48d0eaa5c8fe8c25e,CP,adult,1.0499999999999998,1
6134e3d48d0eaa5c8fe8c25e,CP,adult,1.033332857142857,1
6134e3d48d0eaa5c8fe8c25e,CP,adult,1.025,0
6134e3d48d0eaa5c8fe8c25e,CP,adult,1.02,0
6134e3d48d0eaa5c8fe8c25e,CP,adult,1.02,0
6134e3d48d0eaa5c8fe8c25e,CP,adult,1.025,1
6134e3d48d0eaa5c8fe8c25e,CP,adult,1.025,0
6786abc3a98055356d70eb64,CP,adult,1.02,1
696a7d8e7ecb7691c3c716e0,CP,adult,1.25,1
6786abc3a98055356d70eb64,CP,adult,1.25,1
696a7d8e7ecb7691c3c716e0,CP,adult,1.25,1
696a7d8e7ecb7691c3c716e0,CP,adult,1.25,0
6786abc3a98055356d70eb64,CP,adult,1.25,1
696a7d8e7ecb7691c3c716e0,CP,adult,1.25,1
696a7d8e7ecb7691c3c716e0,CP,adult,1.25,1
6786abc3a98055356d70eb64,CP,adult,1.02,0
696a7d8e7ecb7691c3c716e0,CP,adult,1.25,1
6786abc3a98055356d70eb64,CP,adult,1.25,1
696a7d8e7ecb7691c3c716e0,CP,adult,1.25,1
696a7d8e7ecb7691c3c716e0,CP,adult,1.25,1
6786abc3a98055356d70eb64,CP,adult,1.25,0
696a7d8e7ecb7691c3c716e0,CP,adult,1.25,1
696a7d8e7ecb7691c3c716e0,CP,adult,1.3333333333333333,1
6786abc3a98055356d70eb64,CP,adult,1.5,1
696a7d8e7ecb7691c3c716e0,CP,adult,1.333332857142857,1
6786abc3a98055356d70eb64,CP,adult,1.02,1
696a7d8e7ecb7691c3c716e0,CP,adult,1.25,1
696a7d8e7ecb7691c3c716e0,CP,adult,1.333334,1
6786abc3a98055356d70eb64,CP,adult,1.25,1
69bdec51049c18cf2dd31349,CP,adult,1.25,0
69bdec51049c18cf2dd31349,CP,adult,1.02,0
6134e3d48d0eaa5c8fe8c25e,CP,adult,1.5,1
69bdec51049c18cf2dd31349,CP,adult,1.25,1
6134e3d48d0eaa5c8fe8c25e,CP,adult,1.25,1
69bdec51049c18cf2dd31349,CP,adult,1.3333333333333333,1
6134e3d48d0eaa5c8fe8c25e,CP,adult,1.5,1
69bdec51049c18cf2dd31349,CP,adult,1.033334,0
6134e3d48d0eaa5c8fe8c25e,CP,adult,1.0333333333333334,1
69bdec51049c18cf2dd31349,CP,adult,1.025,1
6134e3d48d0eaa5c8fe8c25e,CP,adult,1.5,1
6134e3d48d0eaa5c8fe8c25e,CP,adult,1.025,0
69bdec51049c18cf2dd31349,CP,adult,1.0333333333333334,1
6134e3d48d0eaa5c8fe8c25e,CP,adult,1.025,1
69bdec51049c18cf2dd31349,CP,adult,1.5,1
6134e3d48d0eaa5c8fe8c25e,CP,adult,1.3333333333333333,1
696a7d8e7ecb7691c3c716e0,CP,adult,1.3333333333333333,1
696a7d8e7ecb7691c3c716e0,CP,adult,1.3333333333333333,1
6786abc3a98055356d70eb64,CP,adult,1.033334,1
696a7d8e7ecb7691c3c716e0,CP,adult,1.333334,1
6786abc3a98055356d70eb64,CP,adult,1.5,1
696a7d8e7ecb7691c3c716e0,CP,adult,1.333332857142857,1
696a7d8e7ecb7691c3c716e0,CP,adult,1.333332857142857,1
6786abc3a98055356d70eb64,CP,adult,1.033334,1
696a7d8e7ecb7691c3c716e0,CP,adult,1.3333333333333333,1
6786abc3a98055356d70eb64,CP,adult,1.25,1
696a7d8e7ecb7691c3c716e0,CP,adult,1.333332857142857,1
696a7d8e7ecb7691c3c716e0,CP,adult,1.5,1
6786abc3a98055356d70eb64,CP,adult,1.025,1
696a7d8e7ecb7691c3c716e0,CP,adult,1.5,1
696a7d8e7ecb7691c3c716e0,CP,adult,1.5,1
6786abc3a98055356d70eb64,CP,adult,1.033334,1
696a7d8e7ecb7691c3c716e0,CP,adult,1.5,1
6786abc3a98055356d70eb64,CP,adult,1.333334,1
6786abc3a98055356d70eb64,CP,adult,1.05,0
6786abc3a98055356d70eb64,CP,adult,1.05,1
6786abc3a98055356d70eb64,CP,adult,1.025,1
6786abc3a98055356d70eb64,CP,adult,1.25,1
6786abc3a98055356d70eb64,CP,adult,1.5,1
6786abc3a98055356d70eb64,CP,adult,1.333332857142857,1
6786abc3a98055356d70eb64,CP,adult,1.02,0
6786abc3a98055356d70eb64,CP,adult,1.0499999999999998,1
6786abc3a98055356d70eb64,CP,adult,1.3333333333333333,1
6786abc3a98055356d70eb64,CP,adult,1.3333333333333333,1
6786abc3a98055356d70eb64,CP,adult,1.05,0
6786abc3a98055356d70eb64,CP,adult,1.333334,1
6786abc3a98055356d70eb64,CP,adult,1.025,1
6786abc3a98055356d70eb64,CP,adult,1.025,1
6786abc3a98055356d70eb64,CP,adult,1.5,1
6786abc3a98055356d70eb64,CP,adult,1.25,1
6786abc3a98055356d70eb64,CP,adult,1.025,0
6786abc3a98055356d70eb64,CP,adult,1.02,1
6786abc3a98055356d70eb64,CP,adult,1.333332857142857,1
6786abc3a98055356d70eb64,CP,adult,1.02,1
6786abc3a98055356d70eb64,CP,adult,1.25,1
6786abc3a98055356d70eb64,CP,adult,1.033334,1
6786abc3a98055356d70eb64,CP,adult,1.5,1
6786abc3a98055356d70eb64,CP,adult,1.25,1
6134e3d48d0eaa5c8fe8c25e,CP,adult,1.025,0
6134e3d48d0eaa5c8fe8c25e,CP,adult,1.033332857142857,1
69bdec51049c18cf2dd31349,CP,adult,1.05,0
6134e3d48d0eaa5c8fe8c25e,CP,adult,1.0499999999999998,1
69bdec51049c18cf2dd31349,CP,adult,1.02,1
6134e3d48d0eaa5c8fe8c25e,CP,adult,1.0499999999999998,1
69bdec51049c18cf2dd31349,CP,adult,1.033332857142857,0
6134e3d48d0eaa5c8fe8c25e,CP,adult,1.5,1
6134e3d48d0eaa5c8fe8c25e,CP,adult,1.25,1
6134e3d48d0eaa5c8fe8c25e,CP,adult,1.05,1
6134e3d48d0eaa5c8fe8c25e,CP,adult,1.05,0
69bdec51049c18cf2dd31349,CP,adult,1.333334,1
6134e3d48d0eaa5c8fe8c25e,CP,adult,1.05,0
69bdec51049c18cf2dd31349,CP,adult,1.05,1
6134e3d48d0eaa5c8fe8c25e,CP,adult,1.333332857142857,1
69bdec51049c18cf2dd31349,CP,adult,1.3333333333333333,1
647869e6f69318bacc341d53,CP,adult,1.025,0
647869e6f69318bacc341d53,CP,adult,1.02,1
647869e6f69318bacc341d53,CP,adult,1.0333333333333334,1
647869e6f69318bacc341d53,CP,adult,1.02,1
647869e6f69318bacc341d53,CP,adult,1.025,1
647869e6f69318bacc341d53,CP,adult,1.02,1
647869e6f69318bacc341d53,CP,adult,1.025,1
647869e6f69318bacc341d53,CP,adult,1.0499999999999998,1
647869e6f69318bacc341d53,CP,adult,1.5,1
647869e6f69318bacc341d53,CP,adult,1.25,1
647869e6f69318bacc341d53,CP,adult,1.333334,1
647869e6f69318bacc341d53,CP,adult,1.25,1
647869e6f69318bacc341d53,CP,adult,1.02,0
647869e6f69318bacc341d53,CP,adult,1.5,1
647869e6f69318bacc341d53,CP,adult,1.02,1
647869e6f69318bacc341d53,CP,adult,1.025,0
647869e6f69318bacc341d53,CP,adult,1.02,1
647869e6f69318bacc341d53,CP,adult,1.0499999999999998,1
647869e6f69318bacc341d53,CP,adult,1.025,1
647869e6f69318bacc341d53,CP,adult,1.0333333333333334,0
647869e6f69318bacc341d53,CP,adult,1.0499999999999998,1
647869e6f69318bacc341d53,CP,adult,1.0333333333333334,0
647869e6f69318bacc341d53,CP,adult,1.0499999999999998,1
647869e6f69318bacc341d53,CP,adult,1.0333333333333334,0
647869e6f69318bacc341d53,CP,adult,1.25,1
647869e6f69318bacc341d53,CP,adult,1.333332857142857,1
647869e6f69318bacc341d53,CP,adult,1.02,1
647869e6f69318bacc341d53,CP,adult,1.0333333333333334,1
647869e6f69318bacc341d53,CP,adult,1.25,1
647869e6f69318bacc341d53,CP,adult,1.25,1
647869e6f69318bacc341d53,CP,adult,1.5,1
647869e6f69318bacc341d53,CP,adult,1.5,1
647869e6f69318bacc341d53,CP,adult,1.05,0
647869e6f69318bacc341d53,CP,adult,1.25,1
647869e6f69318bacc341d53,CP,adult,1.5,1
647869e6f69318bacc341d53,CP,adult,1.0499999999999998,1
647869e6f69318bacc341d53,CP,adult,1.5,1
647869e6f69318bacc341d53,CP,adult,1.3333333333333333,1
647869e6f69318bacc341d53,CP,adult,1.025,1
647869e6f69318bacc341d53,CP,adult,1.033332857142857,0
647869e6f69318bacc341d53,CP,adult,1.5,1
647869e6f69318bacc341d53,CP,adult,1.5,1
647869e6f69318bacc341d53,CP,adult,1.333334,1
647869e6f69318bacc341d53,CP,adult,1.033334,0
647869e6f69318bacc341d53,CP,adult,1.025,1
647869e6f69318bacc341d53,CP,adult,1.333332857142857,1
647869e6f69318bacc341d53,CP,adult,1.0499999999999998,1
647869e6f69318bacc341d53,CP,adult,1.333332857142857,1
647869e6f69318bacc341d53,CP,adult,1.025,1
647869e6f69318bacc341d53,CP,adult,1.5,1
647869e6f69318bacc341d53,CP,adult,1.0499999999999998,1
647869e6f69318bacc341d53,CP,adult,1.025,1
647869e6f69318bacc341d53,CP,adult,1.333332857142857,1
647869e6f69318bacc341d53,CP,adult,1.5,1
647869e6f69318bacc341d53,CP,adult,1.25,1
647869e6f69318bacc341d53,CP,adult,1.02,0
647869e6f69318bacc341d53,CP,adult,1.02,0
647869e6f69318bacc341d53,CP,adult,1.3333333333333333,1
647869e6f69318bacc341d53,CP,adult,1.02,0
647869e6f69318bacc341d53,CP,adult,1.25,1
647869e6f69318bacc341d53,CP,adult,1.0499999999999998,1
647869e6f69318bacc341d53,CP,adult,1.025,0
647869e6f69318bacc341d53,CP,adult,1.25,0
5e5012ec47808406305d6a0d,CP,adult,1.05,1
647869e6f69318bacc341d53,CP,adult,1.25,1
647869e6f69318bacc341d53,CP,adult,1.333334,1
5e5012ec47808406305d6a0d,CP,adult,1.05,1
647869e6f69318bacc341d53,CP,adult,1.3333333333333333,1
5e5012ec47808406305d6a0d,CP,adult,1.0499999999999998,0
647869e6f69318bacc341d53,CP,adult,1.0333333333333334,1
647869e6f69318bacc341d53,CP,adult,1.033332857142857,0
5e5012ec47808406305d6a0d,CP,adult,1.333332857142857,1
647869e6f69318bacc341d53,CP,adult,1.05,0
5e5012ec47808406305d6a0d,CP,adult,1.05,1
647869e6f69318bacc341d53,CP,adult,1.0333333333333334,1
5e5012ec47808406305d6a0d,CP,adult,1.5,1
5e5012ec47808406305d6a0d,CP,adult,1.0333333333333334,1
5e5012ec47808406305d6a0d,CP,adult,1.02,1
5e5012ec47808406305d6a0d,CP,adult,1.025,0
5e5012ec47808406305d6a0d,CP,adult,1.25,1
5e5012ec47808406305d6a0d,CP,adult,1.033334,0
5e5012ec47808406305d6a0d,CP,adult,1.25,0
5e5012ec47808406305d6a0d,CP,adult,1.025,0
5e5012ec47808406305d6a0d,CP,adult,1.3333333333333333,1
5e5012ec47808406305d6a0d,CP,adult,1.0333333333333334,0
5e5012ec47808406305d6a0d,CP,adult,1.033332857142857,1
5e5012ec47808406305d6a0d,CP,adult,1.025,1
5e5012ec47808406305d6a0d,CP,adult,1.05,0
5e5012ec47808406305d6a0d,CP,adult,1.0499999999999998,1
5e5012ec47808406305d6a0d,CP,adult,1.05,1
5e5012ec47808406305d6a0d,CP,adult,1.5,1
5e5012ec47808406305d6a0d,CP,adult,1.3333333333333333,1
5e5012ec47808406305d6a0d,CP,adult,1.25,1
5e5012ec47808406305d6a0d,CP,adult,1.25,1
5e5012ec47808406305d6a0d,CP,adult,1.0333333333333334,1
5e5012ec47808406305d6a0d,CP,adult,1.5,1
5e5012ec47808406305d6a0d,CP,adult,1.02,1
5e5012ec47808406305d6a0d,CP,adult,1.333332857142857,1
5e5012ec47808406305d6a0d,CP,adult,1.333332857142857,1
5e5012ec47808406305d6a0d,CP,adult,1.0499999999999998,0
5e5012ec47808406305d6a0d,CP,adult,1.033334,1
5e5012ec47808406305d6a0d,CP,adult,1.5,1
5e5012ec47808406305d6a0d,CP,adult,1.025,1
5e5012ec47808406305d6a0d,CP,adult,1.25,1
5e5012ec47808406305d6a0d,CP,adult,1.02,1
5e5012ec47808406305d6a0d,CP,adult,1.25,1
5e5012ec47808406305d6a0d,CP,adult,1.02,0
5e5012ec47808406305d6a0d,CP,adult,1.025,0
5e5012ec47808406305d6a0d,CP,adult,1.0333333333333334,1
5e5012ec47808406305d6a0d,CP,adult,1.5,1
5e5012ec47808406305d6a0d,CP,adult,1.0499999999999998,1
5e5012ec47808406305d6a0d,CP,adult,1.333332857142857,1
5e5012ec47808406305d6a0d,CP,adult,1.025,1
5e5012ec47808406305d6a0d,CP,adult,1.25,1
5e5012ec47808406305d6a0d,CP,adult,1.033334,1
5e5012ec47808406305d6a0d,CP,adult,1.025,0
5e5012ec47808406305d6a0d,CP,adult,1.02,1
5e5012ec47808406305d6a0d,CP,adult,1.025,0
5e5012ec47808406305d6a0d,CP,adult,1.02,0
5e5012ec47808406305d6a0d,CP,adult,1.02,0
5e5012ec47808406305d6a0d,CP,adult,1.02,1
5e5012ec47808406305d6a0d,CP,adult,1.033332857142857,1
5e5012ec47808406305d6a0d,CP,adult,1.025,1
5e5012ec47808406305d6a0d,CP,adult,1.333332857142857,1
5e5012ec47808406305d6a0d,CP,adult,1.5,1
5e5012ec47808406305d6a0d,CP,adult,1.025,1
5e5012ec47808406305d6a0d,CP,adult,1.02,0
5e5012ec47808406305d6a0d,CP,adult,1.02,0
5e5012ec47808406305d6a0d,CP,adult,1.05,0
5e5012ec47808406305d6a0d,CP,adult,1.5,1
5e5012ec47808406305d6a0d,CP,adult,1.5,1
5e5012ec47808406305d6a0d,CP,adult,1.333334,1
5e5012ec47808406305d6a0d,CP,adult,1.5,1
5e5012ec47808406305d6a0d,CP,adult,1.333332857142857,1
5e5012ec47808406305d6a0d,CP,adult,1.5,1
5e5012ec47808406305d6a0d,CP,adult,1.25,1
5e5012ec47808406305d6a0d,CP,adult,1.333332857142857,1
5e5012ec47808406305d6a0d,CP,adult,1.0333333333333334,0
5e5012ec47808406305d6a0d,CP,adult,1.25,1
5e5012ec47808406305d6a0d,CP,adult,1.25,1
5ceb00125b78dd0015cb4406,CP,adult,1.333332857142857,1
5ceb00125b78dd0015cb4406,CP,adult,1.02,0
5ceb00125b78dd0015cb4406,CP,adult,1.25,1
5ceb00125b78dd0015cb4406,CP,adult,1.5,1
56158fc67ffc8a0012812589,CP,adult,1.25,1
5ceb00125b78dd0015cb4406,CP,adult,1.0499999999999998,0
56158fc67ffc8a0012812589,CP,adult,1.025,1
5ceb00125b78dd0015cb4406,CP,adult,1.05,1
56158fc67ffc8a0012812589,CP,adult,1.25,1
5ceb00125b78dd0015cb4406,CP,adult,1.5,1
56158fc67ffc8a0012812589,CP,adult,1.25,1
5ceb00125b78dd0015cb4406,CP,adult,1.25,1
5ceb00125b78dd0015cb4406,CP,adult,1.025,0
56158fc67ffc8a0012812589,CP,adult,1.25,0
5ceb00125b78dd0015cb4406,CP,adult,1.02,0
56158fc67ffc8a0012812589,CP,adult,1.333334,1
56158fc67ffc8a0012812589,CP,adult,1.02,1
5ceb00125b78dd0015cb4406,CP,adult,1.02,0
5ceb00125b78dd0015cb4406,CP,adult,1.0333333333333334,1
56158fc67ffc8a0012812589,CP,adult,1.033334,1
5ceb00125b78dd0015cb4406,CP,adult,1.02,1
56158fc67ffc8a0012812589,CP,adult,1.02,1
5ceb00125b78dd0015cb4406,CP,adult,1.25,1
56158fc67ffc8a0012812589,CP,adult,1.5,1
5ceb00125b78dd0015cb4406,CP,adult,1.02,1
56158fc67ffc8a0012812589,CP,adult,1.0499999999999998,1
5ceb00125b78dd0015cb4406,CP,adult,1.333332857142857,1
56158fc67ffc8a0012812589,CP,adult,1.5,1
5ceb00125b78dd0015cb4406,CP,adult,1.033334,0
56158fc67ffc8a0012812589,CP,adult,1.025,1
5ceb00125b78dd0015cb4406,CP,adult,1.025,0
56158fc67ffc8a0012812589,CP,adult,1.05,1
5ceb00125b78dd0015cb4406,CP,adult,1.5,1
5ceb00125b78dd0015cb4406,CP,adult,1.0333333333333334,1
56158fc67ffc8a0012812589,CP,adult,1.025,0
5ceb00125b78dd0015cb4406,CP,adult,1.333334,1
56158fc67ffc8a0012812589,CP,adult,1.0499999999999998,1
5ceb00125b78dd0015cb4406,CP,adult,1.02,0
56158fc67ffc8a0012812589,CP,adult,1.02,1
5ceb00125b78dd0015cb4406,CP,adult,1.333332857142857,1
56158fc67ffc8a0012812589,CP,adult,1.0333333333333334,0
5ceb00125b78dd0015cb4406,CP,adult,1.3333333333333333,1
56158fc67ffc8a0012812589,CP,adult,1.5,1
5ceb00125b78dd0015cb4406,CP,adult,1.0499999999999998,1
56158fc67ffc8a0012812589,CP,adult,1.5,0
5ceb00125b78dd0015cb4406,CP,adult,1.033334,0
5ceb00125b78dd0015cb4406,CP,adult,1.025,0
66aeec26cc2673ace980d19a,CP,adult,1.02,1
56158fc67ffc8a0012812589,CP,adult,1.033334,1
56158fc67ffc8a0012812589,CP,adult,1.025,1
5ceb00125b78dd0015cb4406,CP,adult,1.025,1
66aeec26cc2673ace980d19a,CP,adult,1.5,1
5ceb00125b78dd0015cb4406,CP,adult,1.5,1
56158fc67ffc8a0012812589,CP,adult,1.05,0
66aeec26cc2673ace980d19a,CP,adult,1.02,1
5ceb00125b78dd0015cb4406,CP,adult,1.033334,1
56158fc67ffc8a0012812589,CP,adult,1.02,0
66aeec26cc2673ace980d19a,CP,adult,1.05,1
5ceb00125b78dd0015cb4406,CP,adult,1.5,1
56158fc67ffc8a0012812589,CP,adult,1.025,1
66aeec26cc2673ace980d19a,CP,adult,1.0333333333333334,0
5ceb00125b78dd0015cb4406,CP,adult,1.02,1
56158fc67ffc8a0012812589,CP,adult,1.02,1
5ceb00125b78dd0015cb4406,CP,adult,1.05,0
66aeec26cc2673ace980d19a,CP,adult,1.02,0
56158fc67ffc8a0012812589,CP,adult,1.025,1
5ceb00125b78dd0015cb4406,CP,adult,1.333334,1
66aeec26cc2673ace980d19a,CP,adult,1.0333333333333334,1
56158fc67ffc8a0012812589,CP,adult,1.3333333333333333,0
66aeec26cc2673ace980d19a,CP,adult,1.0333333333333334,0
5ceb00125b78dd0015cb4406,CP,adult,1.025,0
5ceb00125b78dd0015cb4406,CP,adult,1.25,1
66aeec26cc2673ace980d19a,CP,adult,1.025,1
5ceb00125b78dd0015cb4406,CP,adult,1.05,1
56158fc67ffc8a0012812589,CP,adult,1.5,1
56158fc67ffc8a0012812589,CP,adult,1.0499999999999998,1
5ceb00125b78dd0015cb4406,CP,adult,1.25,1
66aeec26cc2673ace980d19a,CP,adult,1.02,1
56158fc67ffc8a0012812589,CP,adult,1.3333333333333333,1
5ceb00125b78dd0015cb4406,CP,adult,1.5,0
66aeec26cc2673ace980d19a,CP,adult,1.0333333333333334,1
56158fc67ffc8a0012812589,CP,adult,1.0333333333333334,1
5ceb00125b78dd0015cb4406,CP,adult,1.033334,0
66aeec26cc2673ace980d19a,CP,adult,1.02,0
56158fc67ffc8a0012812589,CP,adult,1.025,1
5ceb00125b78dd0015cb4406,CP,adult,1.5,0
66aeec26cc2673ace980d19a,CP,adult,1.033332857142857,0
56158fc67ffc8a0012812589,CP,adult,1.033332857142857,1
5ceb00125b78dd0015cb4406,CP,adult,1.05,1
66aeec26cc2673ace980d19a,CP,adult,1.02,1
56158fc67ffc8a0012812589,CP,adult,1.0333333333333334,0
5ceb00125b78dd0015cb4406,CP,adult,1.025,1
66aeec26cc2673ace980d19a,CP,adult,1.0333333333333334,1
56158fc67ffc8a0012812589,CP,adult,1.0333333333333334,0
5ceb00125b78dd0015cb4406,CP,adult,1.5,1
66aeec26cc2673ace980d19a,CP,adult,1.0499999999999998,1
56158fc67ffc8a0012812589,CP,adult,1.02,0
5ceb00125b78dd0015cb4406,CP,adult,1.02,0
66aeec26cc2673ace980d19a,CP,adult,1.02,1
5ceb00125b78dd0015cb4406,CP,adult,1.05,0
56158fc67ffc8a0012812589,CP,adult,1.05,1
66aeec26cc2673ace980d19a,CP,adult,1.5,1
5ceb00125b78dd0015cb4406,CP,adult,1.025,0
61023dfeb1dc1c807d65a987,CP,adult,1.0499999999999998,0
66aeec26cc2673ace980d19a,CP,adult,1.025,1
5ceb00125b78dd0015cb4406,CP,adult,1.033334,0
56158fc67ffc8a0012812589,CP,adult,1.3333333333333333,1
56158fc67ffc8a0012812589,CP,adult,1.02,1
5ceb00125b78dd0015cb4406,CP,adult,1.25,1
66aeec26cc2673ace980d19a,CP,adult,1.025,1
56158fc67ffc8a0012812589,CP,adult,1.25,1
5ceb00125b78dd0015cb4406,CP,adult,1.333332857142857,1
66aeec26cc2673ace980d19a,CP,adult,1.025,1
56158fc67ffc8a0012812589,CP,adult,1.3333333333333333,1
5ceb00125b78dd0015cb4406,CP,adult,1.0333333333333334,0
66aeec26cc2673ace980d19a,CP,adult,1.05,0
56158fc67ffc8a0012812589,CP,adult,1.025,0
5ceb00125b78dd0015cb4406,CP,adult,1.3333333333333333,1
66aeec26cc2673ace980d19a,CP,adult,1.05,0
56158fc67ffc8a0012812589,CP,adult,1.033332857142857,1
5ceb00125b78dd0015cb4406,CP,adult,1.25,1
56158fc67ffc8a0012812589,CP,adult,1.05,1
66aeec26cc2673ace980d19a,CP,adult,1.033332857142857,0
5ceb00125b78dd0015cb4406,CP,adult,1.025,0
61023dfeb1dc1c807d65a987,CP,adult,1.5,1
56158fc67ffc8a0012812589,CP,adult,1.5,1
66aeec26cc2673ace980d19a,CP,adult,1.0333333333333334,0
5ceb00125b78dd0015cb4406,CP,adult,1.5,1
61023dfeb1dc1c807d65a987,CP,adult,1.0499999999999998,0
56158fc67ffc8a0012812589,CP,adult,1.033332857142857,1
5ceb00125b78dd0015cb4406,CP,adult,1.02,1
66aeec26cc2673ace980d19a,CP,adult,1.333334,1
5ceb00125b78dd0015cb4406,CP,adult,1.025,0
56158fc67ffc8a0012812589,CP,adult,1.05,0
66aeec26cc2673ace980d19a,CP,adult,1.25,1
5ceb00125b78dd0015cb4406,CP,adult,1.05,1
61023dfeb1dc1c807d65a987,CP,adult,1.05,1
56158fc67ffc8a0012812589,CP,adult,1.025,0
5ceb00125b78dd0015cb4406,CP,adult,1.25,1
66aeec26cc2673ace980d19a,CP,adult,1.05,1
56158fc67ffc8a0012812589,CP,adult,1.333334,1
5ceb00125b78dd0015cb4406,CP,adult,1.033332857142857,1
61023dfeb1dc1c807d65a987,CP,adult,1.5,1
66aeec26cc2673ace980d19a,CP,adult,1.05,1
56158fc67ffc8a0012812589,CP,adult,1.02,0
5ceb00125b78dd0015cb4406,CP,adult,1.25,1
61023dfeb1dc1c807d65a987,CP,adult,1.0499999999999998,1
66aeec26cc2673ace980d19a,CP,adult,1.25,1
5ceb00125b78dd0015cb4406,CP,adult,1.02,0
61023dfeb1dc1c807d65a987,CP,adult,1.0499999999999998,0
56158fc67ffc8a0012812589,CP,adult,1.333332857142857,1
66aeec26cc2673ace980d19a,CP,adult,1.033334,0
5ceb00125b78dd0015cb4406,CP,adult,1.333334,1
61023dfeb1dc1c807d65a987,CP,adult,1.0499999999999998,1
66aeec26cc2673ace980d19a,CP,adult,1.3333333333333333,1
56158fc67ffc8a0012812589,CP,adult,1.5,1
5ceb00125b78dd0015cb4406,CP,adult,1.333332857142857,0
61023dfeb1dc1c807d65a987,CP,adult,1.5,1
56158fc67ffc8a0012812589,CP,adult,1.025,0
66aeec26cc2673ace980d19a,CP,adult,1.025,1
5ceb00125b78dd0015cb4406,CP,adult,1.5,1
61023dfeb1dc1c807d65a987,CP,adult,1.5,1
66aeec26cc2673ace980d19a,CP,adult,1.5,1
56158fc67ffc8a0012812589,CP,adult,1.05,0
5ceb00125b78dd0015cb4406,CP,adult,1.05,0
61023dfeb1dc1c807d65a987,CP,adult,1.5,0
66aeec26cc2673ace980d19a,CP,adult,1.333334,1
56158fc67ffc8a0012812589,CP,adult,1.02,1
61023dfeb1dc1c807d65a987,CP,adult,1.02,0
5ceb00125b78dd0015cb4406,CP,adult,1.05,0
5ceb00125b78dd0015cb4406,CP,adult,1.025,0
66aeec26cc2673ace980d19a,CP,adult,1.5,1
56158fc67ffc8a0012812589,CP,adult,1.02,1
61023dfeb1dc1c807d65a987,CP,adult,1.0499999999999998,1
66aeec26cc2673ace980d19a,CP,adult,1.02,1
56158fc67ffc8a0012812589,CP,adult,1.5,1
5ceb00125b78dd0015cb4406,CP,adult,1.033332857142857,1
61023dfeb1dc1c807d65a987,CP,adult,1.02,0
5ceb00125b78dd0015cb4406,CP,adult,1.25,1
66aeec26cc2673ace980d19a,CP,adult,1.333334,1
56158fc67ffc8a0012812589,CP,adult,1.25,1
61023dfeb1dc1c807d65a987,CP,adult,1.5,1
66aeec26cc2673ace980d19a,CP,adult,1.5,1
61023dfeb1dc1c807d65a987,CP,adult,1.0499999999999998,1
56158fc67ffc8a0012812589,CP,adult,1.5,1
66aeec26cc2673ace980d19a,CP,adult,1.333332857142857,1
61023dfeb1dc1c807d65a987,CP,adult,1.25,1
56158fc67ffc8a0012812589,CP,adult,1.333334,1
66aeec26cc2673ace980d19a,CP,adult,1.025,1
61023dfeb1dc1c807d65a987,CP,adult,1.25,1
56158fc67ffc8a0012812589,CP,adult,1.333334,1
66aeec26cc2673ace980d19a,CP,adult,1.0499999999999998,0
61023dfeb1dc1c807d65a987,CP,adult,1.25,1
56158fc67ffc8a0012812589,CP,adult,1.25,1
66aeec26cc2673ace980d19a,CP,adult,1.5,0
61023dfeb1dc1c807d65a987,CP,adult,1.25,1
56158fc67ffc8a0012812589,CP,adult,1.05,1
66aeec26cc2673ace980d19a,CP,adult,1.25,1
61023dfeb1dc1c807d65a987,CP,adult,1.25,1
56158fc67ffc8a0012812589,CP,adult,1.25,0
66aeec26cc2673ace980d19a,CP,adult,1.033332857142857,1
61023dfeb1dc1c807d65a987,CP,adult,1.25,0
56158fc67ffc8a0012812589,CP,adult,1.5,1
66aeec26cc2673ace980d19a,CP,adult,1.05,1
61023dfeb1dc1c807d65a987,CP,adult,1.02,0
66aeec26cc2673ace980d19a,CP,adult,1.25,1
61023dfeb1dc1c807d65a987,CP,adult,1.25,1
66aeec26cc2673ace980d19a,CP,adult,1.02,1
61023dfeb1dc1c807d65a987,CP,adult,1.0333333333333334,0
56158fc67ffc8a0012812589,CP,adult,1.25,1
61023dfeb1dc1c807d65a987,CP,adult,1.033334,1
56158fc67ffc8a0012812589,CP,adult,1.333334,1
66aeec26cc2673ace980d19a,CP,adult,1.25,0
56158fc67ffc8a0012812589,CP,adult,1.25,1
61023dfeb1dc1c807d65a987,CP,adult,1.25,1
56158fc67ffc8a0012812589,CP,adult,1.033334,1
66aeec26cc2673ace980d19a,CP,adult,1.02,1
61023dfeb1dc1c807d65a987,CP,adult,1.025,0
66aeec26cc2673ace980d19a,CP,adult,1.025,1
61023dfeb1dc1c807d65a987,CP,adult,1.25,0
66aeec26cc2673ace980d19a,CP,adult,1.25,1
61023dfeb1dc1c807d65a987,CP,adult,1.3333333333333333,1
66aeec26cc2673ace980d19a,CP,adult,1.3333333333333333,1
61023dfeb1dc1c807d65a987,CP,adult,1.025,0
66aeec26cc2673ace980d19a,CP,adult,1.025,0
61023dfeb1dc1c807d65a987,CP,adult,1.033334,1
66aeec26cc2673ace980d19a,CP,adult,1.333334,1
61023dfeb1dc1c807d65a987,CP,adult,1.3333333333333333,1
66aeec26cc2673ace980d19a,CP,adult,1.5,1
61023dfeb1dc1c807d65a987,CP,adult,1.02,0
66aeec26cc2673ace980d19a,CP,adult,1.05,0
61023dfeb1dc1c807d65a987,CP,adult,1.025,0
66aeec26cc2673ace980d19a,CP,adult,1.025,1
61023dfeb1dc1c807d65a987,CP,adult,1.333332857142857,1
66aeec26cc2673ace980d19a,CP,adult,1.3333333333333333,0
61023dfeb1dc1c807d65a987,CP,adult,1.333332857142857,1
66aeec26cc2673ace980d19a,CP,adult,1.25,1
61023dfeb1dc1c807d65a987,CP,adult,1.5,1
61023dfeb1dc1c807d65a987,CP,adult,1.025,1
66aeec26cc2673ace980d19a,CP,adult,1.25,1
61023dfeb1dc1c807d65a987,CP,adult,1.025,1
66aeec26cc2673ace980d19a,CP,adult,1.5,1
61023dfeb1dc1c807d65a987,CP,adult,1.033334,1
66aeec26cc2673ace980d19a,CP,adult,1.025,1
61023dfeb1dc1c807d65a987,CP,adult,1.033332857142857,0
66aeec26cc2673ace980d19a,CP,adult,1.5,1
61023dfeb1dc1c807d65a987,CP,adult,1.025,0
66aeec26cc2673ace980d19a,CP,adult,1.5,1
61023dfeb1dc1c807d65a987,CP,adult,1.02,0
61023dfeb1dc1c807d65a987,CP,adult,1.025,1
66aeec26cc2673ace980d19a,CP,adult,1.05,1
61023dfeb1dc1c807d65a987,CP,adult,1.5,1
66aeec26cc2673ace980d19a,CP,adult,1.25,1
61023dfeb1dc1c807d65a987,CP,adult,1.02,1
66aeec26cc2673ace980d19a,CP,adult,1.25,1
61023dfeb1dc1c807d65a987,CP,adult,1.02,1
66aeec26cc2673ace980d19a,CP,adult,1.333334,1
61023dfeb1dc1c807d65a987,CP,adult,1.333334,1
66aeec26cc2673ace980d19a,CP,adult,1.3333333333333333,1
61023dfeb1dc1c807d65a987,CP,adult,1.033332857142857,1
61023dfeb1dc1c807d65a987,CP,adult,1.033332857142857,0
61023dfeb1dc1c807d65a987,CP,adult,1.02,1
61023dfeb1dc1c807d65a987,CP,adult,1.025,0
61023dfeb1dc1c807d65a987,CP,adult,1.5,1
61023dfeb1dc1c807d65a987,CP,adult,1.02,1
61023dfeb1dc1c807d65a987,CP,adult,1.5,1
61023dfeb1dc1c807d65a987,CP,adult,1.25,1
61023dfeb1dc1c807d65a987,CP,adult,1.333332857142857,1
61023dfeb1dc1c807d65a987,CP,adult,1.3333333333333333,1
61023dfeb1dc1c807d65a987,CP,adult,1.333334,1
61023dfeb1dc1c807d65a987,CP,adult,1.333334,1
61023dfeb1dc1c807d65a987,CP,adult,1.02,1
61023dfeb1dc1c807d65a987,CP,adult,1.0499999999999998,1
61023dfeb1dc1c807d65a987,CP,adult,1.333334,1
61023dfeb1dc1c807d65a987,CP,adult,1.033334,1
61023dfeb1dc1c807d65a987,CP,adult,1.025,0
5f9556e826384e3aaa4f0f01,CP,adult,1.25,1
61023dfeb1dc1c807d65a987,CP,adult,1.033334,0
61023dfeb1dc1c807d65a987,CP,adult,1.0499999999999998,0
5f9556e826384e3aaa4f0f01,CP,adult,1.033332857142857,0
61023dfeb1dc1c807d65a987,CP,adult,1.033334,1
5f9556e826384e3aaa4f0f01,CP,adult,1.3333333333333333,1
61023dfeb1dc1c807d65a987,CP,adult,1.025,0
5f9556e826384e3aaa4f0f01,CP,adult,1.025,0
5f9556e826384e3aaa4f0f01,CP,adult,1.033332857142857,0
5f9556e826384e3aaa4f0f01,CP,adult,1.02,1
5f9556e826384e3aaa4f0f01,CP,adult,1.025,0
5f9556e826384e3aaa4f0f01,CP,adult,1.5,1
5f9556e826384e3aaa4f0f01,CP,adult,1.333334,1
5f9556e826384e3aaa4f0f01,CP,adult,1.5,1
5f9556e826384e3aaa4f0f01,CP,adult,1.0499999999999998,0
5f9556e826384e3aaa4f0f01,CP,adult,1.05,0
5f9556e826384e3aaa4f0f01,CP,adult,1.5,1
5f9556e826384e3aaa4f0f01,CP,adult,1.5,1
5f9556e826384e3aaa4f0f01,CP,adult,1.05,1
5f9556e826384e3aaa4f0f01,CP,adult,1.3333333333333333,1
5f9556e826384e3aaa4f0f01,CP,adult,1.25,1
5f9556e826384e3aaa4f0f01,CP,adult,1.025,1
5f9556e826384e3aaa4f0f01,CP,adult,1.0499999999999998,0
5f9556e826384e3aaa4f0f01,CP,adult,1.02,0
5f9556e826384e3aaa4f0f01,CP,adult,1.05,0
5f9556e826384e3aaa4f0f01,CP,adult,1.02,0
5f9556e826384e3aaa4f0f01,CP,adult,1.5,1
5f9556e826384e3aaa4f0f01,CP,adult,1.05,0
5f9556e826384e3aaa4f0f01,CP,adult,1.333334,1
5f9556e826384e3aaa4f0f01,CP,adult,1.5,1
5f9556e826384e3aaa4f0f01,CP,adult,1.05,1
5f9556e826384e3aaa4f0f01,CP,adult,1.333334,1
5f9556e826384e3aaa4f0f01,CP,adult,1.02,1
5a9fa90f873cda00010d29d8,CP,adult,1.0333333333333334,0
5f9556e826384e3aaa4f0f01,CP,adult,1.02,1
5a9fa90f873cda00010d29d8,CP,adult,1.025,1
5f9556e826384e3aaa4f0f01,CP,adult,1.0499999999999998,1
5a9fa90f873cda00010d29d8,CP,adult,1.025,1
5f9556e826384e3aaa4f0f01,CP,adult,1.25,1
5a9fa90f873cda00010d29d8,CP,adult,1.033332857142857,1
5f9556e826384e3aaa4f0f01,CP,adult,1.333334,1
5a9fa90f873cda00010d29d8,CP,adult,1.025,0
5f9556e826384e3aaa4f0f01,CP,adult,1.025,1
5a9fa90f873cda00010d29d8,CP,adult,1.02,1
5f9556e826384e3aaa4f0f01,CP,adult,1.25,1
5a9fa90f873cda00010d29d8,CP,adult,1.0499999999999998,1
5a9fa90f873cda00010d29d8,CP,adult,1.25,1
5f9556e826384e3aaa4f0f01,CP,adult,1.033334,0
5f9556e826384e3aaa4f0f01,CP,adult,1.02,1
5a9fa90f873cda00010d29d8,CP,adult,1.0499999999999998,1
5a9fa90f873cda00010d29d8,CP,adult,1.25,1
5f9556e826384e3aaa4f0f01,CP,adult,1.033334,1
5a9fa90f873cda00010d29d8,CP,adult,1.25,0
5f9556e826384e3aaa4f0f01,CP,adult,1.05,1
5a9fa90f873cda00010d29d8,CP,adult,1.25,0
5f9556e826384e3aaa4f0f01,CP,adult,1.25,1
5a9fa90f873cda00010d29d8,CP,adult,1.5,0
5f9556e826384e3aaa4f0f01,CP,adult,1.025,1
5a9fa90f873cda00010d29d8,CP,adult,1.05,0
5f9556e826384e3aaa4f0f01,CP,adult,1.025,0
5a9fa90f873cda00010d29d8,CP,adult,1.033332857142857,1
5a9fa90f873cda00010d29d8,CP,adult,1.02,0
5f9556e826384e3aaa4f0f01,CP,adult,1.05,1
5a9fa90f873cda00010d29d8,CP,adult,1.333334,1
5f9556e826384e3aaa4f0f01,CP,adult,1.25,1
5a9fa90f873cda00010d29d8,CP,adult,1.5,1
5f9556e826384e3aaa4f0f01,CP,adult,1.033334,1
5a9fa90f873cda00010d29d8,CP,adult,1.333332857142857,0
5a9fa90f873cda00010d29d8,CP,adult,1.25,0
5f9556e826384e3aaa4f0f01,CP,adult,1.033332857142857,0
5a9fa90f873cda00010d29d8,CP,adult,1.02,0
5f9556e826384e3aaa4f0f01,CP,adult,1.333334,1
5a9fa90f873cda00010d29d8,CP,adult,1.333332857142857,0
5a9fa90f873cda00010d29d8,CP,adult,1.02,1
5f9556e826384e3aaa4f0f01,CP,adult,1.025,1
5a9fa90f873cda00010d29d8,CP,adult,1.033332857142857,0
5f9556e826384e3aaa4f0f01,CP,adult,1.02,0
5a9fa90f873cda00010d29d8,CP,adult,1.0333333333333334,0
5a9fa90f873cda00010d29d8,CP,adult,1.3333333333333333,1
5f9556e826384e3aaa4f0f01,CP,adult,1.02,1
5a9fa90f873cda00010d29d8,CP,adult,1.0499999999999998,1
5f9556e826384e3aaa4f0f01,CP,adult,1.3333333333333333,1
5a9fa90f873cda00010d29d8,CP,adult,1.5,0
5f9556e826384e3aaa4f0f01,CP,adult,1.0333333333333334,0
5a9fa90f873cda00010d29d8,CP,adult,1.02,1
5a9fa90f873cda00010d29d8,CP,adult,1.3333333333333333,0
5f9556e826384e3aaa4f0f01,CP,adult,1.5,1
5a9fa90f873cda00010d29d8,CP,adult,1.5,0
5f9556e826384e3aaa4f0f01,CP,adult,1.02,1
5a9fa90f873cda00010d29d8,CP,adult,1.5,1
5f9556e826384e3aaa4f0f01,CP,adult,1.025,1
5a9fa90f873cda00010d29d8,CP,adult,1.3333333333333333,0
5a9fa90f873cda00010d29d8,CP,adult,1.25,0
5f9556e826384e3aaa4f0f01,CP,adult,1.033332857142857,1
5a9fa90f873cda00010d29d8,CP,adult,1.3333333333333333,1
5f9556e826384e3aaa4f0f01,CP,adult,1.0333333333333334,0
5a9fa90f873cda00010d29d8,CP,adult,1.033334,0
5a9fa90f873cda00010d29d8,CP,adult,1.3333333333333333,0
5f9556e826384e3aaa4f0f01,CP,adult,1.25,0
5a9fa90f873cda00010d29d8,CP,adult,1.5,1
5f9556e826384e3aaa4f0f01,CP,adult,1.5,1
5a9fa90f873cda00010d29d8,CP,adult,1.02,1
5f9556e826384e3aaa4f0f01,CP,adult,1.3333333333333333,1
5a9fa90f873cda00010d29d8,CP,adult,1.25,1
5f9556e826384e3aaa4f0f01,CP,adult,1.25,1
5a9fa90f873cda00010d29d8,CP,adult,1.025,0
5f9556e826384e3aaa4f0f01,CP,adult,1.5,1
5a9fa90f873cda00010d29d8,CP,adult,1.5,1
5a9fa90f873cda00010d29d8,CP,adult,1.0499999999999998,0
5f9556e826384e3aaa4f0f01,CP,adult,1.333334,1
5a9fa90f873cda00010d29d8,CP,adult,1.05,0
5f9556e826384e3aaa4f0f01,CP,adult,1.02,0
5a9fa90f873cda00010d29d8,CP,adult,1.05,1
5f9556e826384e3aaa4f0f01,CP,adult,1.25,1
5a9fa90f873cda00010d29d8,CP,adult,1.333332857142857,0
5f9556e826384e3aaa4f0f01,CP,adult,1.025,1
5a9fa90f873cda00010d29d8,CP,adult,1.05,1
5f9556e826384e3aaa4f0f01,CP,adult,1.025,1
5a9fa90f873cda00010d29d8,CP,adult,1.02,1
5a9fa90f873cda00010d29d8,CP,adult,1.5,1
5f9556e826384e3aaa4f0f01,CP,adult,1.25,1
5a9fa90f873cda00010d29d8,CP,adult,1.5,1
5f9556e826384e3aaa4f0f01,CP,adult,1.033332857142857,0
5a9fa90f873cda00010d29d8,CP,adult,1.25,0
5f9556e826384e3aaa4f0f01,CP,adult,1.5,1
5a9fa90f873cda00010d29d8,CP,adult,1.5,0
5a9fa90f873cda00010d29d8,CP,adult,1.025,1
5a9fa90f873cda00010d29d8,CP,adult,1.02,1
5a9fa90f873cda00010d29d8,CP,adult,1.25,0
5a9fa90f873cda00010d29d8,CP,adult,1.25,0
5a9fa90f873cda00010d29d8,CP,adult,1.033332857142857,1
5a9fa90f873cda00010d29d8,CP,adult,1.025,1
5a9fa90f873cda00010d29d8,CP,adult,1.333334,1
5a9fa90f873cda00010d29d8,CP,adult,1.0333333333333334,0
6342679e9890a58b5f8d2965,CP,adult,1.05,1
5a9fa90f873cda00010d29d8,CP,adult,1.025,1
5a9fa90f873cda00010d29d8,CP,adult,1.025,1
6342679e9890a58b5f8d2965,CP,adult,1.02,0
5a9fa90f873cda00010d29d8,CP,adult,1.0499999999999998,1
6342679e9890a58b5f8d2965,CP,adult,1.5,1
5a9fa90f873cda00010d29d8,CP,adult,1.02,0
6342679e9890a58b5f8d2965,CP,adult,1.033332857142857,0
5a9fa90f873cda00010d29d8,CP,adult,1.02,0
5a9fa90f873cda00010d29d8,CP,adult,1.033334,1
6342679e9890a58b5f8d2965,CP,adult,1.02,1
5a9fa90f873cda00010d29d8,CP,adult,1.05,1
6342679e9890a58b5f8d2965,CP,adult,1.5,1
5a9fa90f873cda00010d29d8,CP,adult,1.0333333333333334,0
6342679e9890a58b5f8d2965,CP,adult,1.0499999999999998,0
5a9fa90f873cda00010d29d8,CP,adult,1.025,1
6342679e9890a58b5f8d2965,CP,adult,1.3333333333333333,1
5a9fa90f873cda00010d29d8,CP,adult,1.025,0
6342679e9890a58b5f8d2965,CP,adult,1.0499999999999998,0
6342679e9890a58b5f8d2965,CP,adult,1.033332857142857,0
6342679e9890a58b5f8d2965,CP,adult,1.25,0
6342679e9890a58b5f8d2965,CP,adult,1.025,0
6342679e9890a58b5f8d2965,CP,adult,1.025,0
6342679e9890a58b5f8d2965,CP,adult,1.033334,1
6342679e9890a58b5f8d2965,CP,adult,1.25,1
6342679e9890a58b5f8d2965,CP,adult,1.025,0
6342679e9890a58b5f8d2965,CP,adult,1.5,1
6342679e9890a58b5f8d2965,CP,adult,1.025,0
6342679e9890a58b5f8d2965,CP,adult,1.05,1
6342679e9890a58b5f8d2965,CP,adult,1.025,0
6342679e9890a58b5f8d2965,CP,adult,1.025,1
6342679e9890a58b5f8d2965,CP,adult,1.333334,1
6786abc3a98055356d70eb64,CP,adult,1.025,0
6786abc3a98055356d70eb64,CP,adult,1.0333333333333334,1
6786abc3a98055356d70eb64,CP,adult,1.033334,0
6786abc3a98055356d70eb64,CP,adult,1.033332857142857,1
6786abc3a98055356d70eb64,CP,adult,1.5,1
6786abc3a98055356d70eb64,CP,adult,1.02,0
6786abc3a98055356d70eb64,CP,adult,1.033332857142857,1
6786abc3a98055356d70eb64,CP,adult,1.02,1
6786abc3a98055356d70eb64,CP,adult,1.05,1
